solid "90reorientadoBH_Faca_Zona_de_Trabalho_Escala_1.2"
  facet normal -0.0033524571918 0.20418047905 -0.9789275527
    outer loop
      vertex -1.51654994488 52.7580986023 39.366355896
      vertex -1.57090938091 52.9887428284 38.2596626282
      vertex -2.01281905174 52.9873008728 38.2593154907
    endloop
  endfacet
  facet normal -0.961028635502 0.0500596314669 -0.271878600121
    outer loop
      vertex 0.434667527676 54.6855506897 37.4121208191
      vertex 0.559360444546 54.8995628357 38.6436080933
      vertex 0.558347642422 55.109500885 37.4839820862
    endloop
  endfacet
  facet normal -0.18670719862 0.183388084173 -0.965147256851
    outer loop
      vertex -1.13674914837 53.069644928 38.2759056091
      vertex -1.6145991087 53.1895065308 37.1585884094
      vertex -1.57090938091 52.9887428284 38.2596626282
    endloop
  endfacet
  facet normal -0.207562804222 0.209340974689 -0.955559551716
    outer loop
      vertex -1.09085452557 52.8462142944 39.3862228394
      vertex -1.57090938091 52.9887428284 38.2596626282
      vertex -1.51654994488 52.7580986023 39.366355896
    endloop
  endfacet
  facet normal -0.961948513985 0.0507438331842 -0.26847743988
    outer loop
      vertex 0.434667527676 54.6855506897 37.4121208191
      vertex 0.438600480556 54.4827156067 38.559841156
      vertex 0.559360444546 54.8995628357 38.6436080933
    endloop
  endfacet
  facet normal -0.186710849404 0.2012180686 -0.961587429047
    outer loop
      vertex -1.09085452557 52.8462142944 39.3862228394
      vertex -1.13674914837 53.069644928 38.2759056091
      vertex -1.57090938091 52.9887428284 38.2596626282
    endloop
  endfacet
  facet normal -0.961949527264 0.0565501116216 -0.26731094718
    outer loop
      vertex 0.438600480556 54.4827156067 38.559841156
      vertex 0.560552537441 54.6602630615 39.7950515747
      vertex 0.559360444546 54.8995628357 38.6436080933
    endloop
  endfacet
  facet normal -0.893066763878 0.0812666863203 -0.442524045706
    outer loop
      vertex 0.233442276716 54.2917137146 37.3453636169
      vertex 0.438600480556 54.4827156067 38.559841156
      vertex 0.434667527676 54.6855506897 37.4121208191
    endloop
  endfacet
  facet normal -0.363733440638 0.173536226153 -0.915195703506
    outer loop
      vertex -0.72500026226 53.2272949219 38.3075180054
      vertex -1.17370402813 53.2644119263 37.1712760925
      vertex -1.13674914837 53.069644928 38.2759056091
    endloop
  endfacet
  facet normal -0.380811721087 0.197514176369 -0.903310894966
    outer loop
      vertex -0.688522279263 53.0078544617 39.4226875305
      vertex -1.13674914837 53.069644928 38.2759056091
      vertex -1.09085452557 52.8462142944 39.3862228394
    endloop
  endfacet
  facet normal -0.963158249855 0.0573243498802 -0.262754768133
    outer loop
      vertex 0.438600480556 54.4827156067 38.559841156
      vertex 0.44354814291 54.2514686584 39.7029266357
      vertex 0.560552537441 54.6602630615 39.7950515747
    endloop
  endfacet
  facet normal -0.895662605762 0.0825737938285 -0.437001168728
    outer loop
      vertex 0.233442276716 54.2917137146 37.3453636169
      vertex 0.242084473372 54.0946846008 38.4818344116
      vertex 0.438600480556 54.4827156067 38.559841156
    endloop
  endfacet
  facet normal -0.363738298416 0.191290155053 -0.911648273468
    outer loop
      vertex -0.688522279263 53.0078544617 39.4226875305
      vertex -0.72500026226 53.2272949219 38.3075180054
      vertex -1.13674914837 53.069644928 38.2759056091
    endloop
  endfacet
  facet normal -0.895666182041 0.0919033288956 -0.43512737751
    outer loop
      vertex 0.242084473372 54.0946846008 38.4818344116
      vertex 0.44354814291 54.2514686584 39.7029266357
      vertex 0.438600480556 54.4827156067 38.559841156
    endloop
  endfacet
  facet normal -0.794031322002 0.109695471823 -0.597897291183
    outer loop
      vertex -0.0385932847857 53.9413337708 37.285987854
      vertex 0.242084473372 54.0946846008 38.4818344116
      vertex 0.233442276716 54.2917137146 37.3453636169
    endloop
  endfacet
  facet normal -0.528242111206 0.157937481999 -0.834275722504
    outer loop
      vertex -0.349849671125 53.456111908 38.3535728455
      vertex -0.754564225674 53.4187431335 37.1973495483
      vertex -0.72500026226 53.2272949219 38.3075180054
    endloop
  endfacet
  facet normal -0.541807115078 0.179307639599 -0.82115393877
    outer loop
      vertex -0.322788208723 53.2378578186 39.4744873047
      vertex -0.72500026226 53.2272949219 38.3075180054
      vertex -0.688522279263 53.0078544617 39.4226875305
    endloop
  endfacet
  facet normal -0.898721396923 0.0932598114014 -0.428488522768
    outer loop
      vertex 0.242084473372 54.0946846008 38.4818344116
      vertex 0.252754181623 53.8699989319 39.6169815063
      vertex 0.44354814291 54.2514686584 39.7029266357
    endloop
  endfacet
  facet normal -0.798813283443 0.111686900258 -0.591120421886
    outer loop
      vertex -0.0385932847857 53.9413337708 37.285987854
      vertex -0.0236930809915 53.748664856 38.4122848511
      vertex 0.242084473372 54.0946846008 38.4818344116
    endloop
  endfacet
  facet normal -0.517465114594 0.153923735023 -0.84174656868
    outer loop
      vertex -0.349849671125 53.456111908 38.3535728455
      vertex -0.371784180403 53.6469764709 37.2360687256
      vertex -0.754564225674 53.4187431335 37.1973495483
    endloop
  endfacet
  facet normal -0.52825397253 0.174547657371 -0.830951809883
    outer loop
      vertex -0.322788208723 53.2378578186 39.4744873047
      vertex -0.349849671125 53.456111908 38.3535728455
      vertex -0.72500026226 53.2272949219 38.3075180054
    endloop
  endfacet
  facet normal -0.798820257187 0.1240215078 -0.58864659071
    outer loop
      vertex -0.0236930809915 53.748664856 38.4122848511
      vertex 0.252754181623 53.8699989319 39.6169815063
      vertex 0.242084473372 54.0946846008 38.4818344116
    endloop
  endfacet
  facet normal -0.674975812435 0.13707472384 -0.72499525547
    outer loop
      vertex -0.0236930809915 53.748664856 38.4122848511
      vertex -0.371784180403 53.6469764709 37.2360687256
      vertex -0.349849671125 53.456111908 38.3535728455
    endloop
  endfacet
  facet normal -0.684276521206 0.155251562595 -0.712504446507
    outer loop
      vertex -0.00545310927555 53.5283622742 39.5399246216
      vertex -0.349849671125 53.456111908 38.3535728455
      vertex -0.322788208723 53.2378578186 39.4744873047
    endloop
  endfacet
  facet normal -0.804882347584 0.126299738884 -0.579838573933
    outer loop
      vertex -0.0236930809915 53.748664856 38.4122848511
      vertex -0.00545310927555 53.5283622742 39.5399246216
      vertex 0.252754181623 53.8699989319 39.6169815063
    endloop
  endfacet
  facet normal -0.674982607365 0.151974454522 -0.722012639046
    outer loop
      vertex -0.349849671125 53.456111908 38.3535728455
      vertex -0.00545310927555 53.5283622742 39.5399246216
      vertex -0.0236930809915 53.748664856 38.4122848511
    endloop
  endfacet
  facet normal 0.219675034285 0.0927120894194 -0.971157729626
    outer loop
      vertex -2.1046693325 53.4179840088 35.6650123596
      vertex -2.55885672569 53.6465873718 34.3465690613
      vertex -2.54580283165 53.5166511536 35.6767158508
    endloop
  endfacet
  facet normal 0.0258895289153 0.133113577962 -0.990762591362
    outer loop
      vertex -1.63689219952 53.3055953979 36.4105453491
      vertex -2.1046693325 53.4179840088 35.6650123596
      vertex -2.08684706688 53.3171310425 36.4121932983
    endloop
  endfacet
  facet normal 0.219693392515 0.132932662964 -0.966469705105
    outer loop
      vertex -2.52130675316 53.3839149475 36.601272583
      vertex -2.1046693325 53.4179840088 35.6650123596
      vertex -2.54580283165 53.5166511536 35.6767158508
    endloop
  endfacet
  facet normal 0.204132139683 0.12616468966 -0.970779359341
    outer loop
      vertex -2.52130675316 53.3839149475 36.601272583
      vertex -2.08684706688 53.3171310425 36.4121932983
      vertex -2.1046693325 53.4179840088 35.6650123596
    endloop
  endfacet
  facet normal 0.015840895474 0.158775791526 -0.987187564373
    outer loop
      vertex -1.6145991087 53.1895065308 37.1585884094
      vertex -2.08684706688 53.3171310425 36.4121932983
      vertex -2.06193327904 53.1965103149 37.1596755981
    endloop
  endfacet
  facet normal 0.218682095408 0.16264654696 -0.962145626545
    outer loop
      vertex -2.48506712914 53.219455719 37.5254173279
      vertex -2.08684706688 53.3171310425 36.4121932983
      vertex -2.52130675316 53.3839149475 36.601272583
    endloop
  endfacet
  facet normal 0.0158358048648 0.178746491671 -0.983767688274
    outer loop
      vertex -1.57090938091 52.9887428284 38.2596626282
      vertex -1.6145991087 53.1895065308 37.1585884094
      vertex -2.06193327904 53.1965103149 37.1596755981
    endloop
  endfacet
  facet normal 0.182924538851 0.150677204132 -0.971511721611
    outer loop
      vertex -2.48506712914 53.219455719 37.5254173279
      vertex -2.06193327904 53.1965103149 37.1596755981
      vertex -2.08684706688 53.3171310425 36.4121932983
    endloop
  endfacet
  facet normal 0.163578644395 0.238267347217 -0.957324743271
    outer loop
      vertex -2.99540114403 52.2250366211 42.2037124634
      vertex -2.1513402462 51.9916381836 42.5620079041
      vertex -2.2316262722 52.2715034485 41.4926681519
    endloop
  endfacet
  facet normal -0.00335014238954 0.187042400241 -0.982346117496
    outer loop
      vertex -1.57090938091 52.9887428284 38.2596626282
      vertex -2.06193327904 53.1965103149 37.1596755981
      vertex -2.01281905174 52.9873008728 38.2593154907
    endloop
  endfacet
  facet normal 0.214882552624 0.188480228186 -0.958280086517
    outer loop
      vertex -2.43791937828 53.026889801 38.4507141113
      vertex -2.06193327904 53.1965103149 37.1596755981
      vertex -2.48506712914 53.219455719 37.5254173279
    endloop
  endfacet
  facet normal 0.183133110404 0.258691430092 -0.948441326618
    outer loop
      vertex -2.99540114403 52.2250366211 42.2037124634
      vertex -2.2316262722 52.2715034485 41.4926681519
      vertex -2.99551916122 52.6548118591 40.6281089783
    endloop
  endfacet
  facet normal 0.169911548495 0.176852315664 -0.969460308552
    outer loop
      vertex -2.43791937828 53.026889801 38.4507141113
      vertex -2.01281905174 52.9873008728 38.2593154907
      vertex -2.06193327904 53.1965103149 37.1596755981
    endloop
  endfacet
  facet normal 0.214147374034 0.231521502137 -0.948967158794
    outer loop
      vertex -2.2316262722 52.2715034485 41.4926681519
      vertex -2.30923247337 52.5477638245 40.4321022034
      vertex -2.99551916122 52.6548118591 40.6281089783
    endloop
  endfacet
  facet normal -0.0275735203177 0.214501515031 -0.976334393024
    outer loop
      vertex -1.51654994488 52.7580986023 39.366355896
      vertex -2.01281905174 52.9873008728 38.2593154907
      vertex -1.95154547691 52.7463874817 39.3637466431
    endloop
  endfacet
  facet normal 0.184649601579 0.211592972279 -0.959756731987
    outer loop
      vertex -2.38147330284 52.8115081787 39.3783950806
      vertex -2.01281905174 52.9873008728 38.2593154907
      vertex -2.43791937828 53.026889801 38.4507141113
    endloop
  endfacet
  facet normal 0.174713760614 0.236204430461 -0.955867469311
    outer loop
      vertex -2.2316262722 52.2715034485 41.4926681519
      vertex -1.95154547691 52.7463874817 39.3637466431
      vertex -2.30923247337 52.5477638245 40.4321022034
    endloop
  endfacet
  facet normal 0.153402119875 0.20246835053 -0.967199206352
    outer loop
      vertex -2.38147330284 52.8115081787 39.3783950806
      vertex -1.95154547691 52.7463874817 39.3637466431
      vertex -2.01281905174 52.9873008728 38.2593154907
    endloop
  endfacet
  facet normal 0.153404727578 0.230027571321 -0.961017310619
    outer loop
      vertex -2.30923247337 52.5477638245 40.4321022034
      vertex -1.95154547691 52.7463874817 39.3637466431
      vertex -2.38147330284 52.8115081787 39.3783950806
    endloop
  endfacet
  facet normal 0.02248044312 0.00275482027791 -0.999743461609
    outer loop
      vertex -2.99641394615 52.7849731445 19.6524448395
      vertex -4.19279813766 52.8095703125 20.4897251129
      vertex -2.99641394615 52.7835922241 20.1536254883
    endloop
  endfacet
  facet normal 0.0118725951761 -0.000401688244892 -0.999929428101
    outer loop
      vertex -2.99641394615 52.7835922241 20.1536254883
      vertex -1.84306502342 52.770111084 20.6857070923
      vertex -1.82661414146 52.7696914673 20.1272773743
    endloop
  endfacet
  facet normal 0.00374347530305 0.0229509472847 -0.999729573727
    outer loop
      vertex -1.8069435358 52.7922744751 19.1403961182
      vertex -2.99641394615 52.7849731445 19.6524448395
      vertex -1.82661414146 52.7696914673 20.1272773743
    endloop
  endfacet
  facet normal 0.0119436467066 0.00275532016531 -0.999924898148
    outer loop
      vertex -2.99641394615 52.7835922241 20.1536254883
      vertex -1.82661414146 52.7696914673 20.1272773743
      vertex -2.99641394615 52.7849731445 19.6524448395
    endloop
  endfacet
  facet normal -0.960865795612 0.0679347813129 -0.268554925919
    outer loop
      vertex 0.420541733503 53.6788024902 41.8424949646
      vertex 0.433952242136 53.1829833984 43.9922218323
      vertex 0.55816835165 53.6020507812 44.0924987793
    endloop
  endfacet
  facet normal -0.960867226124 0.0614097192883 -0.270116686821
    outer loop
      vertex 0.433952242136 53.1829833984 43.9922218323
      vertex 0.559955537319 53.3226585388 45.3493881226
      vertex 0.55816835165 53.6020507812 44.0924987793
    endloop
  endfacet
  facet normal -0.962547183037 0.062207467854 -0.263880938292
    outer loop
      vertex 0.433952242136 53.1829833984 43.9922218323
      vertex 0.441045701504 52.9102630615 45.258846283
      vertex 0.559955537319 53.3226585388 45.3493881226
    endloop
  endfacet
  facet normal -0.892565429211 0.110495828092 -0.437170058489
    outer loop
      vertex 0.202386826277 53.2786750793 41.7430686951
      vertex 0.231773346663 52.7937393188 43.8990783691
      vertex 0.433952242136 53.1829833984 43.9922218323
    endloop
  endfacet
  facet normal -0.892567038536 0.0996841490269 -0.439758062363
    outer loop
      vertex 0.231773346663 52.7937393188 43.8990783691
      vertex 0.441045701504 52.9102630615 45.258846283
      vertex 0.433952242136 53.1829833984 43.9922218323
    endloop
  endfacet
  facet normal -0.897202551365 0.101246066391 -0.429856687784
    outer loop
      vertex 0.231773346663 52.7937393188 43.8990783691
      vertex 0.247388809919 52.525932312 45.1744728088
      vertex 0.441045701504 52.9102630615 45.258846283
    endloop
  endfacet
  facet normal -0.793099761009 0.149276450276 -0.590516149998
    outer loop
      vertex 0.231773346663 52.7937393188 43.8990783691
      vertex -0.091165535152 52.9271240234 41.6556663513
      vertex -0.0413951836526 52.4477767944 43.816318512
    endloop
  endfacet
  facet normal -0.793101847172 0.134451672435 -0.594064116478
    outer loop
      vertex -0.0413951836526 52.4477767944 43.816318512
      vertex 0.247388809919 52.525932312 45.1744728088
      vertex 0.231773346663 52.7937393188 43.8990783691
    endloop
  endfacet
  facet normal -0.640272021294 0.18039804697 -0.746664762497
    outer loop
      vertex -0.0413951836526 52.4477767944 43.816318512
      vertex -0.091165535152 52.9271240234 41.6556663513
      vertex -0.449508607388 52.6372337341 41.5836791992
    endloop
  endfacet
  facet normal -0.801467180252 0.136915698647 -0.582155048847
    outer loop
      vertex -0.0413951836526 52.4477767944 43.816318512
      vertex -0.0149898501113 52.1824417114 45.0990753174
      vertex 0.247388809919 52.525932312 45.1744728088
    endloop
  endfacet
  facet normal -0.665638208389 0.183066785336 -0.723472416401
    outer loop
      vertex -0.0413951836526 52.4477767944 43.816318512
      vertex -0.449508607388 52.6372337341 41.5836791992
      vertex -0.376075714827 52.1574401855 43.7468109131
    endloop
  endfacet
  facet normal -0.66563731432 0.164280980825 -0.727968931198
    outer loop
      vertex -0.376075714827 52.1574401855 43.7468109131
      vertex -0.0149898501113 52.1824417114 45.0990753174
      vertex -0.0413951836526 52.4477767944 43.816318512
    endloop
  endfacet
  facet normal -0.679598271847 0.168266654015 -0.714025616646
    outer loop
      vertex -0.376075714827 52.1574401855 43.7468109131
      vertex -0.336736619473 51.8912620544 45.0351829529
      vertex -0.0149898501113 52.1824417114 45.0990753174
    endloop
  endfacet
  facet normal -0.515829443932 0.1884072721 -0.835716843605
    outer loop
      vertex -0.760167956352 51.9325065613 43.6929473877
      vertex -0.336736619473 51.8912620544 45.0351829529
      vertex -0.376075714827 52.1574401855 43.7468109131
    endloop
  endfacet
  facet normal -0.534838557243 0.193994298577 -0.82238304615
    outer loop
      vertex -0.760167956352 51.9325065613 43.6929473877
      vertex -0.707298219204 51.662109375 44.9849891663
      vertex -0.336736619473 51.8912620544 45.0351829529
    endloop
  endfacet
  facet normal -0.346846014261 0.231164902449 -0.908988773823
    outer loop
      vertex -0.760167956352 51.9325065613 43.6929473877
      vertex -1.30346477032 52.283946991 41.4958343506
      vertex -1.1807974577 51.7812156677 43.6567344666
    endloop
  endfacet
  facet normal -0.346847057343 0.205702826381 -0.915086567402
    outer loop
      vertex -1.1807974577 51.7812156677 43.6567344666
      vertex -0.707298219204 51.662109375 44.9849891663
      vertex -0.760167956352 51.9325065613 43.6929473877
    endloop
  endfacet
  facet normal -0.111036866903 0.231171742082 -0.966555953026
    outer loop
      vertex -1.1807974577 51.7812156677 43.6567344666
      vertex -1.30346477032 52.283946991 41.4958343506
      vertex -1.76688933372 52.2337112427 41.4832954407
    endloop
  endfacet
  facet normal -0.371990770102 0.213611260056 -0.903323352337
    outer loop
      vertex -1.1807974577 51.7812156677 43.6567344666
      vertex -1.11439692974 51.5027618408 44.9499092102
      vertex -0.707298219204 51.662109375 44.9849891663
    endloop
  endfacet
  facet normal 0.0834899917245 0.246434792876 -0.965556502342
    outer loop
      vertex -2.1513402462 51.9916381836 42.5620079041
      vertex -1.76688933372 52.2337112427 41.4832954407
      vertex -2.2316262722 52.2715034485 41.4926681519
    endloop
  endfacet
  facet normal -0.166585221887 0.243829205632 -0.955403923988
    outer loop
      vertex -1.1807974577 51.7812156677 43.6567344666
      vertex -1.76688933372 52.2337112427 41.4832954407
      vertex -1.6229455471 51.7085456848 43.6394004822
    endloop
  endfacet
  facet normal -0.166590258479 0.215728923678 -0.962137579918
    outer loop
      vertex -1.6229455471 51.7085456848 43.6394004822
      vertex -1.11439692974 51.5027618408 44.9499092102
      vertex -1.1807974577 51.7812156677 43.6567344666
    endloop
  endfacet
  facet normal 0.0439836196601 0.23364944756 -0.971325576305
    outer loop
      vertex -1.6229455471 51.7085456848 43.6394004822
      vertex -1.76688933372 52.2337112427 41.4832954407
      vertex -2.1513402462 51.9916381836 42.5620079041
    endloop
  endfacet
  facet normal -0.196853637695 0.226192429662 -0.953984081745
    outer loop
      vertex -1.6229455471 51.7085456848 43.6394004822
      vertex -1.54450404644 51.4184036255 44.9313735962
      vertex -1.11439692974 51.5027618408 44.9499092102
    endloop
  endfacet
  facet normal 0.0197991989553 0.244984716177 -0.96932476759
    outer loop
      vertex -1.6229455471 51.7085456848 43.6394004822
      vertex -2.1513402462 51.9916381836 42.5620079041
      vertex -2.07129073143 51.7171897888 43.6414413452
    endloop
  endfacet
  facet normal -0.0142697133124 0.219919487834 -0.975413680077
    outer loop
      vertex -1.99595046043 51.4569702148 44.7310295105
      vertex -1.54450404644 51.4184036255 44.9313735962
      vertex -1.6229455471 51.7085456848 43.6394004822
    endloop
  endfacet
  facet normal 0.0198015477508 0.230950817466 -0.972763895988
    outer loop
      vertex -2.07129073143 51.7171897888 43.6414413452
      vertex -1.99595046043 51.4569702148 44.7310295105
      vertex -1.6229455471 51.7085456848 43.6394004822
    endloop
  endfacet
  facet normal -0.962546944618 0.0539916530252 -0.265684634447
    outer loop
      vertex 0.441045701504 52.9102630615 45.258846283
      vertex 0.561386048794 53.0731201172 46.6028404236
      vertex 0.559955537319 53.3226585388 45.3493881226
    endloop
  endfacet
  facet normal -0.963969767094 0.0547700226307 -0.260312438011
    outer loop
      vertex 0.441045701504 52.9102630615 45.258846283
      vertex 0.446945130825 52.6656761169 46.5251426697
      vertex 0.561386048794 53.0731201172 46.6028404236
    endloop
  endfacet
  facet normal -0.897200405598 0.0877771750093 -0.432812482119
    outer loop
      vertex 0.247388809919 52.525932312 45.1744728088
      vertex 0.446945130825 52.6656761169 46.5251426697
      vertex 0.441045701504 52.9102630615 45.258846283
    endloop
  endfacet
  facet normal -0.90096116066 0.0891787409782 -0.42463645339
    outer loop
      vertex 0.247388809919 52.525932312 45.1744728088
      vertex 0.260324448347 52.2849845886 46.4524688721
      vertex 0.446945130825 52.6656761169 46.5251426697
    endloop
  endfacet
  facet normal -0.801460504532 0.118625544012 -0.586164712906
    outer loop
      vertex -0.0149898501113 52.1824417114 45.0990753174
      vertex 0.260324448347 52.2849845886 46.4524688721
      vertex 0.247388809919 52.525932312 45.1744728088
    endloop
  endfacet
  facet normal -0.808883190155 0.120951540768 -0.575394392014
    outer loop
      vertex -0.0149898501113 52.1824417114 45.0990753174
      vertex 0.00730132916942 51.9429893494 46.3872680664
      vertex 0.260324448347 52.2849845886 46.4524688721
    endloop
  endfacet
  facet normal -0.679592251778 0.145413920283 -0.719033479691
    outer loop
      vertex -0.336736619473 51.8912620544 45.0351829529
      vertex 0.00730132916942 51.9429893494 46.3872680664
      vertex -0.0149898501113 52.1824417114 45.0990753174
    endloop
  endfacet
  facet normal -0.691022336483 0.14876896143 -0.707358419895
    outer loop
      vertex -0.336736619473 51.8912620544 45.0351829529
      vertex -0.303655594587 51.6509437561 46.3314971924
      vertex 0.00730132916942 51.9429893494 46.3872680664
    endloop
  endfacet
  facet normal -0.534835934639 0.167194664478 -0.828249037266
    outer loop
      vertex -0.707298219204 51.662109375 44.9849891663
      vertex -0.303655594587 51.6509437561 46.3314971924
      vertex -0.336736619473 51.8912620544 45.0351829529
    endloop
  endfacet
  facet normal -0.55097925663 0.171937480569 -0.816614568233
    outer loop
      vertex -0.707298219204 51.662109375 44.9849891663
      vertex -0.662713944912 51.4180374146 46.2870674133
      vertex -0.303655594587 51.6509437561 46.3314971924
    endloop
  endfacet
  facet normal -0.371977806091 0.18330603838 -0.909962296486
    outer loop
      vertex -1.11439692974 51.5027618408 44.9499092102
      vertex -0.662713944912 51.4180374146 46.2870674133
      vertex -0.707298219204 51.662109375 44.9849891663
    endloop
  endfacet
  facet normal -0.392795681953 0.18969732523 -0.899848043919
    outer loop
      vertex -1.11439692974 51.5027618408 44.9499092102
      vertex -1.05842959881 51.2519645691 46.2554779053
      vertex -0.662713944912 51.4180374146 46.2870674133
    endloop
  endfacet
  facet normal -0.196848779917 0.193089202046 -0.961232066154
    outer loop
      vertex -1.54450404644 51.4184036255 44.9313735962
      vertex -1.05842959881 51.2519645691 46.2554779053
      vertex -1.11439692974 51.5027618408 44.9499092102
    endloop
  endfacet
  facet normal -0.222424045205 0.201554715633 -0.953888475895
    outer loop
      vertex -1.54450404644 51.4184036255 44.9313735962
      vertex -1.47792613506 51.157951355 46.2374649048
      vertex -1.05842959881 51.2519645691 46.2554779053
    endloop
  endfacet
  facet normal -0.0456438846886 0.197594836354 -0.979220569134
    outer loop
      vertex -1.92925238609 51.2187995911 45.8316612244
      vertex -1.47792613506 51.157951355 46.2374649048
      vertex -1.54450404644 51.4184036255 44.9313735962
    endloop
  endfacet
  facet normal -0.0106480382383 0.212100490928 -0.977189838886
    outer loop
      vertex -1.92925238609 51.2187995911 45.8316612244
      vertex -1.54450404644 51.4184036255 44.9313735962
      vertex -1.99595046043 51.4569702148 44.7310295105
    endloop
  endfacet
  facet normal -0.236479625106 0.174981534481 -0.955750405788
    outer loop
      vertex -1.02731502056 51.099357605 47.1665000916
      vertex -1.47792613506 51.157951355 46.2374649048
      vertex -1.44085288048 51.0000686646 47.1499214172
    endloop
  endfacet
  facet normal -0.222435802221 0.168455794454 -0.960283815861
    outer loop
      vertex -1.02731502056 51.099357605 47.1665000916
      vertex -1.05842959881 51.2519645691 46.2554779053
      vertex -1.47792613506 51.157951355 46.2374649048
    endloop
  endfacet
  facet normal -0.404710680246 0.143457353115 -0.903121948242
    outer loop
      vertex -1.02731502056 51.099357605 47.1665000916
      vertex -0.689058244228 51.1024169922 48.1015014648
      vertex -0.638097703457 51.2692680359 47.1948547363
    endloop
  endfacet
  facet normal -0.404680252075 0.164504751563 -0.89953994751
    outer loop
      vertex -0.638097703457 51.2692680359 47.1948547363
      vertex -1.05842959881 51.2519645691 46.2554779053
      vertex -1.02731502056 51.099357605 47.1665000916
    endloop
  endfacet
  facet normal -0.392827779055 0.15908691287 -0.905747056007
    outer loop
      vertex -0.638097703457 51.2692680359 47.1948547363
      vertex -0.662713944912 51.4180374146 46.2870674133
      vertex -1.05842959881 51.2519645691 46.2554779053
    endloop
  endfacet
  facet normal -0.55965334177 0.126466304064 -0.819020390511
    outer loop
      vertex -0.638097703457 51.2692680359 47.1948547363
      vertex -0.291913956404 51.3602600098 48.1375656128
      vertex -0.28541752696 51.5042152405 47.2340164185
    endloop
  endfacet
  facet normal -0.996198832989 0.0138960722834 -0.0859929919243
    outer loop
      vertex 0.56233972311 52.9225692749 47.4703216553
      vertex 0.600009858608 53.2093315125 48.3962974548
      vertex 0.600009858608 53.4347801208 47.0011558533
    endloop
  endfacet
  facet normal -0.996009588242 0.0170381478965 -0.0876047611237
    outer loop
      vertex 0.561386048794 53.0731201172 46.6028404236
      vertex 0.600009858608 53.4347801208 47.0011558533
      vertex 0.600009858608 53.6159934998 46.0694007874
    endloop
  endfacet
  facet normal -0.559635519981 0.148783385754 -0.815273940563
    outer loop
      vertex -0.28541752696 51.5042152405 47.2340164185
      vertex -0.662713944912 51.4180374146 46.2870674133
      vertex -0.638097703457 51.2692680359 47.1948547363
    endloop
  endfacet
  facet normal -0.995960056782 0.0164165291935 -0.0882840901613
    outer loop
      vertex 0.561386048794 53.0731201172 46.6028404236
      vertex 0.56233972311 52.9225692749 47.4703216553
      vertex 0.600009858608 53.4347801208 47.0011558533
    endloop
  endfacet
  facet normal -0.551010251045 0.144748434424 -0.821848869324
    outer loop
      vertex -0.28541752696 51.5042152405 47.2340164185
      vertex -0.303655594587 51.6509437561 46.3314971924
      vertex -0.662713944912 51.4180374146 46.2870674133
    endloop
  endfacet
  facet normal -0.697494506836 0.104425936937 -0.708940505981
    outer loop
      vertex -0.28541752696 51.5042152405 47.2340164185
      vertex 0.0459251366556 51.6903152466 48.183757782
      vertex 0.0195808392018 51.7971115112 47.2827606201
    endloop
  endfacet
  facet normal -0.9647179842 0.0443132780492 -0.2595295012
    outer loop
      vertex 0.450282990932 52.5175437927 47.4029197693
      vertex 0.553161561489 52.7415161133 48.3308677673
      vertex 0.56233972311 52.9225692749 47.4703216553
    endloop
  endfacet
  facet normal -0.963976502419 0.0465104058385 -0.261889398098
    outer loop
      vertex 0.446945130825 52.6656761169 46.5251426697
      vertex 0.56233972311 52.9225692749 47.4703216553
      vertex 0.561386048794 53.0731201172 46.6028404236
    endloop
  endfacet
  facet normal -0.697512984276 0.128699019551 -0.704919993877
    outer loop
      vertex 0.0195808392018 51.7971115112 47.2827606201
      vertex -0.303655594587 51.6509437561 46.3314971924
      vertex -0.28541752696 51.5042152405 47.2340164185
    endloop
  endfacet
  facet normal -0.799625754356 0.0936867743731 -0.593145370483
    outer loop
      vertex 0.0195808392018 51.7971115112 47.2827606201
      vertex 0.0459251366556 51.6903152466 48.183757782
      vertex 0.18855856359 51.878452301 48.2100067139
    endloop
  endfacet
  facet normal -0.964709997177 0.0473806932569 -0.25901684165
    outer loop
      vertex 0.446945130825 52.6656761169 46.5251426697
      vertex 0.450282990932 52.5175437927 47.4029197693
      vertex 0.56233972311 52.9225692749 47.4703216553
    endloop
  endfacet
  facet normal -0.69104808569 0.125438824296 -0.71184104681
    outer loop
      vertex 0.0195808392018 51.7971115112 47.2827606201
      vertex 0.00730132916942 51.9429893494 46.3872680664
      vertex -0.303655594587 51.6509437561 46.3314971924
    endloop
  endfacet
  facet normal -0.812941670418 0.0977862477303 -0.574076414108
    outer loop
      vertex 0.0195808392018 51.7971115112 47.2827606201
      vertex 0.18855856359 51.878452301 48.2100067139
      vertex 0.267415970564 52.1383666992 47.3397102356
    endloop
  endfacet
  facet normal -0.903027057648 0.0726604014635 -0.423394113779
    outer loop
      vertex 0.267415970564 52.1383666992 47.3397102356
      vertex 0.414163559675 52.2920532227 48.2679443359
      vertex 0.450282990932 52.5175437927 47.4029197693
    endloop
  endfacet
  facet normal -0.900973975658 0.0755294635892 -0.427248418331
    outer loop
      vertex 0.260324448347 52.2849845886 46.4524688721
      vertex 0.450282990932 52.5175437927 47.4029197693
      vertex 0.446945130825 52.6656761169 46.5251426697
    endloop
  endfacet
  facet normal -0.812912106514 0.104481764138 -0.572937607765
    outer loop
      vertex 0.267415970564 52.1383666992 47.3397102356
      vertex 0.00730132916942 51.9429893494 46.3872680664
      vertex 0.0195808392018 51.7971115112 47.2827606201
    endloop
  endfacet
  facet normal -0.903009772301 0.0770609602332 -0.422652244568
    outer loop
      vertex 0.260324448347 52.2849845886 46.4524688721
      vertex 0.267415970564 52.1383666992 47.3397102356
      vertex 0.450282990932 52.5175437927 47.4029197693
    endloop
  endfacet
  facet normal -0.808906137943 0.102144792676 -0.578996777534
    outer loop
      vertex 0.00730132916942 51.9429893494 46.3872680664
      vertex 0.267415970564 52.1383666992 47.3397102356
      vertex 0.260324448347 52.2849845886 46.4524688721
    endloop
  endfacet
  facet normal 0.0834850370884 0.227402925491 -0.970215499401
    outer loop
      vertex -2.2316262722 52.2715034485 41.4926681519
      vertex -1.76688933372 52.2337112427 41.4832954407
      vertex -1.95154547691 52.7463874817 39.3637466431
    endloop
  endfacet
  facet normal -0.0275678616017 0.237279772758 -0.971050083637
    outer loop
      vertex -1.95154547691 52.7463874817 39.3637466431
      vertex -1.76688933372 52.2337112427 41.4832954407
      vertex -1.51654994488 52.7580986023 39.366355896
    endloop
  endfacet
  facet normal -0.111030504107 0.226566761732 -0.967646479607
    outer loop
      vertex -1.76688933372 52.2337112427 41.4832954407
      vertex -1.30346477032 52.283946991 41.4958343506
      vertex -1.51654994488 52.7580986023 39.366355896
    endloop
  endfacet
  facet normal -0.300875753164 0.222724929452 -0.927290320396
    outer loop
      vertex -0.760167956352 51.9325065613 43.6929473877
      vertex -0.858693957329 52.4201393127 41.5296478271
      vertex -1.30346477032 52.283946991 41.4958343506
    endloop
  endfacet
  facet normal -0.207534119487 0.23234629631 -0.950234055519
    outer loop
      vertex -1.51654994488 52.7580986023 39.366355896
      vertex -1.30346477032 52.283946991 41.4958343506
      vertex -1.09085452557 52.8462142944 39.3862228394
    endloop
  endfacet
  facet normal -0.51582878828 0.210671126842 -0.830384492874
    outer loop
      vertex -0.376075714827 52.1574401855 43.7468109131
      vertex -0.858693957329 52.4201393127 41.5296478271
      vertex -0.760167956352 51.9325065613 43.6929473877
    endloop
  endfacet
  facet normal -0.30085837841 0.21717774868 -0.928610801697
    outer loop
      vertex -1.30346477032 52.283946991 41.4958343506
      vertex -0.858693957329 52.4201393127 41.5296478271
      vertex -1.09085452557 52.8462142944 39.3862228394
    endloop
  endfacet
  facet normal -0.47970533371 0.205490902066 -0.853027701378
    outer loop
      vertex -0.376075714827 52.1574401855 43.7468109131
      vertex -0.449508607388 52.6372337341 41.5836791992
      vertex -0.858693957329 52.4201393127 41.5296478271
    endloop
  endfacet
  facet normal -0.380765497684 0.219782099128 -0.898172318935
    outer loop
      vertex -1.09085452557 52.8462142944 39.3862228394
      vertex -0.858693957329 52.4201393127 41.5296478271
      vertex -0.688522279263 53.0078544617 39.4226875305
    endloop
  endfacet
  facet normal -0.479677259922 0.199595317245 -0.854442179203
    outer loop
      vertex -0.858693957329 52.4201393127 41.5296478271
      vertex -0.449508607388 52.6372337341 41.5836791992
      vertex -0.688522279263 53.0078544617 39.4226875305
    endloop
  endfacet
  facet normal -0.541748583317 0.199938729405 -0.81641471386
    outer loop
      vertex -0.688522279263 53.0078544617 39.4226875305
      vertex -0.449508607388 52.6372337341 41.5836791992
      vertex -0.322788208723 53.2378578186 39.4744873047
    endloop
  endfacet
  facet normal -0.640241742134 0.174560979009 -0.748076856136
    outer loop
      vertex -0.322788208723 53.2378578186 39.4744873047
      vertex -0.449508607388 52.6372337341 41.5836791992
      vertex -0.091165535152 52.9271240234 41.6556663513
    endloop
  endfacet
  facet normal -0.776927113533 0.148219496012 -0.611894786358
    outer loop
      vertex -0.091165535152 52.9271240234 41.6556663513
      vertex 0.231773346663 52.7937393188 43.8990783691
      vertex 0.202386826277 53.2786750793 41.7430686951
    endloop
  endfacet
  facet normal -0.684221506119 0.173567220569 -0.708318650723
    outer loop
      vertex -0.091165535152 52.9271240234 41.6556663513
      vertex -0.00545310927555 53.5283622742 39.5399246216
      vertex -0.322788208723 53.2378578186 39.4744873047
    endloop
  endfacet
  facet normal -0.995257019997 0.0226694606245 -0.0946024209261
    outer loop
      vertex 0.600009858608 55.0830497742 39.8904037476
      vertex 0.554651200771 54.1122550964 41.9502792358
      vertex 0.600009858608 54.5626144409 42.0622406006
    endloop
  endfacet
  facet normal -0.776898503304 0.142788410187 -0.613221168518
    outer loop
      vertex -0.00545310927555 53.5283622742 39.5399246216
      vertex -0.091165535152 52.9271240234 41.6556663513
      vertex 0.202386826277 53.2786750793 41.7430686951
    endloop
  endfacet
  facet normal -0.99525731802 0.0232947282493 -0.0944470092654
    outer loop
      vertex 0.554651200771 54.1122550964 41.9502792358
      vertex 0.600009858608 54.0362472534 44.1963729858
      vertex 0.600009858608 54.5626144409 42.0622406006
    endloop
  endfacet
  facet normal -0.883890926838 0.110339678824 -0.45449090004
    outer loop
      vertex 0.202386826277 53.2786750793 41.7430686951
      vertex 0.433952242136 53.1829833984 43.9922218323
      vertex 0.420541733503 53.6788024902 41.8424949646
    endloop
  endfacet
  facet normal -0.804841697216 0.141255408525 -0.576434493065
    outer loop
      vertex 0.202386826277 53.2786750793 41.7430686951
      vertex 0.252754181623 53.8699989319 39.6169815063
      vertex -0.00545310927555 53.5283622742 39.5399246216
    endloop
  endfacet
  facet normal -0.995635807514 0.0231655146927 -0.0904027298093
    outer loop
      vertex 0.554651200771 54.1122550964 41.9502792358
      vertex 0.55816835165 53.6020507812 44.0924987793
      vertex 0.600009858608 54.0362472534 44.1963729858
    endloop
  endfacet
  facet normal -0.883870720863 0.105779446661 -0.455613076687
    outer loop
      vertex 0.252754181623 53.8699989319 39.6169815063
      vertex 0.202386826277 53.2786750793 41.7430686951
      vertex 0.420541733503 53.6788024902 41.8424949646
    endloop
  endfacet
  facet normal -0.957757771015 0.0681143924594 -0.279393076897
    outer loop
      vertex 0.420541733503 53.6788024902 41.8424949646
      vertex 0.55816835165 53.6020507812 44.0924987793
      vertex 0.554651200771 54.1122550964 41.9502792358
    endloop
  endfacet
  facet normal -0.898696005344 0.104351110756 -0.425976932049
    outer loop
      vertex 0.420541733503 53.6788024902 41.8424949646
      vertex 0.44354814291 54.2514686584 39.7029266357
      vertex 0.252754181623 53.8699989319 39.6169815063
    endloop
  endfacet
  facet normal -0.957747459412 0.0647081583738 -0.28023687005
    outer loop
      vertex 0.44354814291 54.2514686584 39.7029266357
      vertex 0.420541733503 53.6788024902 41.8424949646
      vertex 0.554651200771 54.1122550964 41.9502792358
    endloop
  endfacet
  facet normal -0.963148832321 0.0638016462326 -0.261292368174
    outer loop
      vertex 0.554651200771 54.1122550964 41.9502792358
      vertex 0.560552537441 54.6602630615 39.7950515747
      vertex 0.44354814291 54.2514686584 39.7029266357
    endloop
  endfacet
  facet normal -0.995881438255 0.0197717826813 -0.0884831920266
    outer loop
      vertex 0.600009858608 55.0830497742 39.8904037476
      vertex 0.560552537441 54.6602630615 39.7950515747
      vertex 0.554651200771 54.1122550964 41.9502792358
    endloop
  endfacet
  facet normal 0.0329146385193 0.128761023283 -0.991129279137
    outer loop
      vertex -1.63689219952 53.3055953979 36.4105453491
      vertex -1.65268695354 53.4032020569 35.6632614136
      vertex -2.1046693325 53.4179840088 35.6650123596
    endloop
  endfacet
  facet normal 0.0258887689561 0.152549937367 -0.987956643105
    outer loop
      vertex -1.6145991087 53.1895065308 37.1585884094
      vertex -1.63689219952 53.3055953979 36.4105453491
      vertex -2.08684706688 53.3171310425 36.4121932983
    endloop
  endfacet
  facet normal -0.169801145792 0.176626935601 -0.969520747662
    outer loop
      vertex -1.13674914837 53.069644928 38.2759056091
      vertex -1.17370402813 53.2644119263 37.1712760925
      vertex -1.6145991087 53.1895065308 37.1585884094
    endloop
  endfacet
  facet normal -0.995881080627 0.0191218648106 -0.0886297374964
    outer loop
      vertex 0.600009858608 55.2932662964 38.9160575867
      vertex 0.560552537441 54.6602630615 39.7950515747
      vertex 0.600009858608 55.0830497742 39.8904037476
    endloop
  endfacet
  facet normal -0.161138191819 0.13117069006 -0.978176236153
    outer loop
      vertex -1.19265913963 53.3773765564 36.4209785461
      vertex -1.65268695354 53.4032020569 35.6632614136
      vertex -1.63689219952 53.3055953979 36.4105453491
    endloop
  endfacet
  facet normal -0.169807627797 0.156067252159 -0.973040819168
    outer loop
      vertex -1.17370402813 53.2644119263 37.1712760925
      vertex -1.63689219952 53.3055953979 36.4105453491
      vertex -1.6145991087 53.1895065308 37.1585884094
    endloop
  endfacet
  facet normal -0.995815336704 0.0195826888084 -0.0892655476928
    outer loop
      vertex 0.600009858608 55.2932662964 38.9160575867
      vertex 0.559360444546 54.8995628357 38.6436080933
      vertex 0.560552537441 54.6602630615 39.7950515747
    endloop
  endfacet
  facet normal -0.155099362135 0.127553910017 -0.979629635811
    outer loop
      vertex -1.19265913963 53.3773765564 36.4209785461
      vertex -1.20612895489 53.4728279114 35.6715087891
      vertex -1.65268695354 53.4032020569 35.6632614136
    endloop
  endfacet
  facet normal -0.161141142249 0.150914102793 -0.975324809551
    outer loop
      vertex -1.17370402813 53.2644119263 37.1712760925
      vertex -1.19265913963 53.3773765564 36.4209785461
      vertex -1.63689219952 53.3055953979 36.4105453491
    endloop
  endfacet
  facet normal -0.349801242352 0.168243348598 -0.921592772007
    outer loop
      vertex -0.72500026226 53.2272949219 38.3075180054
      vertex -0.754564225674 53.4187431335 37.1973495483
      vertex -1.17370402813 53.2644119263 37.1712760925
    endloop
  endfacet
  facet normal -0.9957254529 0.0175157561898 -0.0906866267323
    outer loop
      vertex 0.600009858608 55.4830589294 37.9334220886
      vertex 0.559360444546 54.8995628357 38.6436080933
      vertex 0.600009858608 55.2932662964 38.9160575867
    endloop
  endfacet
  facet normal -0.342763602734 0.124746210873 -0.931102275848
    outer loop
      vertex -0.769823014736 53.5300712585 36.4430847168
      vertex -1.20612895489 53.4728279114 35.6715087891
      vertex -1.19265913963 53.3773765564 36.4209785461
    endloop
  endfacet
  facet normal -0.349816650152 0.148109361529 -0.92503619194
    outer loop
      vertex -0.754564225674 53.4187431335 37.1973495483
      vertex -1.19265913963 53.3773765564 36.4209785461
      vertex -1.17370402813 53.2644119263 37.1712760925
    endloop
  endfacet
  facet normal -0.995762646198 0.0172234289348 -0.090333417058
    outer loop
      vertex 0.600009858608 55.4830589294 37.9334220886
      vertex 0.558347642422 55.109500885 37.4839820862
      vertex 0.559360444546 54.8995628357 38.6436080933
    endloop
  endfacet
  facet normal -0.995559930801 0.0125264674425 -0.0932924672961
    outer loop
      vertex 0.600009858608 55.7819519043 35.9455528259
      vertex 0.557453095913 55.3349342346 35.8925132751
      vertex 0.557809770107 55.2316818237 36.6898345947
    endloop
  endfacet
  facet normal -0.337468892336 0.121577821672 -0.933452486992
    outer loop
      vertex -0.769823014736 53.5300712585 36.4430847168
      vertex -0.780433595181 53.6243782043 35.6895561218
      vertex -1.20612895489 53.4728279114 35.6715087891
    endloop
  endfacet
  facet normal -0.342765152454 0.143955022097 -0.928325891495
    outer loop
      vertex -0.754564225674 53.4187431335 37.1973495483
      vertex -0.769823014736 53.5300712585 36.4430847168
      vertex -1.19265913963 53.3773765564 36.4209785461
    endloop
  endfacet
  facet normal -0.995588600636 0.0153556941077 -0.0925611257553
    outer loop
      vertex 0.600009858608 55.6473884583 36.9428672791
      vertex 0.558347642422 55.109500885 37.4839820862
      vertex 0.600009858608 55.4830589294 37.9334220886
    endloop
  endfacet
  facet normal -0.995549619198 0.0126009844244 -0.0933924615383
    outer loop
      vertex 0.557809770107 55.2316818237 36.6898345947
      vertex 0.600009858608 55.6473884583 36.9428672791
      vertex 0.600009858608 55.7819519043 35.9455528259
    endloop
  endfacet
  facet normal -0.960234165192 0.0362781360745 -0.276828825474
    outer loop
      vertex 0.557809770107 55.2316818237 36.6898345947
      vertex 0.557453095913 55.3349342346 35.8925132751
      vertex 0.431209474802 54.9037437439 35.8413162231
    endloop
  endfacet
  facet normal -0.511917233467 0.113773420453 -0.851467192173
    outer loop
      vertex -0.382989853621 53.7582130432 36.4762268066
      vertex -0.780433595181 53.6243782043 35.6895561218
      vertex -0.769823014736 53.5300712585 36.4430847168
    endloop
  endfacet
  facet normal -0.517479479313 0.135183215141 -0.844949960709
    outer loop
      vertex -0.371784180403 53.6469764709 37.2360687256
      vertex -0.769823014736 53.5300712585 36.4430847168
      vertex -0.754564225674 53.4187431335 37.1973495483
    endloop
  endfacet
  facet normal -0.995644629002 0.0148354070261 -0.0920420587063
    outer loop
      vertex 0.557809770107 55.2316818237 36.6898345947
      vertex 0.558347642422 55.109500885 37.4839820862
      vertex 0.600009858608 55.6473884583 36.9428672791
    endloop
  endfacet
  facet normal -0.960548758507 0.036772981286 -0.275669872761
    outer loop
      vertex 0.557809770107 55.2316818237 36.6898345947
      vertex 0.431209474802 54.9037437439 35.8413162231
      vertex 0.432640016079 54.803817749 36.6277809143
    endloop
  endfacet
  facet normal -0.508324027061 0.11154217273 -0.85391163826
    outer loop
      vertex -0.382989853621 53.7582130432 36.4762268066
      vertex -0.39109608531 53.8526191711 35.7165603638
      vertex -0.780433595181 53.6243782043 35.6895561218
    endloop
  endfacet
  facet normal -0.511923849583 0.131818577647 -0.848856806755
    outer loop
      vertex -0.371784180403 53.6469764709 37.2360687256
      vertex -0.382989853621 53.7582130432 36.4762268066
      vertex -0.769823014736 53.5300712585 36.4430847168
    endloop
  endfacet
  facet normal -0.667310595512 0.134148940444 -0.732598543167
    outer loop
      vertex -0.371784180403 53.6469764709 37.2360687256
      vertex -0.0236930809915 53.748664856 38.4122848511
      vertex -0.0385932847857 53.9413337708 37.285987854
    endloop
  endfacet
  facet normal -0.960549116135 0.0429262295365 -0.274777561426
    outer loop
      vertex 0.432640016079 54.803817749 36.6277809143
      vertex 0.558347642422 55.109500885 37.4839820862
      vertex 0.557809770107 55.2316818237 36.6898345947
    endloop
  endfacet
  facet normal -0.890636324883 0.0589080601931 -0.450884431601
    outer loop
      vertex 0.432640016079 54.803817749 36.6277809143
      vertex 0.431209474802 54.9037437439 35.8413162231
      vertex 0.225633576512 54.5038642883 35.7938842773
    endloop
  endfacet
  facet normal -0.663421809673 0.0992442220449 -0.741634726524
    outer loop
      vertex -0.0461635515094 54.0537910461 36.5190315247
      vertex -0.39109608531 53.8526191711 35.7165603638
      vertex -0.382989853621 53.7582130432 36.4762268066
    endloop
  endfacet
  facet normal -0.667325496674 0.117506302893 -0.73543792963
    outer loop
      vertex -0.0385932847857 53.9413337708 37.285987854
      vertex -0.382989853621 53.7582130432 36.4762268066
      vertex -0.371784180403 53.6469764709 37.2360687256
    endloop
  endfacet
  facet normal -0.961032807827 0.0436435192823 -0.272967368364
    outer loop
      vertex 0.432640016079 54.803817749 36.6277809143
      vertex 0.434667527676 54.6855506897 37.4121208191
      vertex 0.558347642422 55.109500885 37.4839820862
    endloop
  endfacet
  facet normal -0.89167290926 0.0599538274109 -0.448692470789
    outer loop
      vertex 0.432640016079 54.803817749 36.6277809143
      vertex 0.225633576512 54.5038642883 35.7938842773
      vertex 0.228853195906 54.4065361023 36.5701713562
    endloop
  endfacet
  facet normal -0.660625100136 0.0973547250032 -0.744376599789
    outer loop
      vertex -0.0461635515094 54.0537910461 36.5190315247
      vertex -0.0515880547464 54.1493263245 35.7517471313
      vertex -0.39109608531 53.8526191711 35.7165603638
    endloop
  endfacet
  facet normal -0.78983527422 0.0795227140188 -0.6081417799
    outer loop
      vertex 0.228853195906 54.4065361023 36.5701713562
      vertex 0.225633576512 54.5038642883 35.7938842773
      vertex -0.0515880547464 54.1493263245 35.7517471313
    endloop
  endfacet
  facet normal -0.66342318058 0.114959560335 -0.739360511303
    outer loop
      vertex -0.0385932847857 53.9413337708 37.285987854
      vertex -0.0461635515094 54.0537910461 36.5190315247
      vertex -0.382989853621 53.7582130432 36.4762268066
    endloop
  endfacet
  facet normal -0.891673862934 0.0697468221188 -0.447272926569
    outer loop
      vertex 0.228853195906 54.4065361023 36.5701713562
      vertex 0.434667527676 54.6855506897 37.4121208191
      vertex 0.432640016079 54.803817749 36.6277809143
    endloop
  endfacet
  facet normal -0.791705846786 0.0809907913208 -0.605509996414
    outer loop
      vertex 0.228853195906 54.4065361023 36.5701713562
      vertex -0.0515880547464 54.1493263245 35.7517471313
      vertex -0.0461635515094 54.0537910461 36.5190315247
    endloop
  endfacet
  facet normal -0.79404515028 0.0958518832922 -0.600253880024
    outer loop
      vertex 0.233442276716 54.2917137146 37.3453636169
      vertex -0.0461635515094 54.0537910461 36.5190315247
      vertex -0.0385932847857 53.9413337708 37.285987854
    endloop
  endfacet
  facet normal -0.893076002598 0.0710900872946 -0.444253802299
    outer loop
      vertex 0.228853195906 54.4065361023 36.5701713562
      vertex 0.233442276716 54.2917137146 37.3453636169
      vertex 0.434667527676 54.6855506897 37.4121208191
    endloop
  endfacet
  facet normal -0.791706979275 0.0940940827131 -0.603611111641
    outer loop
      vertex -0.0461635515094 54.0537910461 36.5190315247
      vertex 0.233442276716 54.2917137146 37.3453636169
      vertex 0.228853195906 54.4065361023 36.5701713562
    endloop
  endfacet
  facet normal 0.22514501214 0.0906442925334 -0.970099627972
    outer loop
      vertex -2.1046693325 53.4179840088 35.6650123596
      vertex -2.11700797081 53.5446929932 34.3395843506
      vertex -2.55885672569 53.6465873718 34.3465690613
    endloop
  endfacet
  facet normal 0.0329079702497 0.0948096364737 -0.994951367378
    outer loop
      vertex -1.65268695354 53.4032020569 35.6632614136
      vertex -2.11700797081 53.5446929932 34.3395843506
      vertex -2.1046693325 53.4179840088 35.6650123596
    endloop
  endfacet
  facet normal 0.0377723276615 0.0931020751595 -0.994939804077
    outer loop
      vertex -1.65268695354 53.4032020569 35.6632614136
      vertex -1.66377437115 53.5275993347 34.3383865356
      vertex -2.11700797081 53.5446929932 34.3395843506
    endloop
  endfacet
  facet normal -0.995536625385 0.00886973645538 -0.0939579978585
    outer loop
      vertex 0.557214677334 55.4674491882 34.4737854004
      vertex 0.600009858608 55.7819519043 35.9455528259
      vertex 0.600009858608 55.9179153442 34.5052833557
    endloop
  endfacet
  facet normal -0.155069410801 0.0936376526952 -0.983455896378
    outer loop
      vertex -1.20612895489 53.4728279114 35.6715087891
      vertex -1.66377437115 53.5275993347 34.3383865356
      vertex -1.65268695354 53.4032020569 35.6632614136
    endloop
  endfacet
  facet normal -0.995558619499 0.00892120972276 -0.0937201082706
    outer loop
      vertex 0.557214677334 55.4674491882 34.4737854004
      vertex 0.557453095913 55.3349342346 35.8925132751
      vertex 0.600009858608 55.7819519043 35.9455528259
    endloop
  endfacet
  facet normal -0.150709941983 0.0921746045351 -0.984271466732
    outer loop
      vertex -1.20612895489 53.4728279114 35.6715087891
      vertex -1.21548640728 53.5958061218 34.3430175781
      vertex -1.66377437115 53.5275993347 34.3383865356
    endloop
  endfacet
  facet normal -0.959988594055 0.0262035280466 -0.278810411692
    outer loop
      vertex 0.430255830288 55.0331535339 34.443523407
      vertex 0.557453095913 55.3349342346 35.8925132751
      vertex 0.557214677334 55.4674491882 34.4737854004
    endloop
  endfacet
  facet normal -0.337403059006 0.0891259238124 -0.937131643295
    outer loop
      vertex -0.780433595181 53.6243782043 35.6895561218
      vertex -1.21548640728 53.5958061218 34.3430175781
      vertex -1.20612895489 53.4728279114 35.6715087891
    endloop
  endfacet
  facet normal -0.960218966007 0.026392923668 -0.277998119593
    outer loop
      vertex 0.430255830288 55.0331535339 34.443523407
      vertex 0.431209474802 54.9037437439 35.8413162231
      vertex 0.557453095913 55.3349342346 35.8925132751
    endloop
  endfacet
  facet normal -0.334151208401 0.0880484133959 -0.938397824764
    outer loop
      vertex -0.780433595181 53.6243782043 35.6895561218
      vertex -0.788062989712 53.747013092 34.3535919189
      vertex -1.21548640728 53.5958061218 34.3430175781
    endloop
  endfacet
  facet normal -0.8900000453 0.0426362752914 -0.453962624073
    outer loop
      vertex 0.2234878093 54.6304283142 34.4153633118
      vertex 0.431209474802 54.9037437439 35.8413162231
      vertex 0.430255830288 55.0331535339 34.443523407
    endloop
  endfacet
  facet normal -0.508253097534 0.081601344049 -0.857333064079
    outer loop
      vertex -0.39109608531 53.8526191711 35.7165603638
      vertex -0.788062989712 53.747013092 34.3535919189
      vertex -0.780433595181 53.6243782043 35.6895561218
    endloop
  endfacet
  facet normal -0.890598535538 0.0429544784129 -0.452757328749
    outer loop
      vertex 0.2234878093 54.6304283142 34.4153633118
      vertex 0.225633576512 54.5038642883 35.7938842773
      vertex 0.431209474802 54.9037437439 35.8413162231
    endloop
  endfacet
  facet normal -0.505267858505 0.080587901175 -0.859191477299
    outer loop
      vertex -0.39109608531 53.8526191711 35.7165603638
      vertex -0.396697968245 53.9756660461 34.3695793152
      vertex -0.788062989712 53.747013092 34.3535919189
    endloop
  endfacet
  facet normal -0.788428008556 0.0574559047818 -0.612437844276
    outer loop
      vertex -0.0554027482867 54.2737350464 34.390422821
      vertex 0.225633576512 54.5038642883 35.7938842773
      vertex 0.2234878093 54.6304283142 34.4153633118
    endloop
  endfacet
  facet normal -0.660550892353 0.0710229352117 -0.747414410114
    outer loop
      vertex -0.0515880547464 54.1493263245 35.7517471313
      vertex -0.396697968245 53.9756660461 34.3695793152
      vertex -0.39109608531 53.8526191711 35.7165603638
    endloop
  endfacet
  facet normal -0.78977316618 0.0580185838044 -0.610648989677
    outer loop
      vertex -0.0554027482867 54.2737350464 34.390422821
      vertex -0.0515880547464 54.1493263245 35.7517471313
      vertex 0.225633576512 54.5038642883 35.7938842773
    endloop
  endfacet
  facet normal -0.658603549004 0.0703126117587 -0.749197900295
    outer loop
      vertex -0.396697968245 53.9756660461 34.3695793152
      vertex -0.0515880547464 54.1493263245 35.7517471313
      vertex -0.0554027482867 54.2737350464 34.390422821
    endloop
  endfacet
  facet normal 0.225148677826 0.0432633645833 -0.973363399506
    outer loop
      vertex -2.11700797081 53.5446929932 34.3395843506
      vertex -2.54562544823 53.7028694153 33.0114135742
      vertex -2.55885672569 53.6465873718 34.3465690613
    endloop
  endfacet
  facet normal 0.219935968518 0.0450776256621 -0.974472284317
    outer loop
      vertex -2.11700797081 53.5446929932 34.3395843506
      vertex -2.10455107689 53.6034202576 33.0092773438
      vertex -2.54562544823 53.7028694153 33.0114135742
    endloop
  endfacet
  facet normal 0.0377703607082 0.0444236584008 -0.99829852581
    outer loop
      vertex -1.66377437115 53.5275993347 34.3383865356
      vertex -2.10455107689 53.6034202576 33.0092773438
      vertex -2.11700797081 53.5446929932 34.3395843506
    endloop
  endfacet
  facet normal 0.0329306982458 0.0460342615843 -0.998396933079
    outer loop
      vertex -1.66377437115 53.5275993347 34.3383865356
      vertex -1.65268695354 53.5885314941 33.0089569092
      vertex -2.10455107689 53.6034202576 33.0092773438
    endloop
  endfacet
  facet normal -0.995556175709 0.00426774844527 -0.0940728634596
    outer loop
      vertex 0.557453095913 55.5335426331 33.0505218506
      vertex 0.600009858608 55.9179153442 34.5052833557
      vertex 0.600009858608 55.9834785461 33.060092926
    endloop
  endfacet
  facet normal -0.150718286633 0.0440076179802 -0.987596750259
    outer loop
      vertex -1.21548640728 53.5958061218 34.3430175781
      vertex -1.65268695354 53.5885314941 33.0089569092
      vertex -1.66377437115 53.5275993347 34.3383865356
    endloop
  endfacet
  facet normal -0.995536446571 0.00421146582812 -0.0942836999893
    outer loop
      vertex 0.557453095913 55.5335426331 33.0505218506
      vertex 0.557214677334 55.4674491882 34.4737854004
      vertex 0.600009858608 55.9179153442 34.5052833557
    endloop
  endfacet
  facet normal -0.155139058828 0.0454604923725 -0.986846089363
    outer loop
      vertex -1.21548640728 53.5958061218 34.3430175781
      vertex -1.20594966412 53.6586914062 33.0104789734
      vertex -1.65268695354 53.5885314941 33.0089569092
    endloop
  endfacet
  facet normal -0.960212469101 0.0127939824015 -0.278977274895
    outer loop
      vertex 0.431209474802 55.0994491577 33.041229248
      vertex 0.557214677334 55.4674491882 34.4737854004
      vertex 0.557453095913 55.5335426331 33.0505218506
    endloop
  endfacet
  facet normal -0.334140598774 0.042043466121 -0.941585063934
    outer loop
      vertex -0.788062989712 53.747013092 34.3535919189
      vertex -1.20594966412 53.6586914062 33.0104789734
      vertex -1.21548640728 53.5958061218 34.3430175781
    endloop
  endfacet
  facet normal -0.959987640381 0.0125731667504 -0.279759883881
    outer loop
      vertex 0.431209474802 55.0994491577 33.041229248
      vertex 0.430255830288 55.0331535339 34.443523407
      vertex 0.557214677334 55.4674491882 34.4737854004
    endloop
  endfacet
  facet normal -0.337638229132 0.0432173013687 -0.940283298492
    outer loop
      vertex -0.788062989712 53.747013092 34.3535919189
      vertex -0.780433595181 53.8113365173 33.0137062073
      vertex -1.20594966412 53.6586914062 33.0104789734
    endloop
  endfacet
  facet normal -0.890769064426 0.020856609568 -0.453977406025
    outer loop
      vertex 0.225751847029 54.6967048645 33.032661438
      vertex 0.430255830288 55.0331535339 34.443523407
      vertex 0.431209474802 55.0994491577 33.041229248
    endloop
  endfacet
  facet normal -0.505254507065 0.0385100804269 -0.862110674381
    outer loop
      vertex -0.396697968245 53.9756660461 34.3695793152
      vertex -0.780433595181 53.8113365173 33.0137062073
      vertex -0.788062989712 53.747013092 34.3535919189
    endloop
  endfacet
  facet normal -0.889994323254 0.0203773733228 -0.45551609993
    outer loop
      vertex 0.225751847029 54.6967048645 33.032661438
      vertex 0.2234878093 54.6304283142 34.4153633118
      vertex 0.430255830288 55.0331535339 34.443523407
    endloop
  endfacet
  facet normal -0.508048534393 0.0395055115223 -0.860421955585
    outer loop
      vertex -0.396697968245 53.9756660461 34.3695793152
      vertex -0.39109608531 54.0410041809 33.0185661316
      vertex -0.780433595181 53.8113365173 33.0137062073
    endloop
  endfacet
  facet normal -0.789668262005 0.0280852299184 -0.612890958786
    outer loop
      vertex -0.0515880547464 54.3397216797 33.0250320435
      vertex 0.2234878093 54.6304283142 34.4153633118
      vertex 0.225751847029 54.6967048645 33.032661438
    endloop
  endfacet
  facet normal -0.658591210842 0.0336256176233 -0.751749277115
    outer loop
      vertex -0.0554027482867 54.2737350464 34.390422821
      vertex -0.39109608531 54.0410041809 33.0185661316
      vertex -0.396697968245 53.9756660461 34.3695793152
    endloop
  endfacet
  facet normal -0.788418114185 0.0274962391704 -0.614524900913
    outer loop
      vertex -0.0515880547464 54.3397216797 33.0250320435
      vertex -0.0554027482867 54.2737350464 34.390422821
      vertex 0.2234878093 54.6304283142 34.4153633118
    endloop
  endfacet
  facet normal -0.66054469347 0.0344006940722 -0.749998211861
    outer loop
      vertex -0.39109608531 54.0410041809 33.0185661316
      vertex -0.0554027482867 54.2737350464 34.390422821
      vertex -0.0515880547464 54.3397216797 33.0250320435
    endloop
  endfacet
  facet normal 0.205045759678 -0.0424192771316 -0.977832734585
    outer loop
      vertex -2.07057547569 53.5990333557 31.7423973083
      vertex -2.45192503929 53.62342453 30.4612998962
      vertex -2.50944495201 53.6909751892 31.740398407
    endloop
  endfacet
  facet normal 0.219937667251 -0.00286958809011 -0.975509703159
    outer loop
      vertex -2.10455107689 53.6034202576 33.0092773438
      vertex -2.50944495201 53.6909751892 31.740398407
      vertex -2.54562544823 53.7028694153 33.0114135742
    endloop
  endfacet
  facet normal 0.205035582185 0.00210934202187 -0.97875225544
    outer loop
      vertex -2.10455107689 53.6034202576 33.0092773438
      vertex -2.07057547569 53.5990333557 31.7423973083
      vertex -2.50944495201 53.6909751892 31.740398407
    endloop
  endfacet
  facet normal -0.995742440224 -0.0036380989477 -0.092107437551
    outer loop
      vertex 0.559240281582 55.4896850586 30.3554267883
      vertex 0.600009858608 55.9832420349 31.6924743652
      vertex 0.600009858608 55.9294395447 30.3303451538
    endloop
  endfacet
  facet normal 0.0193427298218 -0.042946960777 -0.99889010191
    outer loop
      vertex -1.622407794 53.5903587341 31.7425079346
      vertex -2.01693129539 53.5431060791 30.4657936096
      vertex -2.07057547569 53.5990333557 31.7423973083
    endloop
  endfacet
  facet normal 0.0329310670495 -0.0025779067073 -0.999454319477
    outer loop
      vertex -1.65268695354 53.5885314941 33.0089569092
      vertex -2.07057547569 53.5990333557 31.7423973083
      vertex -2.10455107689 53.6034202576 33.0092773438
    endloop
  endfacet
  facet normal -0.995634317398 -0.00406366027892 -0.0932513549924
    outer loop
      vertex 0.559240281582 55.4896850586 30.3554267883
      vertex 0.55816835165 55.5369110107 31.7017974854
      vertex 0.600009858608 55.9832420349 31.6924743652
    endloop
  endfacet
  facet normal 0.0193494763225 0.00190615851898 -0.999810993671
    outer loop
      vertex -1.65268695354 53.5885314941 33.0089569092
      vertex -1.622407794 53.5903587341 31.7425079346
      vertex -2.07057547569 53.5990333557 31.7423973083
    endloop
  endfacet
  facet normal -0.995634675026 -1.60737326951e-05 -0.0933359339833
    outer loop
      vertex 0.55816835165 55.5369110107 31.7017974854
      vertex 0.600009858608 55.9834785461 33.060092926
      vertex 0.600009858608 55.9832420349 31.6924743652
    endloop
  endfacet
  facet normal -0.166776776314 -0.0420802049339 -0.985096335411
    outer loop
      vertex -1.18026149273 53.6651496887 31.7410087585
      vertex -1.57448554039 53.5439376831 30.4658508301
      vertex -1.622407794 53.5903587341 31.7425079346
    endloop
  endfacet
  facet normal -0.155140310526 -0.00228287419304 -0.987889826298
    outer loop
      vertex -1.20594966412 53.6586914062 33.0104789734
      vertex -1.622407794 53.5903587341 31.7425079346
      vertex -1.65268695354 53.5885314941 33.0089569092
    endloop
  endfacet
  facet normal -0.995556116104 -0.000292665063171 -0.094169870019
    outer loop
      vertex 0.55816835165 55.5369110107 31.7017974854
      vertex 0.557453095913 55.5335426331 33.0505218506
      vertex 0.600009858608 55.9834785461 33.060092926
    endloop
  endfacet
  facet normal -0.166780158877 0.00164240621962 -0.985992729664
    outer loop
      vertex -1.20594966412 53.6586914062 33.0104789734
      vertex -1.18026149273 53.6651496887 31.7410087585
      vertex -1.622407794 53.5903587341 31.7425079346
    endloop
  endfacet
  facet normal -0.960833370686 0.000182911317097 -0.277126610279
    outer loop
      vertex 0.433952242136 55.1062316895 31.7107658386
      vertex 0.557453095913 55.5335426331 33.0505218506
      vertex 0.55816835165 55.5369110107 31.7017974854
    endloop
  endfacet
  facet normal -0.347217261791 -0.0398696698248 -0.936936795712
    outer loop
      vertex -0.759809434414 53.8208236694 31.7377128601
      vertex -1.13973021507 53.625705719 30.4611053467
      vertex -1.18026149273 53.6651496887 31.7410087585
    endloop
  endfacet
  facet normal -0.337648898363 -0.00204275595024 -0.941269934177
    outer loop
      vertex -0.780433595181 53.8113365173 33.0137062073
      vertex -1.18026149273 53.6651496887 31.7410087585
      vertex -1.20594966412 53.6586914062 33.0104789734
    endloop
  endfacet
  facet normal -0.960214316845 -0.000555735779926 -0.279263585806
    outer loop
      vertex 0.433952242136 55.1062316895 31.7107658386
      vertex 0.431209474802 55.0994491577 33.041229248
      vertex 0.557453095913 55.5335426331 33.0505218506
    endloop
  endfacet
  facet normal -0.892629086971 -0.0190091412514 -0.450390964746
    outer loop
      vertex 0.241369202733 54.6693153381 30.4019851685
      vertex 0.23183247447 54.7060050964 31.7191238403
      vertex 0.433952242136 55.1062316895 31.7107658386
    endloop
  endfacet
  facet normal -0.347208797932 0.00136063341051 -0.937786877155
    outer loop
      vertex -0.780433595181 53.8113365173 33.0137062073
      vertex -0.759809434414 53.8208236694 31.7377128601
      vertex -1.18026149273 53.6651496887 31.7410087585
    endloop
  endfacet
  facet normal -0.892626702785 0.000458116264781 -0.450796335936
    outer loop
      vertex 0.23183247447 54.7060050964 31.7191238403
      vertex 0.431209474802 55.0994491577 33.041229248
      vertex 0.433952242136 55.1062316895 31.7107658386
    endloop
  endfacet
  facet normal -0.798306763172 -0.0225446522236 -0.601828932762
    outer loop
      vertex -0.0250644665211 54.3166465759 30.4219589233
      vertex 0.23183247447 54.7060050964 31.7191238403
      vertex 0.241369202733 54.6693153381 30.4019851685
    endloop
  endfacet
  facet normal -0.51552426815 -0.0362316332757 -0.856108665466
    outer loop
      vertex -0.375539749861 54.0520133972 31.7328186035
      vertex -0.72750467062 53.7858695984 30.4520988464
      vertex -0.759809434414 53.8208236694 31.7377128601
    endloop
  endfacet
  facet normal -0.508061826229 -0.00180782692041 -0.861318707466
    outer loop
      vertex -0.39109608531 54.0410041809 33.0185661316
      vertex -0.759809434414 53.8208236694 31.7377128601
      vertex -0.780433595181 53.8113365173 33.0137062073
    endloop
  endfacet
  facet normal -0.8907751441 -0.00090646033641 -0.454443454742
    outer loop
      vertex 0.23183247447 54.7060050964 31.7191238403
      vertex 0.225751847029 54.6967048645 33.032661438
      vertex 0.431209474802 55.0994491577 33.041229248
    endloop
  endfacet
  facet normal -0.793043315411 -0.0256272461265 -0.608625948429
    outer loop
      vertex -0.0250644665211 54.3166465759 30.4219589233
      vertex -0.0412158928812 54.3505363464 31.7266197205
      vertex 0.23183247447 54.7060050964 31.7191238403
    endloop
  endfacet
  facet normal -0.5155133605 0.0011000817176 -0.856880843639
    outer loop
      vertex -0.39109608531 54.0410041809 33.0185661316
      vertex -0.375539749861 54.0520133972 31.7328186035
      vertex -0.759809434414 53.8208236694 31.7377128601
    endloop
  endfacet
  facet normal -0.793036043644 0.000641373044346 -0.609174370766
    outer loop
      vertex -0.0412158928812 54.3505363464 31.7266197205
      vertex 0.225751847029 54.6967048645 33.032661438
      vertex 0.23183247447 54.7060050964 31.7191238403
    endloop
  endfacet
  facet normal -0.660548865795 -0.00156322238036 -0.750781416893
    outer loop
      vertex -0.0515880547464 54.3397216797 33.0250320435
      vertex -0.375539749861 54.0520133972 31.7328186035
      vertex -0.39109608531 54.0410041809 33.0185661316
    endloop
  endfacet
  facet normal -0.789676070213 -0.00119802716654 -0.613522827625
    outer loop
      vertex -0.0412158928812 54.3505363464 31.7266197205
      vertex -0.0515880547464 54.3397216797 33.0250320435
      vertex 0.225751847029 54.6967048645 33.032661438
    endloop
  endfacet
  facet normal -0.666030526161 0.000892494921573 -0.745923995972
    outer loop
      vertex -0.375539749861 54.0520133972 31.7328186035
      vertex -0.0515880547464 54.3397216797 33.0250320435
      vertex -0.0412158928812 54.3505363464 31.7266197205
    endloop
  endfacet
  facet normal 0.181811377406 -0.0354104116559 -0.982695639133
    outer loop
      vertex -2.07057547569 53.5990333557 31.7423973083
      vertex -2.01693129539 53.5431060791 30.4657936096
      vertex -2.45192503929 53.62342453 30.4612998962
    endloop
  endfacet
  facet normal 0.18182271719 -0.0709323212504 -0.980769634247
    outer loop
      vertex -2.01693129539 53.5431060791 30.4657936096
      vertex -2.39845991135 53.5455818176 29.5220336914
      vertex -2.45192503929 53.62342453 30.4612998962
    endloop
  endfacet
  facet normal 0.160132661462 -0.0621523447335 -0.98513686657
    outer loop
      vertex -2.01693129539 53.5431060791 30.4657936096
      vertex -1.96716082096 53.4758110046 29.5273704529
      vertex -2.39845991135 53.5455818176 29.5220336914
    endloop
  endfacet
  facet normal -0.00187167723197 -0.0364078730345 -0.999335289001
    outer loop
      vertex -1.622407794 53.5903587341 31.7425079346
      vertex -1.57448554039 53.5439376831 30.4658508301
      vertex -2.01693129539 53.5431060791 30.4657936096
    endloop
  endfacet
  facet normal -0.00186354061589 -0.0716255530715 -0.997429847717
    outer loop
      vertex -1.57448554039 53.5439376831 30.4658508301
      vertex -1.96716082096 53.4758110046 29.5273704529
      vertex -2.01693129539 53.5431060791 30.4657936096
    endloop
  endfacet
  facet normal -0.995968997478 -0.00814503338188 -0.089327737689
    outer loop
      vertex 0.600009858608 55.7791442871 28.3614692688
      vertex 0.561386048794 55.3521003723 28.4009132385
      vertex 0.560314118862 55.4290885925 29.3763275146
    endloop
  endfacet
  facet normal -0.02135701105 -0.0634926781058 -0.997753739357
    outer loop
      vertex -1.57448554039 53.5439376831 30.4658508301
      vertex -1.53031909466 53.485118866 29.5266914368
      vertex -1.96716082096 53.4758110046 29.5273704529
    endloop
  endfacet
  facet normal -0.185100287199 -0.0361262969673 -0.982055366039
    outer loop
      vertex -1.18026149273 53.6651496887 31.7410087585
      vertex -1.13973021507 53.625705719 30.4611053467
      vertex -1.57448554039 53.5439376831 30.4658508301
    endloop
  endfacet
  facet normal -0.995692312717 -0.00705724116415 -0.0924500226974
    outer loop
      vertex 0.560314118862 55.4290885925 29.3763275146
      vertex 0.600009858608 55.9294395447 30.3303451538
      vertex 0.600009858608 55.7791442871 28.3614692688
    endloop
  endfacet
  facet normal -0.963929057121 -0.0219950340688 -0.265248835087
    outer loop
      vertex 0.560314118862 55.4290885925 29.3763275146
      vertex 0.561386048794 55.3521003723 28.4009132385
      vertex 0.446767747402 54.9387397766 28.4391136169
    endloop
  endfacet
  facet normal -0.202404543757 -0.0875816717744 -0.97537779808
    outer loop
      vertex -1.10253703594 53.5732765198 29.5198707581
      vertex -1.48025119305 53.4105415344 28.5804328918
      vertex -1.53031909466 53.485118866 29.5266914368
    endloop
  endfacet
  facet normal -0.185124367476 -0.0700956657529 -0.98021197319
    outer loop
      vertex -1.13973021507 53.625705719 30.4611053467
      vertex -1.53031909466 53.485118866 29.5266914368
      vertex -1.57448554039 53.5439376831 30.4658508301
    endloop
  endfacet
  facet normal -0.995742559433 -0.00678145512938 -0.0919281691313
    outer loop
      vertex 0.560314118862 55.4290885925 29.3763275146
      vertex 0.559240281582 55.4896850586 30.3554267883
      vertex 0.600009858608 55.9294395447 30.3303451538
    endloop
  endfacet
  facet normal -0.962863922119 -0.0240419823676 -0.268914580345
    outer loop
      vertex 0.560314118862 55.4290885925 29.3763275146
      vertex 0.446767747402 54.9387397766 28.4391136169
      vertex 0.442356050014 55.00963974 29.4088401794
    endloop
  endfacet
  facet normal -0.221649318933 -0.0792418345809 -0.971901416779
    outer loop
      vertex -1.10253703594 53.5732765198 29.5198707581
      vertex -1.06039607525 53.505569458 28.5715522766
      vertex -1.48025119305 53.4105415344 28.5804328918
    endloop
  endfacet
  facet normal -0.202401846647 -0.0624370090663 -0.977310121059
    outer loop
      vertex -1.13973021507 53.625705719 30.4611053467
      vertex -1.10253703594 53.5732765198 29.5198707581
      vertex -1.53031909466 53.485118866 29.5266914368
    endloop
  endfacet
  facet normal -0.362594217062 -0.0344335734844 -0.931310772896
    outer loop
      vertex -0.759809434414 53.8208236694 31.7377128601
      vertex -0.72750467062 53.7858695984 30.4520988464
      vertex -1.13973021507 53.625705719 30.4611053467
    endloop
  endfacet
  facet normal -0.96186119318 -0.0103538064286 -0.273342102766
    outer loop
      vertex 0.43824377656 55.0648231506 30.3795013428
      vertex 0.55816835165 55.5369110107 31.7017974854
      vertex 0.559240281582 55.4896850586 30.3554267883
    endloop
  endfacet
  facet normal -0.962864041328 -0.017729235813 -0.269403934479
    outer loop
      vertex 0.442356050014 55.00963974 29.4088401794
      vertex 0.559240281582 55.4896850586 30.3554267883
      vertex 0.560314118862 55.4290885925 29.3763275146
    endloop
  endfacet
  facet normal -0.900781452656 -0.0357418656349 -0.432799369097
    outer loop
      vertex 0.442356050014 55.00963974 29.4088401794
      vertex 0.446767747402 54.9387397766 28.4391136169
      vertex 0.259786576033 54.5525245667 28.4748077393
    endloop
  endfacet
  facet normal -0.37647074461 -0.082611516118 -0.922737836838
    outer loop
      vertex -0.69776147604 53.737285614 29.5071563721
      vertex -1.06039607525 53.505569458 28.5715522766
      vertex -1.10253703594 53.5732765198 29.5198707581
    endloop
  endfacet
  facet normal -0.362617790699 -0.0661098659039 -0.929590165615
    outer loop
      vertex -0.72750467062 53.7858695984 30.4520988464
      vertex -1.10253703594 53.5732765198 29.5198707581
      vertex -1.13973021507 53.625705719 30.4611053467
    endloop
  endfacet
  facet normal -0.96083343029 -0.0117097562179 -0.276878982782
    outer loop
      vertex 0.43824377656 55.0648231506 30.3795013428
      vertex 0.433952242136 55.1062316895 31.7107658386
      vertex 0.55816835165 55.5369110107 31.7017974854
    endloop
  endfacet
  facet normal -0.961865663528 -0.0195850618184 -0.272820264101
    outer loop
      vertex 0.442356050014 55.00963974 29.4088401794
      vertex 0.43824377656 55.0648231506 30.3795013428
      vertex 0.559240281582 55.4896850586 30.3554267883
    endloop
  endfacet
  facet normal -0.897873044014 -0.0391071289778 -0.438514083624
    outer loop
      vertex 0.442356050014 55.00963974 29.4088401794
      vertex 0.259786576033 54.5525245667 28.4748077393
      vertex 0.250070542097 54.6186180115 29.4389801025
    endloop
  endfacet
  facet normal -0.392291992903 -0.0750032141805 -0.916777789593
    outer loop
      vertex -0.69776147604 53.737285614 29.5071563721
      vertex -0.664323747158 53.6737785339 28.5560264587
      vertex -1.06039607525 53.505569458 28.5715522766
    endloop
  endfacet
  facet normal -0.376465439796 -0.0593840032816 -0.924525439739
    outer loop
      vertex -0.72750467062 53.7858695984 30.4520988464
      vertex -0.69776147604 53.737285614 29.5071563721
      vertex -1.10253703594 53.5732765198 29.5198707581
    endloop
  endfacet
  facet normal -0.527264297009 -0.0315519832075 -0.849115312099
    outer loop
      vertex -0.375539749861 54.0520133972 31.7328186035
      vertex -0.351577699184 54.0188102722 30.4388046265
      vertex -0.72750467062 53.7858695984 30.4520988464
    endloop
  endfacet
  facet normal -0.895476162434 -0.0167221277952 -0.444795191288
    outer loop
      vertex 0.241369202733 54.6693153381 30.4019851685
      vertex 0.433952242136 55.1062316895 31.7107658386
      vertex 0.43824377656 55.0648231506 30.3795013428
    endloop
  endfacet
  facet normal -0.897874116898 -0.0287790875882 -0.439310669899
    outer loop
      vertex 0.250070542097 54.6186180115 29.4389801025
      vertex 0.43824377656 55.0648231506 30.3795013428
      vertex 0.442356050014 55.00963974 29.4088401794
    endloop
  endfacet
  facet normal -0.808661341667 -0.0483375303447 -0.586285173893
    outer loop
      vertex 0.250070542097 54.6186180115 29.4389801025
      vertex 0.259786576033 54.5525245667 28.4748077393
      vertex 0.00646781828254 54.2057647705 28.5068473816
    endloop
  endfacet
  facet normal -0.538244366646 -0.0749710723758 -0.839447617531
    outer loop
      vertex -0.329643219709 53.971698761 29.4890213013
      vertex -0.664323747158 53.6737785339 28.5560264587
      vertex -0.69776147604 53.737285614 29.5071563721
    endloop
  endfacet
  facet normal -0.527302801609 -0.0601737983525 -0.847544014454
    outer loop
      vertex -0.351577699184 54.0188102722 30.4388046265
      vertex -0.69776147604 53.737285614 29.5071563721
      vertex -0.72750467062 53.7858695984 30.4520988464
    endloop
  endfacet
  facet normal -0.666034817696 -0.0314566753805 -0.745257079601
    outer loop
      vertex -0.0412158928812 54.3505363464 31.7266197205
      vertex -0.351577699184 54.0188102722 30.4388046265
      vertex -0.375539749861 54.0520133972 31.7328186035
    endloop
  endfacet
  facet normal -0.895491600037 -0.0314638130367 -0.443964838982
    outer loop
      vertex 0.250070542097 54.6186180115 29.4389801025
      vertex 0.241369202733 54.6693153381 30.4019851685
      vertex 0.43824377656 55.0648231506 30.3795013428
    endloop
  endfacet
  facet normal -0.803165853024 -0.0529249571264 -0.593400001526
    outer loop
      vertex 0.250070542097 54.6186180115 29.4389801025
      vertex 0.00646781828254 54.2057647705 28.5068473816
      vertex -0.0102214803919 54.2687339783 29.4661216736
    endloop
  endfacet
  facet normal -0.550197482109 -0.0683786645532 -0.832230210304
    outer loop
      vertex -0.329643219709 53.971698761 29.4890213013
      vertex -0.30490681529 53.9096069336 28.5342636108
      vertex -0.664323747158 53.6737785339 28.5560264587
    endloop
  endfacet
  facet normal -0.690705120564 -0.059324465692 -0.72069901228
    outer loop
      vertex -0.0102214803919 54.2687339783 29.4661216736
      vertex 0.00646781828254 54.2057647705 28.5068473816
      vertex -0.30490681529 53.9096069336 28.5342636108
    endloop
  endfacet
  facet normal -0.538239359856 -0.0541478432715 -0.841050744057
    outer loop
      vertex -0.351577699184 54.0188102722 30.4388046265
      vertex -0.329643219709 53.971698761 29.4890213013
      vertex -0.69776147604 53.737285614 29.5071563721
    endloop
  endfacet
  facet normal -0.674439370632 -0.027514802292 -0.73781734705
    outer loop
      vertex -0.351577699184 54.0188102722 30.4388046265
      vertex -0.0412158928812 54.3505363464 31.7266197205
      vertex -0.0250644665211 54.3166465759 30.4219589233
    endloop
  endfacet
  facet normal -0.803161978722 -0.0385550968349 -0.59451186657
    outer loop
      vertex -0.0102214803919 54.2687339783 29.4661216736
      vertex 0.241369202733 54.6693153381 30.4019851685
      vertex 0.250070542097 54.6186180115 29.4389801025
    endloop
  endfacet
  facet normal -0.682033658028 -0.0650432631373 -0.728422641754
    outer loop
      vertex -0.0102214803919 54.2687339783 29.4661216736
      vertex -0.30490681529 53.9096069336 28.5342636108
      vertex -0.329643219709 53.971698761 29.4890213013
    endloop
  endfacet
  facet normal -0.674470603466 -0.0521061420441 -0.73646068573
    outer loop
      vertex -0.0250644665211 54.3166465759 30.4219589233
      vertex -0.329643219709 53.971698761 29.4890213013
      vertex -0.351577699184 54.0188102722 30.4388046265
    endloop
  endfacet
  facet normal -0.798331081867 -0.0425096303225 -0.600716590881
    outer loop
      vertex -0.0102214803919 54.2687339783 29.4661216736
      vertex -0.0250644665211 54.3166465759 30.4219589233
      vertex 0.241369202733 54.6693153381 30.4019851685
    endloop
  endfacet
  facet normal -0.68203240633 -0.0471742488444 -0.729798853397
    outer loop
      vertex -0.329643219709 53.971698761 29.4890213013
      vertex -0.0250644665211 54.3166465759 30.4219589233
      vertex -0.0102214803919 54.2687339783 29.4661216736
    endloop
  endfacet
  facet normal -0.995685338974 -0.00929148681462 -0.0923275351524
    outer loop
      vertex 0.558645188808 54.9291763306 24.3507938385
      vertex 0.600009858608 55.5834236145 26.4192581177
      vertex 0.600009858608 55.3711929321 24.3103561401
    endloop
  endfacet
  facet normal -0.995338499546 -0.0104214828461 -0.0958781838417
    outer loop
      vertex 0.558645188808 54.9291763306 24.3507938385
      vertex 0.555366456509 55.1252059937 26.4674453735
      vertex 0.600009858608 55.5834236145 26.4192581177
    endloop
  endfacet
  facet normal -0.961293816566 -0.0268848445266 -0.274210482836
    outer loop
      vertex 0.435859620571 54.5025482178 24.3897628784
      vertex 0.555366456509 55.1252059937 26.4674453735
      vertex 0.558645188808 54.9291763306 24.3507938385
    endloop
  endfacet
  facet normal -0.958282530308 -0.030062938109 -0.28423717618
    outer loop
      vertex 0.435859620571 54.5025482178 24.3897628784
      vertex 0.423044145107 54.6840019226 26.5138397217
      vertex 0.555366456509 55.1252059937 26.4674453735
    endloop
  endfacet
  facet normal -0.893892049789 -0.0435073487461 -0.446166008711
    outer loop
      vertex 0.236064881086 54.1058082581 24.4261245728
      vertex 0.423044145107 54.6840019226 26.5138397217
      vertex 0.435859620571 54.5025482178 24.3897628784
    endloop
  endfacet
  facet normal -0.885526895523 -0.0486511290073 -0.462033748627
    outer loop
      vertex 0.236064881086 54.1058082581 24.4261245728
      vertex 0.207931503654 54.2762260437 26.5566329956
      vertex 0.423044145107 54.6840019226 26.5138397217
    endloop
  endfacet
  facet normal -0.795499205589 -0.0587461143732 -0.603100240231
    outer loop
      vertex -0.0340633355081 53.7526397705 24.4583320618
      vertex 0.207931503654 54.2762260437 26.5566329956
      vertex 0.236064881086 54.1058082581 24.4261245728
    endloop
  endfacet
  facet normal -0.780107200146 -0.0652945041656 -0.622229337692
    outer loop
      vertex -0.0340633355081 53.7526397705 24.4583320618
      vertex -0.0817470476031 53.9169998169 26.5943222046
      vertex 0.207931503654 54.2762260437 26.5566329956
    endloop
  endfacet
  facet normal -0.669632256031 -0.0718298107386 -0.739211142063
    outer loop
      vertex -0.36504933238 53.4554519653 24.4855499268
      vertex -0.0817470476031 53.9169998169 26.5943222046
      vertex -0.0340633355081 53.7526397705 24.4583320618
    endloop
  endfacet
  facet normal -0.645267128944 -0.0796089544892 -0.759797871113
    outer loop
      vertex -0.36504933238 53.4554519653 24.4855499268
      vertex -0.435321748257 53.6200065613 26.6256370544
      vertex -0.0817470476031 53.9169998169 26.5943222046
    endloop
  endfacet
  facet normal -0.520905792713 -0.0824321806431 -0.849624693394
    outer loop
      vertex -0.745565354824 53.2242050171 24.5066585541
      vertex -0.435321748257 53.6200065613 26.6256370544
      vertex -0.36504933238 53.4554519653 24.4855499268
    endloop
  endfacet
  facet normal -0.48661288619 -0.0910460650921 -0.86886048317
    outer loop
      vertex -0.745565354824 53.2242050171 24.5066585541
      vertex -0.839799821377 53.395942688 26.6491889954
      vertex -0.435321748257 53.6200065613 26.6256370544
    endloop
  endfacet
  facet normal -0.354097574949 -0.0901864245534 -0.930849790573
    outer loop
      vertex -1.1623800993 53.0670433044 24.5210571289
      vertex -0.839799821377 53.395942688 26.6491889954
      vertex -0.745565354824 53.2242050171 24.5066585541
    endloop
  endfacet
  facet normal -0.30982157588 -0.0991785600781 -0.945607841015
    outer loop
      vertex -1.1623800993 53.0670433044 24.5210571289
      vertex -1.27997946739 53.2532844543 26.6641159058
      vertex -0.839799821377 53.395942688 26.6491889954
    endloop
  endfacet
  facet normal -0.174739971757 -0.094758681953 -0.98004424572
    outer loop
      vertex -1.60130870342 52.9894714355 24.5281467438
      vertex -1.27997946739 53.2532844543 26.6641159058
      vertex -1.1623800993 53.0670433044 24.5210571289
    endloop
  endfacet
  facet normal 0.109073720872 -0.118044994771 -0.986999630928
    outer loop
      vertex -2.99611639977 53.1616973877 25.0545654297
      vertex -2.04697203636 52.9938011169 24.5277290344
      vertex -2.99611639977 53.0369110107 24.0111999512
    endloop
  endfacet
  facet normal 0.14087601006 -0.127258777618 -0.981814205647
    outer loop
      vertex -2.99611639977 53.3429107666 26.4526443481
      vertex -2.12332510948 53.1073570251 25.6014823914
      vertex -2.99611639977 53.1616973877 25.0545654297
    endloop
  endfacet
  facet normal -0.121606186032 -0.103630080819 -0.987153887749
    outer loop
      vertex -1.60130870342 52.9894714355 24.5281467438
      vertex -1.73947107792 53.1973075867 26.6700668335
      vertex -1.27997946739 53.2532844543 26.6641159058
    endloop
  endfacet
  facet normal 0.121567949653 -0.0958369746804 -0.987945616245
    outer loop
      vertex -2.12332510948 53.1073570251 25.6014823914
      vertex -2.04697203636 52.9938011169 24.5277290344
      vertex -2.99611639977 53.1616973877 25.0545654297
    endloop
  endfacet
  facet normal 0.0301891118288 -0.0946055427194 -0.995056986809
    outer loop
      vertex -2.12332510948 53.1073570251 25.6014823914
      vertex -1.73947107792 53.1973075867 26.6700668335
      vertex -1.60130870342 52.9894714355 24.5281467438
    endloop
  endfacet
  facet normal 0.00975836347789 -0.104478560388 -0.994479238987
    outer loop
      vertex -2.04697203636 52.9938011169 24.5277290344
      vertex -2.12332510948 53.1073570251 25.6014823914
      vertex -1.60130870342 52.9894714355 24.5281467438
    endloop
  endfacet
  facet normal 0.0797627642751 -0.140120625496 -0.986916482449
    outer loop
      vertex -4.19267988205 53.1606750488 24.0198516846
      vertex -2.99623656273 52.9612846375 23.2965545654
      vertex -4.19267988205 53.0589675903 23.3034934998
    endloop
  endfacet
  facet normal 0.10156840086 -0.104708634317 -0.989302754402
    outer loop
      vertex -4.19267988205 53.1606750488 24.0198516846
      vertex -2.99611639977 53.0369110107 24.0111999512
      vertex -2.99623656273 52.9612846375 23.2965545654
    endloop
  endfacet
  facet normal 0.077630020678 -0.104931302369 -0.991444885731
    outer loop
      vertex -2.99611639977 53.0369110107 24.0111999512
      vertex -1.9759824276 52.8971977234 23.4458007812
      vertex -2.99623656273 52.9612846375 23.2965545654
    endloop
  endfacet
  facet normal 0.0900916904211 -0.0827061533928 -0.992493391037
    outer loop
      vertex -2.99611639977 53.0369110107 24.0111999512
      vertex -2.04697203636 52.9938011169 24.5277290344
      vertex -1.9759824276 52.8971977234 23.4458007812
    endloop
  endfacet
  facet normal 0.00975846592337 -0.0882943943143 -0.996046602726
    outer loop
      vertex -1.60130870342 52.9894714355 24.5281467438
      vertex -1.9759824276 52.8971977234 23.4458007812
      vertex -2.04697203636 52.9938011169 24.5277290344
    endloop
  endfacet
  facet normal -0.0179336816072 -0.0787666514516 -0.996731758118
    outer loop
      vertex -1.60130870342 52.9894714355 24.5281467438
      vertex -1.53824603558 52.9050292969 23.445274353
      vertex -1.9759824276 52.8971977234 23.4458007812
    endloop
  endfacet
  facet normal -0.17474155128 -0.0866557955742 -0.980793654919
    outer loop
      vertex -1.1623800993 53.0670433044 24.5210571289
      vertex -1.53824603558 52.9050292969 23.445274353
      vertex -1.60130870342 52.9894714355 24.5281467438
    endloop
  endfacet
  facet normal -0.199518159032 -0.077402561903 -0.976832330227
    outer loop
      vertex -1.1623800993 53.0670433044 24.5210571289
      vertex -1.10927188396 52.9921302795 23.4387168884
      vertex -1.53824603558 52.9050292969 23.445274353
    endloop
  endfacet
  facet normal -0.35409963131 -0.0818580091 -0.931618332863
    outer loop
      vertex -0.745565354824 53.2242050171 24.5066585541
      vertex -1.10927188396 52.9921302795 23.4387168884
      vertex -1.1623800993 53.0670433044 24.5210571289
    endloop
  endfacet
  facet normal -0.373784691095 -0.0736262649298 -0.924588680267
    outer loop
      vertex -0.745565354824 53.2242050171 24.5066585541
      vertex -0.703065812588 53.155380249 23.4265594482
      vertex -1.10927188396 52.9921302795 23.4387168884
    endloop
  endfacet
  facet normal -0.995832145214 -0.00759434327483 -0.0908878743649
    outer loop
      vertex 0.560075700283 54.8492507935 23.3003311157
      vertex 0.600009858608 55.3711929321 24.3103561401
      vertex 0.600009858608 55.2840805054 23.2678222656
    endloop
  endfacet
  facet normal -0.52090972662 -0.0746837854385 -0.85033839941
    outer loop
      vertex -0.36504933238 53.4554519653 24.4855499268
      vertex -0.703065812588 53.155380249 23.4265594482
      vertex -0.745565354824 53.2242050171 24.5066585541
    endloop
  endfacet
  facet normal -0.995685696602 -0.00838687736541 -0.0924103185534
    outer loop
      vertex 0.560075700283 54.8492507935 23.3003311157
      vertex 0.558645188808 54.9291763306 24.3507938385
      vertex 0.600009858608 55.3711929321 24.3103561401
    endloop
  endfacet
  facet normal -0.53624600172 -0.0672497525811 -0.841378450394
    outer loop
      vertex -0.36504933238 53.4554519653 24.4855499268
      vertex -0.333578079939 53.3894767761 23.4091262817
      vertex -0.703065812588 53.155380249 23.4265594482
    endloop
  endfacet
  facet normal -0.962710738182 -0.0218271855265 -0.26965084672
    outer loop
      vertex 0.441640794277 54.4289512634 23.3316955566
      vertex 0.558645188808 54.9291763306 24.3507938385
      vertex 0.560075700283 54.8492507935 23.3003311157
    endloop
  endfacet
  facet normal -0.669635236263 -0.0649263337255 -0.739846765995
    outer loop
      vertex -0.0340633355081 53.7526397705 24.4583320618
      vertex -0.333578079939 53.3894767761 23.4091262817
      vertex -0.36504933238 53.4554519653 24.4855499268
    endloop
  endfacet
  facet normal -0.961295187473 -0.0243420116603 -0.274443149567
    outer loop
      vertex 0.441640794277 54.4289512634 23.3316955566
      vertex 0.435859620571 54.5025482178 24.3897628784
      vertex 0.558645188808 54.9291763306 24.3507938385
    endloop
  endfacet
  facet normal -0.680718183517 -0.0584274493158 -0.730211555958
    outer loop
      vertex -0.0340633355081 53.7526397705 24.4583320618
      vertex -0.012844084762 53.6866950989 23.3869609833
      vertex -0.333578079939 53.3894767761 23.4091262817
    endloop
  endfacet
  facet normal -0.897393167019 -0.0354947969317 -0.439801812172
    outer loop
      vertex 0.2484626472 54.0371322632 23.3608169556
      vertex 0.435859620571 54.5025482178 24.3897628784
      vertex 0.441640794277 54.4289512634 23.3316955566
    endloop
  endfacet
  facet normal -0.795502960682 -0.0529099218547 -0.603635311127
    outer loop
      vertex 0.236064881086 54.1058082581 24.4261245728
      vertex -0.012844084762 53.6866950989 23.3869609833
      vertex -0.0340633355081 53.7526397705 24.4583320618
    endloop
  endfacet
  facet normal -0.893893778324 -0.0391901582479 -0.44656252861
    outer loop
      vertex 0.2484626472 54.0371322632 23.3608169556
      vertex 0.236064881086 54.1058082581 24.4261245728
      vertex 0.435859620571 54.5025482178 24.3897628784
    endloop
  endfacet
  facet normal -0.802456140518 -0.0476822219789 -0.594802975655
    outer loop
      vertex -0.012844084762 53.6866950989 23.3869609833
      vertex 0.236064881086 54.1058082581 24.4261245728
      vertex 0.2484626472 54.0371322632 23.3608169556
    endloop
  endfacet
  facet normal -0.199514374137 -0.0663122087717 -0.977648556232
    outer loop
      vertex -1.10927188396 52.9921302795 23.4387168884
      vertex -1.48352992535 52.8422927856 22.3557128906
      vertex -1.53824603558 52.9050292969 23.445274353
    endloop
  endfacet
  facet normal -0.220510274172 -0.0585004240274 -0.973628759384
    outer loop
      vertex -1.10927188396 52.9921302795 23.4387168884
      vertex -1.06319797039 52.9371948242 22.3507995605
      vertex -1.48352992535 52.8422927856 22.3557128906
    endloop
  endfacet
  facet normal -0.37378141284 -0.0625565648079 -0.925404846668
    outer loop
      vertex -0.703065812588 53.155380249 23.4265594482
      vertex -1.06319797039 52.9371948242 22.3507995605
      vertex -1.10927188396 52.9921302795 23.4387168884
    endloop
  endfacet
  facet normal -0.391301870346 -0.0553108416498 -0.918598711491
    outer loop
      vertex -0.703065812588 53.155380249 23.4265594482
      vertex -0.666587769985 53.1056137085 22.3420181274
      vertex -1.06319797039 52.9371948242 22.3507995605
    endloop
  endfacet
  facet normal -0.99597465992 -0.00569272227585 -0.0894543007016
    outer loop
      vertex 0.561386048794 54.7895736694 22.2546463013
      vertex 0.600009858608 55.2840805054 23.2678222656
      vertex 0.600009858608 55.2181930542 22.2324295044
    endloop
  endfacet
  facet normal -0.536241948605 -0.0566784366965 -0.842159211636
    outer loop
      vertex -0.333578079939 53.3894767761 23.4091262817
      vertex -0.666587769985 53.1056137085 22.3420181274
      vertex -0.703065812588 53.155380249 23.4265594482
    endloop
  endfacet
  facet normal -0.995832443237 -0.00643997266889 -0.0909741967916
    outer loop
      vertex 0.561386048794 54.7895736694 22.2546463013
      vertex 0.560075700283 54.8492507935 23.3003311157
      vertex 0.600009858608 55.2840805054 23.2678222656
    endloop
  endfacet
  facet normal -0.549439132214 -0.0503929741681 -0.834012687206
    outer loop
      vertex -0.333578079939 53.3894767761 23.4091262817
      vertex -0.306457459927 53.342124939 22.3297996521
      vertex -0.666587769985 53.1056137085 22.3420181274
    endloop
  endfacet
  facet normal -0.963860988617 -0.0163833610713 -0.265901476145
    outer loop
      vertex 0.446588456631 54.3747711182 22.276184082
      vertex 0.560075700283 54.8492507935 23.3003311157
      vertex 0.561386048794 54.7895736694 22.2546463013
    endloop
  endfacet
  facet normal -0.680713891983 -0.0491680279374 -0.73089748621
    outer loop
      vertex -0.012844084762 53.6866950989 23.3869609833
      vertex -0.306457459927 53.342124939 22.3297996521
      vertex -0.333578079939 53.3894767761 23.4091262817
    endloop
  endfacet
  facet normal -0.962710618973 -0.0183674748987 -0.269908964634
    outer loop
      vertex 0.446588456631 54.3747711182 22.276184082
      vertex 0.441640794277 54.4289512634 23.3316955566
      vertex 0.560075700283 54.8492507935 23.3003311157
    endloop
  endfacet
  facet normal -0.690012574196 -0.0438381396234 -0.722468614578
    outer loop
      vertex -0.012844084762 53.6866950989 23.3869609833
      vertex 0.0055141444318 53.6391448975 22.3143615723
      vertex -0.306457459927 53.342124939 22.3297996521
    endloop
  endfacet
  facet normal -0.900452196598 -0.0265062004328 -0.434146612883
    outer loop
      vertex 0.259071320295 53.9870796204 22.2963371277
      vertex 0.441640794277 54.4289512634 23.3316955566
      vertex 0.446588456631 54.3747711182 22.276184082
    endloop
  endfacet
  facet normal -0.802453160286 -0.0401279106736 -0.595364332199
    outer loop
      vertex 0.2484626472 54.0371322632 23.3608169556
      vertex 0.0055141444318 53.6391448975 22.3143615723
      vertex -0.012844084762 53.6866950989 23.3869609833
    endloop
  endfacet
  facet normal -0.897392451763 -0.0296447053552 -0.440236270428
    outer loop
      vertex 0.259071320295 53.9870796204 22.2963371277
      vertex 0.2484626472 54.0371322632 23.3608169556
      vertex 0.441640794277 54.4289512634 23.3316955566
    endloop
  endfacet
  facet normal -0.808529615402 -0.0356778986752 -0.587372899055
    outer loop
      vertex 0.0055141444318 53.6391448975 22.3143615723
      vertex 0.2484626472 54.0371322632 23.3608169556
      vertex 0.259071320295 53.9870796204 22.2963371277
    endloop
  endfacet
  facet normal 0.100504241884 -0.156133592129 -0.982609391212
    outer loop
      vertex -4.19250059128 53.3269042969 25.066116333
      vertex -2.99611639977 53.0369110107 24.0111999512
      vertex -4.19267988205 53.1606750488 24.0198516846
    endloop
  endfacet
  facet normal 0.134724795818 -0.117670848966 -0.983871340752
    outer loop
      vertex -4.19250059128 53.3269042969 25.066116333
      vertex -2.99611639977 53.1616973877 25.0545654297
      vertex -2.99611639977 53.0369110107 24.0111999512
    endloop
  endfacet
  facet normal 0.133280321956 -0.167196244001 -0.976873457432
    outer loop
      vertex -4.19250059128 53.5668983459 26.4683074951
      vertex -2.99611639977 53.1616973877 25.0545654297
      vertex -4.19250059128 53.3269042969 25.066116333
    endloop
  endfacet
  facet normal 0.180944815278 -0.126418888569 -0.975334405899
    outer loop
      vertex -4.19250059128 53.5668983459 26.4683074951
      vertex -2.99611639977 53.3429107666 26.4526443481
      vertex -2.99611639977 53.1616973877 25.0545654297
    endloop
  endfacet
  facet normal 0.262754678726 -0.108240656555 -0.95877212286
    outer loop
      vertex -4.19244146347 53.9894638062 29.0849952698
      vertex -2.99605727196 53.6589698792 29.0617790222
      vertex -2.99605727196 53.5320053101 27.9371604919
    endloop
  endfacet
  facet normal 0.228026032448 -0.14598326385 -0.962648928165
    outer loop
      vertex -4.19244146347 53.9894638062 29.0849952698
      vertex -2.99605727196 53.5320053101 27.9371604919
      vertex -4.19250059128 53.8184700012 27.9573287964
    endloop
  endfacet
  facet normal 0.179459050298 -0.16388617456 -0.970018446445
    outer loop
      vertex -4.19250059128 53.8184700012 27.9573287964
      vertex -2.99611639977 53.3429107666 26.4526443481
      vertex -4.19250059128 53.5668983459 26.4683074951
    endloop
  endfacet
  facet normal -0.0213548019528 -0.0897957086563 -0.99573123455
    outer loop
      vertex -1.53031909466 53.485118866 29.5266914368
      vertex -1.91065573692 53.3917808533 28.5821342468
      vertex -1.96716082096 53.4758110046 29.5273704529
    endloop
  endfacet
  facet normal 0.160131171346 -0.0890920162201 -0.98306697607
    outer loop
      vertex -1.96716082096 53.4758110046 29.5273704529
      vertex -2.33706831932 53.4499092102 28.5766868591
      vertex -2.39845991135 53.5455818176 29.5220336914
    endloop
  endfacet
  facet normal 0.226610258222 -0.109264075756 -0.967837333679
    outer loop
      vertex -2.99605727196 53.6589698792 29.0617790222
      vertex -2.33706831932 53.4499092102 28.5766868591
      vertex -2.99605727196 53.5320053101 27.9371604919
    endloop
  endfacet
  facet normal 0.229118898511 -0.123003438115 -0.96559548378
    outer loop
      vertex -4.19250059128 53.8184700012 27.9573287964
      vertex -2.99605727196 53.5320053101 27.9371604919
      vertex -2.99611639977 53.3429107666 26.4526443481
    endloop
  endfacet
  facet normal -0.0437229685485 -0.080792888999 -0.995771467686
    outer loop
      vertex -1.53031909466 53.485118866 29.5266914368
      vertex -1.48025119305 53.4105415344 28.5804328918
      vertex -1.91065573692 53.3917808533 28.5821342468
    endloop
  endfacet
  facet normal 0.135636970401 -0.0796835422516 -0.987549066544
    outer loop
      vertex -1.96716082096 53.4758110046 29.5273704529
      vertex -1.91065573692 53.3917808533 28.5821342468
      vertex -2.33706831932 53.4499092102 28.5766868591
    endloop
  endfacet
  facet normal 0.214139103889 -0.0958678126335 -0.972087323666
    outer loop
      vertex -2.99605727196 53.5320053101 27.9371604919
      vertex -2.33706831932 53.4499092102 28.5766868591
      vertex -2.23627638817 53.2866744995 27.1466712952
    endloop
  endfacet
  facet normal 0.185556396842 -0.124168649316 -0.974756896496
    outer loop
      vertex -2.23627638817 53.2866744995 27.1466712952
      vertex -2.99611639977 53.3429107666 26.4526443481
      vertex -2.99605727196 53.5320053101 27.9371604919
    endloop
  endfacet
  facet normal -0.043720126152 -0.104964062572 -0.993514537811
    outer loop
      vertex -1.73947107792 53.1973075867 26.6700668335
      vertex -1.91065573692 53.3917808533 28.5821342468
      vertex -1.48025119305 53.4105415344 28.5804328918
    endloop
  endfacet
  facet normal 0.135640561581 -0.102920003235 -0.985397934914
    outer loop
      vertex -2.33706831932 53.4499092102 28.5766868591
      vertex -1.91065573692 53.3917808533 28.5821342468
      vertex -2.23627638817 53.2866744995 27.1466712952
    endloop
  endfacet
  facet normal 0.165527805686 -0.101739503443 -0.980943202972
    outer loop
      vertex -2.99611639977 53.3429107666 26.4526443481
      vertex -2.23627638817 53.2866744995 27.1466712952
      vertex -2.12332510948 53.1073570251 25.6014823914
    endloop
  endfacet
  facet normal 0.0892996862531 -0.0928669720888 -0.991665899754
    outer loop
      vertex -2.23627638817 53.2866744995 27.1466712952
      vertex -1.91065573692 53.3917808533 28.5821342468
      vertex -1.73947107792 53.1973075867 26.6700668335
    endloop
  endfacet
  facet normal 0.073084615171 -0.109695956111 -0.991274654865
    outer loop
      vertex -2.23627638817 53.2866744995 27.1466712952
      vertex -1.73947107792 53.1973075867 26.6700668335
      vertex -2.12332510948 53.1073570251 25.6014823914
    endloop
  endfacet
  facet normal 0.261934667826 -0.124876946211 -0.956972301006
    outer loop
      vertex -4.19244146347 54.0855751038 29.8215370178
      vertex -2.99605727196 53.6589698792 29.0617790222
      vertex -4.19244146347 53.9894638062 29.0849952698
    endloop
  endfacet
  facet normal 0.340642482042 0.0255451276898 -0.9398458004
    outer loop
      vertex -4.19232130051 54.2663993835 33.8049278259
      vertex -2.99575972557 53.8503456116 33.1561164856
      vertex -4.19232130051 54.2832107544 33.1863861084
    endloop
  endfacet
  facet normal 0.282577574253 -0.0912063494325 -0.95489859581
    outer loop
      vertex -4.19244146347 54.0855751038 29.8215370178
      vertex -2.99587798119 53.7290916443 29.7965049744
      vertex -2.99605727196 53.6589698792 29.0617790222
    endloop
  endfacet
  facet normal 0.323570072651 0.0831969976425 -0.942539453506
    outer loop
      vertex -2.55885672569 53.6465873718 34.3465690613
      vertex -2.99575972557 53.7926139832 34.3914413452
      vertex -2.99575972557 53.7172966003 35.2446975708
    endloop
  endfacet
  facet normal 0.349185228348 0.0437455624342 -0.936032056808
    outer loop
      vertex -4.19232130051 54.2663993835 33.8049278259
      vertex -2.99575972557 53.7926139832 34.3914413452
      vertex -2.99575972557 53.8503456116 33.1561164856
    endloop
  endfacet
  facet normal 0.238718405366 -0.0923210754991 -0.966690421104
    outer loop
      vertex -2.99587798119 53.7290916443 29.7965049744
      vertex -2.33706831932 53.4499092102 28.5766868591
      vertex -2.99605727196 53.6589698792 29.0617790222
    endloop
  endfacet
  facet normal 0.282232344151 -0.0986386239529 -0.954261660576
    outer loop
      vertex -4.19244146347 54.1955070496 30.8850479126
      vertex -2.99587798119 53.7290916443 29.7965049744
      vertex -4.19244146347 54.0855751038 29.8215370178
    endloop
  endfacet
  facet normal 0.320765376091 0.0442173033953 -0.946125984192
    outer loop
      vertex -2.99575972557 53.8503456116 33.1561164856
      vertex -2.99575972557 53.7926139832 34.3914413452
      vertex -2.55885672569 53.6465873718 34.3465690613
    endloop
  endfacet
  facet normal 0.258644878864 -0.0806232988834 -0.962602078915
    outer loop
      vertex -2.99587798119 53.7290916443 29.7965049744
      vertex -2.39845991135 53.5455818176 29.5220336914
      vertex -2.33706831932 53.4499092102 28.5766868591
    endloop
  endfacet
  facet normal 0.307042181492 -0.0691883787513 -0.94917756319
    outer loop
      vertex -4.19244146347 54.1955070496 30.8850479126
      vertex -2.99587798119 53.8064460754 30.8577079773
      vertex -2.99587798119 53.7290916443 29.7965049744
    endloop
  endfacet
  facet normal 0.323525220156 0.0430527068675 -0.945239603519
    outer loop
      vertex -2.55885672569 53.6465873718 34.3465690613
      vertex -2.54562544823 53.7028694153 33.0114135742
      vertex -2.99575972557 53.8503456116 33.1561164856
    endloop
  endfacet
  facet normal 0.339678436518 -0.000524675822817 -0.940541505814
    outer loop
      vertex -4.19232130051 54.2821578979 32.5665435791
      vertex -2.99575972557 53.8503456116 33.1561164856
      vertex -2.99587798119 53.849697113 31.916557312
    endloop
  endfacet
  facet normal 0.263326227665 -0.0701342746615 -0.962154090405
    outer loop
      vertex -2.99587798119 53.8064460754 30.8577079773
      vertex -2.39845991135 53.5455818176 29.5220336914
      vertex -2.99587798119 53.7290916443 29.7965049744
    endloop
  endfacet
  facet normal 0.326370835304 -0.0278740078211 -0.944830715656
    outer loop
      vertex -4.19232130051 54.2821578979 32.5665435791
      vertex -2.99587798119 53.849697113 31.916557312
      vertex -4.19244146347 54.2638816833 31.9456253052
    endloop
  endfacet
  facet normal 0.307367891073 -0.0612210296094 -0.949619352818
    outer loop
      vertex -4.19244146347 54.2638816833 31.9456253052
      vertex -2.99587798119 53.8064460754 30.8577079773
      vertex -4.19244146347 54.1955070496 30.8850479126
    endloop
  endfacet
  facet normal 0.311189383268 -0.000527089345269 -0.950347781181
    outer loop
      vertex -2.99575972557 53.8503456116 33.1561164856
      vertex -2.54562544823 53.7028694153 33.0114135742
      vertex -2.99587798119 53.849697113 31.916557312
    endloop
  endfacet
  facet normal 0.276205301285 -0.0637541785836 -0.958981752396
    outer loop
      vertex -2.99587798119 53.8064460754 30.8577079773
      vertex -2.45192503929 53.62342453 30.4612998962
      vertex -2.39845991135 53.5455818176 29.5220336914
    endloop
  endfacet
  facet normal 0.326022028923 -0.0385827794671 -0.944574534893
    outer loop
      vertex -4.19244146347 54.2638816833 31.9456253052
      vertex -2.99587798119 53.849697113 31.916557312
      vertex -2.99587798119 53.8064460754 30.8577079773
    endloop
  endfacet
  facet normal 0.310181319714 -6.83239049977e-05 -0.950677394867
    outer loop
      vertex -2.54562544823 53.7028694153 33.0114135742
      vertex -2.50944495201 53.6909751892 31.740398407
      vertex -2.99587798119 53.849697113 31.916557312
    endloop
  endfacet
  facet normal 0.294218599796 -0.0372041612864 -0.955013751984
    outer loop
      vertex -2.50944495201 53.6909751892 31.740398407
      vertex -2.45192503929 53.62342453 30.4612998962
      vertex -2.99587798119 53.8064460754 30.8577079773
    endloop
  endfacet
  facet normal 0.297185778618 -0.0389687679708 -0.954024136066
    outer loop
      vertex -2.99587798119 53.849697113 31.916557312
      vertex -2.50944495201 53.6909751892 31.740398407
      vertex -2.99587798119 53.8064460754 30.8577079773
    endloop
  endfacet
  facet normal 0.027057370171 0.186874940991 -0.982011020184
    outer loop
      vertex -4.19172620773 50.8990592957 47.8997535706
      vertex -2.99516272545 50.9577941895 47.4178733826
      vertex -4.19172620773 50.9903106689 47.4202537537
    endloop
  endfacet
  facet normal 0.0157058611512 0.159308537841 -0.987103879452
    outer loop
      vertex -4.19172620773 50.8990592957 47.8997535706
      vertex -2.99516272545 50.8045043945 48.3676872253
      vertex -2.99516272545 50.9577941895 47.4178733826
    endloop
  endfacet
  facet normal 0.0241102259606 0.159281879663 -0.986938714981
    outer loop
      vertex -2.99516272545 50.8045043945 48.3676872253
      vertex -1.85188651085 50.9162597656 47.5021743774
      vertex -2.99516272545 50.9577941895 47.4178733826
    endloop
  endfacet
  facet normal -0.236503645778 0.154874533415 -0.959207952023
    outer loop
      vertex -1.44085288048 51.0000686646 47.1499214172
      vertex -1.12941920757 50.927192688 48.076877594
      vertex -1.02731502056 51.099357605 47.1665000916
    endloop
  endfacet
  facet normal 0.0143117690459 0.146616622806 -0.989089846611
    outer loop
      vertex -2.99516272545 50.8045043945 48.3676872253
      vertex -1.8334672451 50.8327445984 48.0637550354
      vertex -1.85188651085 50.9162597656 47.5021743774
    endloop
  endfacet
  facet normal -0.231710195541 0.153374895453 -0.960617780685
    outer loop
      vertex -1.44085288048 51.0000686646 47.1499214172
      vertex -1.36050593853 50.8726539612 48.0693283081
      vertex -1.12941920757 50.927192688 48.076877594
    endloop
  endfacet
  facet normal -0.0354001298547 0.148134633899 -0.988333404064
    outer loop
      vertex -1.8334672451 50.8327445984 48.0637550354
      vertex -1.59600245953 50.8410949707 48.0648117065
      vertex -1.85188651085 50.9162597656 47.5021743774
    endloop
  endfacet
  facet normal -0.134161829948 0.147524669766 -0.979916870594
    outer loop
      vertex -1.59600245953 50.8410949707 48.0648117065
      vertex -1.36050593853 50.8726539612 48.0693283081
      vertex -1.44085288048 51.0000686646 47.1499214172
    endloop
  endfacet
  facet normal -0.0633759945631 0.160414278507 -0.985013067722
    outer loop
      vertex -1.85188651085 50.9162597656 47.5021743774
      vertex -1.59600245953 50.8410949707 48.0648117065
      vertex -1.44085288048 51.0000686646 47.1499214172
    endloop
  endfacet
  facet normal 0.345119327307 0.0861682221293 -0.934594929218
    outer loop
      vertex -4.19214391708 54.1529273987 35.2751579285
      vertex -2.99575972557 53.7926139832 34.3914413452
      vertex -4.19214391708 54.2315750122 34.4221343994
    endloop
  endfacet
  facet normal 0.342832773924 0.0825984105468 -0.935758113861
    outer loop
      vertex -4.19214391708 54.1529273987 35.2751579285
      vertex -2.99575972557 53.7172966003 35.2446975708
      vertex -2.99575972557 53.7926139832 34.3914413452
    endloop
  endfacet
  facet normal 0.334742814302 0.160256028175 -0.928582370281
    outer loop
      vertex -4.19214391708 53.8932685852 36.9740753174
      vertex -2.99575972557 53.6135292053 36.0959777832
      vertex -4.19214391708 54.0396690369 36.1257743835
    endloop
  endfacet
  facet normal 0.342291027308 0.124009110034 -0.931374549866
    outer loop
      vertex -4.19214391708 54.0396690369 36.1257743835
      vertex -2.99575972557 53.7172966003 35.2446975708
      vertex -4.19214391708 54.1529273987 35.2751579285
    endloop
  endfacet
  facet normal 0.32446616888 0.144263610244 -0.934831380844
    outer loop
      vertex -4.19214391708 53.8932685852 36.9740753174
      vertex -2.99569869041 53.4824333191 36.9453468323
      vertex -2.99575972557 53.6135292053 36.0959777832
    endloop
  endfacet
  facet normal 0.335871398449 0.113970279694 -0.93498724699
    outer loop
      vertex -4.19214391708 54.0396690369 36.1257743835
      vertex -2.99575972557 53.6135292053 36.0959777832
      vertex -2.99575972557 53.7172966003 35.2446975708
    endloop
  endfacet
  facet normal 0.334460645914 0.143730923533 -0.93138474226
    outer loop
      vertex -2.99569869041 53.4824333191 36.9453468323
      vertex -2.54580283165 53.5166511536 35.6767158508
      vertex -2.99575972557 53.6135292053 36.0959777832
    endloop
  endfacet
  facet normal 0.333636254072 0.0884081125259 -0.938547194004
    outer loop
      vertex -2.55885672569 53.6465873718 34.3465690613
      vertex -2.99575972557 53.7172966003 35.2446975708
      vertex -2.54580283165 53.5166511536 35.6767158508
    endloop
  endfacet
  facet normal 0.310350686312 0.115024700761 -0.943637490273
    outer loop
      vertex -2.99575972557 53.6135292053 36.0959777832
      vertex -2.54580283165 53.5166511536 35.6767158508
      vertex -2.99575972557 53.7172966003 35.2446975708
    endloop
  endfacet
  facet normal 0.0410674735904 0.209748625755 -0.976892530918
    outer loop
      vertex -4.19172620773 50.9903106689 47.4202537537
      vertex -2.99534201622 51.0886764526 46.7278747559
      vertex -4.19172620773 51.1381950378 46.7314758301
    endloop
  endfacet
  facet normal 0.0572844035923 0.233607143164 -0.970642149448
    outer loop
      vertex -4.19172620773 51.1381950378 46.7314758301
      vertex -2.99534201622 51.2342720032 46.0389022827
      vertex -4.19178533554 51.3036804199 46.0438957214
    endloop
  endfacet
  facet normal 0.027059238404 0.186286404729 -0.982122778893
    outer loop
      vertex -4.19172620773 50.9903106689 47.4202537537
      vertex -2.99516272545 50.9577941895 47.4178733826
      vertex -2.99534201622 51.0886764526 46.7278747559
    endloop
  endfacet
  facet normal 0.0410858169198 0.20658531785 -0.977565586567
    outer loop
      vertex -4.19172620773 51.1381950378 46.7314758301
      vertex -2.99534201622 51.0886764526 46.7278747559
      vertex -2.99534201622 51.2342720032 46.0389022827
    endloop
  endfacet
  facet normal 0.0238554738462 0.162482753396 -0.98642295599
    outer loop
      vertex -2.99516272545 50.9577941895 47.4178733826
      vertex -1.85188651085 50.9162597656 47.5021743774
      vertex -1.87423872948 51.0089416504 46.9427909851
    endloop
  endfacet
  facet normal 0.0341322496533 0.186244279146 -0.981910407543
    outer loop
      vertex -2.99516272545 50.9577941895 47.4178733826
      vertex -1.87423872948 51.0089416504 46.9427909851
      vertex -2.99534201622 51.0886764526 46.7278747559
    endloop
  endfacet
  facet normal 0.0543114505708 0.206454738975 -0.976947665215
    outer loop
      vertex -2.99534201622 51.0886764526 46.7278747559
      vertex -1.92925238609 51.2187995911 45.8316612244
      vertex -2.99534201622 51.2342720032 46.0389022827
    endloop
  endfacet
  facet normal -0.0589338056743 0.165464565158 -0.984453320503
    outer loop
      vertex -1.44085288048 51.0000686646 47.1499214172
      vertex -1.87423872948 51.0089416504 46.9427909851
      vertex -1.85188651085 50.9162597656 47.5021743774
    endloop
  endfacet
  facet normal 0.0346274375916 0.183823898435 -0.982349097729
    outer loop
      vertex -2.99534201622 51.0886764526 46.7278747559
      vertex -1.87423872948 51.0089416504 46.9427909851
      vertex -1.92925238609 51.2187995911 45.8316612244
    endloop
  endfacet
  facet normal -0.0623854845762 0.172624826431 -0.983010053635
    outer loop
      vertex -1.44085288048 51.0000686646 47.1499214172
      vertex -1.47792613506 51.157951355 46.2374649048
      vertex -1.87423872948 51.0089416504 46.9427909851
    endloop
  endfacet
  facet normal -0.0359585918486 0.187189593911 -0.981665432453
    outer loop
      vertex -1.87423872948 51.0089416504 46.9427909851
      vertex -1.47792613506 51.157951355 46.2374649048
      vertex -1.92925238609 51.2187995911 45.8316612244
    endloop
  endfacet
  facet normal 0.32275006175 0.194237112999 -0.92633920908
    outer loop
      vertex -4.19208288193 53.7158317566 37.8201904297
      vertex -2.99569869041 53.4824333191 36.9453468323
      vertex -4.19214391708 53.8932685852 36.9740753174
    endloop
  endfacet
  facet normal 0.216608330607 0.248048052192 -0.944220840931
    outer loop
      vertex -4.19196462631 52.8180503845 41.0515213013
      vertex -2.99551916122 52.6548118591 40.6281089783
      vertex -2.99551916122 52.7610664368 40.2236480713
    endloop
  endfacet
  facet normal 0.212238267064 0.223562166095 -0.951301693916
    outer loop
      vertex -2.38147330284 52.8115081787 39.3783950806
      vertex -2.99551916122 52.6548118591 40.6281089783
      vertex -2.30923247337 52.5477638245 40.4321022034
    endloop
  endfacet
  facet normal 0.241778120399 0.285584449768 -0.927353680134
    outer loop
      vertex -4.19196462631 52.8180503845 41.0515213013
      vertex -2.99551916122 52.7610664368 40.2236480713
      vertex -4.19196462631 53.0664253235 40.2449989319
    endloop
  endfacet
  facet normal 0.276860415936 0.264620840549 -0.923755466938
    outer loop
      vertex -4.19196462631 53.0664253235 40.2449989319
      vertex -2.99551916122 53.061756134 39.0095176697
      vertex -4.19208288193 53.4133377075 39.0340995789
    endloop
  endfacet
  facet normal 0.290117383003 0.128462478518 -0.948329746723
    outer loop
      vertex -2.99569869041 53.4824333191 36.9453468323
      vertex -2.52130675316 53.3839149475 36.601272583
      vertex -2.54580283165 53.5166511536 35.6767158508
    endloop
  endfacet
  facet normal 0.308722853661 0.172649949789 -0.935351371765
    outer loop
      vertex -4.19208288193 53.7158317566 37.8201904297
      vertex -2.99569869041 53.3259849548 37.792930603
      vertex -2.99569869041 53.4824333191 36.9453468323
    endloop
  endfacet
  facet normal 0.260932505131 0.245278179646 -0.933677077293
    outer loop
      vertex -2.38147330284 52.8115081787 39.3783950806
      vertex -2.99551916122 52.7610664368 40.2236480713
      vertex -2.99551916122 52.6548118591 40.6281089783
    endloop
  endfacet
  facet normal 0.244386181235 0.23310662806 -0.941242098808
    outer loop
      vertex -4.19196462631 53.0664253235 40.2449989319
      vertex -2.99551916122 52.7610664368 40.2236480713
      vertex -2.99551916122 53.061756134 39.0095176697
    endloop
  endfacet
  facet normal 0.31839799881 0.172070026398 -0.932209551334
    outer loop
      vertex -2.99569869041 53.3259849548 37.792930603
      vertex -2.52130675316 53.3839149475 36.601272583
      vertex -2.99569869041 53.4824333191 36.9453468323
    endloop
  endfacet
  facet normal 0.306722164154 0.220736920834 -0.925849199295
    outer loop
      vertex -4.19208288193 53.5710029602 38.4276542664
      vertex -2.99569869041 53.3259849548 37.792930603
      vertex -4.19208288193 53.7158317566 37.8201904297
    endloop
  endfacet
  facet normal 0.243605881929 0.233153820038 -0.941432654858
    outer loop
      vertex -2.99551916122 53.061756134 39.0095176697
      vertex -2.99551916122 52.7610664368 40.2236480713
      vertex -2.38147330284 52.8115081787 39.3783950806
    endloop
  endfacet
  facet normal 0.280088067055 0.157536119223 -0.946959912777
    outer loop
      vertex -2.99569869041 53.3259849548 37.792930603
      vertex -2.48506712914 53.219455719 37.5254173279
      vertex -2.52130675316 53.3839149475 36.601272583
    endloop
  endfacet
  facet normal 0.298460394144 0.202524870634 -0.932686984539
    outer loop
      vertex -4.19208288193 53.5710029602 38.4276542664
      vertex -2.99551916122 53.061756134 39.0095176697
      vertex -2.99569869041 53.3259849548 37.792930603
    endloop
  endfacet
  facet normal 0.262468665838 0.203045517206 -0.943335950375
    outer loop
      vertex -2.99551916122 53.061756134 39.0095176697
      vertex -2.38147330284 52.8115081787 39.3783950806
      vertex -2.43791937828 53.026889801 38.4507141113
    endloop
  endfacet
  facet normal 0.290700405836 0.180727541447 -0.939590752125
    outer loop
      vertex -2.43791937828 53.026889801 38.4507141113
      vertex -2.48506712914 53.219455719 37.5254173279
      vertex -2.99569869041 53.3259849548 37.792930603
    endloop
  endfacet
  facet normal 0.264047831297 0.204670697451 -0.942543685436
    outer loop
      vertex -2.99551916122 53.061756134 39.0095176697
      vertex -2.43791937828 53.026889801 38.4507141113
      vertex -2.99569869041 53.3259849548 37.792930603
    endloop
  endfacet
  facet normal 0.231081008911 0.295605897903 -0.926940500736
    outer loop
      vertex -4.19196462631 52.4456558228 42.2192611694
      vertex -2.99551916122 52.6548118591 40.6281089783
      vertex -4.19196462631 52.8180503845 41.0515213013
    endloop
  endfacet
  facet normal 0.178388357162 0.258921265602 -0.949282586575
    outer loop
      vertex -4.19196462631 52.4456558228 42.2192611694
      vertex -2.99540114403 52.2250366211 42.2037124634
      vertex -2.99551916122 52.6548118591 40.6281089783
    endloop
  endfacet
  facet normal 0.176786512136 0.298856168985 -0.937780082226
    outer loop
      vertex -4.19178533554 51.9939651489 43.636505127
      vertex -2.99540114403 52.2250366211 42.2037124634
      vertex -4.19196462631 52.4456558228 42.2192611694
    endloop
  endfacet
  facet normal 0.129680931568 0.262490451336 -0.956180751324
    outer loop
      vertex -4.19178533554 51.9939651489 43.636505127
      vertex -2.99540114403 51.8347625732 43.6253738403
      vertex -2.99540114403 52.2250366211 42.2037124634
    endloop
  endfacet
  facet normal 0.152478575706 0.261630356312 -0.953047633171
    outer loop
      vertex -2.99540114403 51.8347625732 43.6253738403
      vertex -2.1513402462 51.9916381836 42.5620079041
      vertex -2.99540114403 52.2250366211 42.2037124634
    endloop
  endfacet
  facet normal 0.128954768181 0.287862449884 -0.948949873447
    outer loop
      vertex -4.19178533554 51.6799125671 44.6717910767
      vertex -2.99540114403 51.8347625732 43.6253738403
      vertex -4.19178533554 51.9939651489 43.636505127
    endloop
  endfacet
  facet normal 0.118589758873 0.236404046416 -0.964390814304
    outer loop
      vertex -2.99540114403 51.8347625732 43.6253738403
      vertex -2.07129073143 51.7171897888 43.6414413452
      vertex -2.1513402462 51.9916381836 42.5620079041
    endloop
  endfacet
  facet normal 0.0963304117322 0.252606451511 -0.962761878967
    outer loop
      vertex -4.19178533554 51.6799125671 44.6717910767
      vertex -2.99540114403 51.5623664856 44.6635742188
      vertex -2.99540114403 51.8347625732 43.6253738403
    endloop
  endfacet
  facet normal 0.117826111615 0.252018898726 -0.960522532463
    outer loop
      vertex -2.99540114403 51.5623664856 44.6635742188
      vertex -2.07129073143 51.7171897888 43.6414413452
      vertex -2.99540114403 51.8347625732 43.6253738403
    endloop
  endfacet
  facet normal 0.0959458127618 0.272049516439 -0.957488119602
    outer loop
      vertex -4.19178533554 51.4851036072 45.3574295044
      vertex -2.99540114403 51.5623664856 44.6635742188
      vertex -4.19178533554 51.6799125671 44.6717910767
    endloop
  endfacet
  facet normal 0.0870878025889 0.225708499551 -0.970294475555
    outer loop
      vertex -2.99540114403 51.5623664856 44.6635742188
      vertex -1.99595046043 51.4569702148 44.7310295105
      vertex -2.07129073143 51.7171897888 43.6414413452
    endloop
  endfacet
  facet normal 0.0759923234582 0.238824620843 -0.968084692955
    outer loop
      vertex -4.19178533554 51.4851036072 45.3574295044
      vertex -2.99534201622 51.3928070068 45.3508682251
      vertex -2.99540114403 51.5623664856 44.6635742188
    endloop
  endfacet
  facet normal 0.0757667571306 0.25477835536 -0.964026629925
    outer loop
      vertex -4.19178533554 51.3036804199 46.0438957214
      vertex -2.99534201622 51.3928070068 45.3508682251
      vertex -4.19178533554 51.4851036072 45.3574295044
    endloop
  endfacet
  facet normal 0.0859002098441 0.238631084561 -0.96730363369
    outer loop
      vertex -2.99534201622 51.3928070068 45.3508682251
      vertex -1.99595046043 51.4569702148 44.7310295105
      vertex -2.99540114403 51.5623664856 44.6635742188
    endloop
  endfacet
  facet normal 0.0573737435043 0.224160864949 -0.97286182642
    outer loop
      vertex -4.19178533554 51.3036804199 46.0438957214
      vertex -2.99534201622 51.2342720032 46.0389022827
      vertex -2.99534201622 51.3928070068 45.3508682251
    endloop
  endfacet
  facet normal 0.0658572614193 0.207222938538 -0.976074516773
    outer loop
      vertex -2.99534201622 51.3928070068 45.3508682251
      vertex -1.92925238609 51.2187995911 45.8316612244
      vertex -1.99595046043 51.4569702148 44.7310295105
    endloop
  endfacet
  facet normal 0.0576930455863 0.224156737328 -0.972843885422
    outer loop
      vertex -2.99534201622 51.2342720032 46.0389022827
      vertex -1.92925238609 51.2187995911 45.8316612244
      vertex -2.99534201622 51.3928070068 45.3508682251
    endloop
  endfacet
  facet normal -0.143347635865 0.121944487095 -0.98213082552
    outer loop
      vertex -1.33928668499 50.7412261963 49.1709251404
      vertex -1.59600245953 50.8410949707 48.0648117065
      vertex -1.57293689251 50.7075653076 49.1673622131
    endloop
  endfacet
  facet normal -0.1341368258 0.119946353137 -0.983676850796
    outer loop
      vertex -1.33928668499 50.7412261963 49.1709251404
      vertex -1.36050593853 50.8726539612 48.0693283081
      vertex -1.59600245953 50.8410949707 48.0648117065
    endloop
  endfacet
  facet normal -0.998778283596 0.00603452371433 -0.0490460693836
    outer loop
      vertex 0.588268220425 52.9742736816 48.3633880615
      vertex 0.600009858608 53.083568573 49.4184265137
      vertex 0.600009858608 53.2093315125 48.3962974548
    endloop
  endfacet
  facet normal -0.998585641384 0.0263175088912 -0.0461967587471
    outer loop
      vertex 0.56233972311 52.9225692749 47.4703216553
      vertex 0.588268220425 52.9742736816 48.3633880615
      vertex 0.600009858608 53.2093315125 48.3962974548
    endloop
  endfacet
  facet normal -0.240082770586 0.119563259184 -0.963361263275
    outer loop
      vertex -1.11010539532 50.7975959778 49.1768989563
      vertex -1.36050593853 50.8726539612 48.0693283081
      vertex -1.33928668499 50.7412261963 49.1709251404
    endloop
  endfacet
  facet normal -0.998787522316 0.00605445122346 -0.0488547049463
    outer loop
      vertex 0.588268220425 52.9742736816 48.3633880615
      vertex 0.588388383389 52.8490562439 49.3936157227
      vertex 0.600009858608 53.083568573 49.4184265137
    endloop
  endfacet
  facet normal -0.989026069641 0.0202417541295 -0.14634808898
    outer loop
      vertex 0.553161561489 52.7415161133 48.3308677673
      vertex 0.588268220425 52.9742736816 48.3633880615
      vertex 0.56233972311 52.9225692749 47.4703216553
    endloop
  endfacet
  facet normal -0.231729239225 0.117827624083 -0.96561807394
    outer loop
      vertex -1.11010539532 50.7975959778 49.1768989563
      vertex -1.12941920757 50.927192688 48.076877594
      vertex -1.36050593853 50.8726539612 48.0693283081
    endloop
  endfacet
  facet normal -0.334096461535 0.0849737524986 -0.938700675964
    outer loop
      vertex -1.11010539532 50.7975959778 49.1768989563
      vertex -0.979095339775 50.7439727783 50.2844085693
      vertex -0.887601733208 50.8760452271 49.1851387024
    endloop
  endfacet
  facet normal -0.989134252071 0.0147768035531 -0.146270394325
    outer loop
      vertex 0.553697526455 52.6169395447 49.3690795898
      vertex 0.563531756401 52.5780296326 50.4125328064
      vertex 0.588388383389 52.8490562439 49.3936157227
    endloop
  endfacet
  facet normal -0.989022910595 0.0179419498891 -0.146668940783
    outer loop
      vertex 0.553161561489 52.7415161133 48.3308677673
      vertex 0.588388383389 52.8490562439 49.3936157227
      vertex 0.588268220425 52.9742736816 48.3633880615
    endloop
  endfacet
  facet normal -0.334074735641 0.116061486304 -0.935373604298
    outer loop
      vertex -0.887601733208 50.8760452271 49.1851387024
      vertex -1.12941920757 50.927192688 48.076877594
      vertex -1.11010539532 50.7975959778 49.1768989563
    endloop
  endfacet
  facet normal -0.989131212234 0.0180206075311 -0.145927071571
    outer loop
      vertex 0.553161561489 52.7415161133 48.3308677673
      vertex 0.553697526455 52.6169395447 49.3690795898
      vertex 0.588388383389 52.8490562439 49.3936157227
    endloop
  endfacet
  facet normal -0.326519042253 0.140151917934 -0.934742093086
    outer loop
      vertex -1.12941920757 50.927192688 48.076877594
      vertex -0.904767811298 51.0040512085 48.0876502991
      vertex -1.02731502056 51.099357605 47.1665000916
    endloop
  endfacet
  facet normal -0.32648614049 0.11453782022 -0.9382365942
    outer loop
      vertex -0.887601733208 50.8760452271 49.1851387024
      vertex -0.904767811298 51.0040512085 48.0876502991
      vertex -1.12941920757 50.927192688 48.076877594
    endloop
  endfacet
  facet normal -0.969493150711 0.0296959485859 -0.243313014507
    outer loop
      vertex 0.494928300381 52.5133857727 48.298915863
      vertex 0.553697526455 52.6169395447 49.3690795898
      vertex 0.553161561489 52.7415161133 48.3308677673
    endloop
  endfacet
  facet normal -0.969384610653 0.0494181662798 -0.240523055196
    outer loop
      vertex 0.450282990932 52.5175437927 47.4029197693
      vertex 0.494928300381 52.5133857727 48.298915863
      vertex 0.553161561489 52.7415161133 48.3308677673
    endloop
  endfacet
  facet normal -0.418187826872 0.148355782032 -0.896163761616
    outer loop
      vertex -1.02731502056 51.099357605 47.1665000916
      vertex -0.904767811298 51.0040512085 48.0876502991
      vertex -0.689058244228 51.1024169922 48.1015014648
    endloop
  endfacet
  facet normal -0.425029218197 0.111420683563 -0.898295938969
    outer loop
      vertex -0.673860490322 50.975856781 49.1957588196
      vertex -0.904767811298 51.0040512085 48.0876502991
      vertex -0.887601733208 50.8760452271 49.1851387024
    endloop
  endfacet
  facet normal -0.969859004021 0.0298595242202 -0.241830259562
    outer loop
      vertex 0.494928300381 52.5133857727 48.298915863
      vertex 0.496179491282 52.3892440796 49.3449745178
      vertex 0.553697526455 52.6169395447 49.3690795898
    endloop
  endfacet
  facet normal -0.940470278263 0.0484224148095 -0.336408823729
    outer loop
      vertex 0.414163559675 52.2920532227 48.2679443359
      vertex 0.494928300381 52.5133857727 48.298915863
      vertex 0.450282990932 52.5175437927 47.4029197693
    endloop
  endfacet
  facet normal -0.418230086565 0.110089085996 -0.901645183563
    outer loop
      vertex -0.673860490322 50.975856781 49.1957588196
      vertex -0.689058244228 51.1024169922 48.1015014648
      vertex -0.904767811298 51.0040512085 48.0876502991
    endloop
  endfacet
  facet normal -0.512147784233 0.0775829553604 -0.855386197567
    outer loop
      vertex -0.673860490322 50.975856781 49.1957588196
      vertex -0.599830567837 50.9203262329 50.2967414856
      vertex -0.471084535122 51.0961151123 49.208480835
    endloop
  endfacet
  facet normal -0.941173434258 0.0323517397046 -0.336371690035
    outer loop
      vertex 0.416427582502 52.1683311462 49.3217086792
      vertex 0.455289781094 52.1748657227 50.3843421936
      vertex 0.496179491282 52.3892440796 49.3449745178
    endloop
  endfacet
  facet normal -0.940454244614 0.0411683320999 -0.337418079376
    outer loop
      vertex 0.414163559675 52.2920532227 48.2679443359
      vertex 0.496179491282 52.3892440796 49.3449745178
      vertex 0.494928300381 52.5133857727 48.298915863
    endloop
  endfacet
  facet normal -0.512129068375 0.105695463717 -0.852380335331
    outer loop
      vertex -0.471084535122 51.0961151123 49.208480835
      vertex -0.689058244228 51.1024169922 48.1015014648
      vertex -0.673860490322 50.975856781 49.1957588196
    endloop
  endfacet
  facet normal -0.941160619259 0.0414029769599 -0.335413873196
    outer loop
      vertex 0.414163559675 52.2920532227 48.2679443359
      vertex 0.416427582502 52.1683311462 49.3217086792
      vertex 0.496179491282 52.3892440796 49.3449745178
    endloop
  endfacet
  facet normal -0.50612705946 0.128501936793 -0.852832138538
    outer loop
      vertex -0.689058244228 51.1024169922 48.1015014648
      vertex -0.484079301357 51.2215576172 48.1181259155
      vertex -0.638097703457 51.2692680359 47.1948547363
    endloop
  endfacet
  facet normal -0.50609433651 0.104528471828 -0.856120526791
    outer loop
      vertex -0.471084535122 51.0961151123 49.208480835
      vertex -0.484079301357 51.2215576172 48.1181259155
      vertex -0.689058244228 51.1024169922 48.1015014648
    endloop
  endfacet
  facet normal -0.902115881443 0.0522273480892 -0.428321450949
    outer loop
      vertex 0.311643570662 52.079750061 48.2382774353
      vertex 0.416427582502 52.1683311462 49.3217086792
      vertex 0.414163559675 52.2920532227 48.2679443359
    endloop
  endfacet
  facet normal -0.90207028389 0.0721580907702 -0.425514340401
    outer loop
      vertex 0.267415970564 52.1383666992 47.3397102356
      vertex 0.311643570662 52.079750061 48.2382774353
      vertex 0.414163559675 52.2920532227 48.2679443359
    endloop
  endfacet
  facet normal -0.588770210743 0.139361619949 -0.796195924282
    outer loop
      vertex -0.638097703457 51.2692680359 47.1948547363
      vertex -0.484079301357 51.2215576172 48.1181259155
      vertex -0.291913956404 51.3602600098 48.1375656128
    endloop
  endfacet
  facet normal -0.594335377216 0.0989062413573 -0.798112154007
    outer loop
      vertex -0.281303375959 51.2356185913 49.22315979
      vertex -0.484079301357 51.2215576172 48.1181259155
      vertex -0.471084535122 51.0961151123 49.208480835
    endloop
  endfacet
  facet normal -0.9037976861 0.052685726434 -0.424704581499
    outer loop
      vertex 0.311643570662 52.079750061 48.2382774353
      vertex 0.315397232771 51.9561157227 49.2993011475
      vertex 0.416427582502 52.1683311462 49.3217086792
    endloop
  endfacet
  facet normal -0.855396211147 0.0755311623216 -0.512437641621
    outer loop
      vertex 0.18855856359 51.878452301 48.2100067139
      vertex 0.311643570662 52.079750061 48.2382774353
      vertex 0.267415970564 52.1383666992 47.3397102356
    endloop
  endfacet
  facet normal -0.588931381702 0.0978621169925 -0.802236139774
    outer loop
      vertex -0.281303375959 51.2356185913 49.22315979
      vertex -0.291913956404 51.3602600098 48.1375656128
      vertex -0.484079301357 51.2215576172 48.1181259155
    endloop
  endfacet
  facet normal -0.669919073582 0.0662608221173 -0.739471375942
    outer loop
      vertex -0.281303375959 51.2356185913 49.22315979
      vertex -0.25722309947 51.1597480774 50.3133583069
      vertex -0.106065735221 51.3928833008 49.239818573
    endloop
  endfacet
  facet normal -0.85700917244 0.0474463626742 -0.513112187386
    outer loop
      vertex 0.193744629622 51.7548942566 49.278011322
      vertex 0.278562515974 51.7967071533 50.3578987122
      vertex 0.315397232771 51.9561157227 49.2993011475
    endloop
  endfacet
  facet normal -0.855365455151 0.0629412382841 -0.514187097549
    outer loop
      vertex 0.18855856359 51.878452301 48.2100067139
      vertex 0.315397232771 51.9561157227 49.2993011475
      vertex 0.311643570662 52.079750061 48.2382774353
    endloop
  endfacet
  facet normal -0.669910430908 0.0911437869072 -0.736826181412
    outer loop
      vertex -0.106065735221 51.3928833008 49.239818573
      vertex -0.291913956404 51.3602600098 48.1375656128
      vertex -0.281303375959 51.2356185913 49.22315979
    endloop
  endfacet
  facet normal -0.856992959976 0.0633278787136 -0.511422157288
    outer loop
      vertex 0.18855856359 51.878452301 48.2100067139
      vertex 0.193744629622 51.7548942566 49.278011322
      vertex 0.315397232771 51.9561157227 49.2993011475
    endloop
  endfacet
  facet normal -0.666071534157 0.112685352564 -0.737326741219
    outer loop
      vertex -0.291913956404 51.3602600098 48.1375656128
      vertex -0.11482809484 51.5168838501 48.1594696045
      vertex -0.28541752696 51.5042152405 47.2340164185
    endloop
  endfacet
  facet normal -0.666044890881 0.0903858020902 -0.740415155888
    outer loop
      vertex -0.106065735221 51.3928833008 49.239818573
      vertex -0.11482809484 51.5168838501 48.1594696045
      vertex -0.291913956404 51.3602600098 48.1375656128
    endloop
  endfacet
  facet normal -0.799630880356 0.0728408098221 -0.596057593822
    outer loop
      vertex 0.0459251366556 51.6903152466 48.183757782
      vertex 0.193744629622 51.7548942566 49.278011322
      vertex 0.18855856359 51.878452301 48.2100067139
    endloop
  endfacet
  facet normal -0.736278712749 0.126620367169 -0.66472619772
    outer loop
      vertex -0.28541752696 51.5042152405 47.2340164185
      vertex -0.11482809484 51.5168838501 48.1594696045
      vertex 0.0459251366556 51.6903152466 48.183757782
    endloop
  endfacet
  facet normal -0.739684820175 0.0826550871134 -0.667858183384
    outer loop
      vertex 0.0528392717242 51.5666160583 49.2580986023
      vertex -0.11482809484 51.5168838501 48.1594696045
      vertex -0.106065735221 51.3928833008 49.239818573
    endloop
  endfacet
  facet normal -0.802171707153 0.0733901187778 -0.592565953732
    outer loop
      vertex 0.0459251366556 51.6903152466 48.183757782
      vertex 0.0528392717242 51.5666160583 49.2580986023
      vertex 0.193744629622 51.7548942566 49.278011322
    endloop
  endfacet
  facet normal -0.736633002758 0.0820335894823 -0.671298980713
    outer loop
      vertex -0.11482809484 51.5168838501 48.1594696045
      vertex 0.0528392717242 51.5666160583 49.2580986023
      vertex 0.0459251366556 51.6903152466 48.183757782
    endloop
  endfacet
  facet normal -0.963857233524 -0.0100168120116 -0.266231000423
    outer loop
      vertex 0.561386048794 54.7895736694 22.2546463013
      vertex 0.451236635447 54.3410949707 20.9338760376
      vertex 0.446588456631 54.3747711182 22.276184082
    endloop
  endfacet
  facet normal -0.964940071106 -0.00860164966434 -0.262329280376
    outer loop
      vertex 0.561386048794 54.7895736694 22.2546463013
      vertex 0.562578141689 54.7504310608 20.9272575378
      vertex 0.451236635447 54.3410949707 20.9338760376
    endloop
  endfacet
  facet normal -0.999522686005 -0.015732601285 -0.0265878681093
    outer loop
      vertex 0.562578141689 54.7504310608 20.9272575378
      vertex 0.600009858608 55.1883087158 19.2891540527
      vertex 0.588388383389 54.9422645569 19.6116752625
    endloop
  endfacet
  facet normal -0.964946269989 -0.0017603780143 -0.262441575527
    outer loop
      vertex 0.562578141689 54.7504310608 20.9272575378
      vertex 0.55357927084 54.708480835 19.6058044434
      vertex 0.451236635447 54.3410949707 20.9338760376
    endloop
  endfacet
  facet normal -0.998710036278 0.00269483681768 -0.0507046878338
    outer loop
      vertex 0.588388383389 54.9422645569 19.6116752625
      vertex 0.600009858608 55.1883087158 19.2891540527
      vertex 0.600009858608 55.2397842407 18.3206748962
    endloop
  endfacet
  facet normal -0.989101648331 0.00206194981001 -0.147219792008
    outer loop
      vertex 0.55357927084 54.708480835 19.6058044434
      vertex 0.562578141689 54.7504310608 20.9272575378
      vertex 0.588388383389 54.9422645569 19.6116752625
    endloop
  endfacet
  facet normal -0.995159208775 0.013475860469 -0.0973476096988
    outer loop
      vertex 0.588388383389 54.9422645569 19.6116752625
      vertex 0.600009858608 55.2397842407 18.3206748962
      vertex 0.553876817226 54.7726974487 18.2880134583
    endloop
  endfacet
  facet normal -0.989097774029 0.00694472668692 -0.147096604109
    outer loop
      vertex 0.55357927084 54.708480835 19.6058044434
      vertex 0.588388383389 54.9422645569 19.6116752625
      vertex 0.553876817226 54.7726974487 18.2880134583
    endloop
  endfacet
  facet normal -0.24112662673 -0.030862942338 -0.970002770424
    outer loop
      vertex -1.06319797039 52.9371948242 22.3507995605
      vertex -1.01771914959 52.9041557312 20.957069397
      vertex -1.42928874493 52.8018989563 20.9586982727
    endloop
  endfacet
  facet normal -0.391277641058 -0.0345682315528 -0.919623196125
    outer loop
      vertex -0.666587769985 53.1056137085 22.3420181274
      vertex -1.01771914959 52.9041557312 20.957069397
      vertex -1.06319797039 52.9371948242 22.3507995605
    endloop
  endfacet
  facet normal -0.408225655556 -0.0292225591838 -0.912413239479
    outer loop
      vertex -0.666587769985 53.1056137085 22.3420181274
      vertex -0.630468308926 53.0773277283 20.9542655945
      vertex -1.01771914959 52.9041557312 20.957069397
    endloop
  endfacet
  facet normal -0.549415528774 -0.0313186831772 -0.834962129593
    outer loop
      vertex -0.306457459927 53.342124939 22.3297996521
      vertex -0.630468308926 53.0773277283 20.9542655945
      vertex -0.666587769985 53.1056137085 22.3420181274
    endloop
  endfacet
  facet normal -0.56255877018 -0.0265611186624 -0.826330542564
    outer loop
      vertex -0.306457459927 53.342124939 22.3297996521
      vertex -0.279872864485 53.3158836365 20.9503555298
      vertex -0.630468308926 53.0773277283 20.9542655945
    endloop
  endfacet
  facet normal -0.689987897873 -0.0270572397858 -0.723315000534
    outer loop
      vertex 0.0055141444318 53.6391448975 22.3143615723
      vertex -0.279872864485 53.3158836365 20.9503555298
      vertex -0.306457459927 53.342124939 22.3297996521
    endloop
  endfacet
  facet normal -0.699207484722 -0.0230503082275 -0.714547097683
    outer loop
      vertex 0.0055141444318 53.6391448975 22.3143615723
      vertex 0.0233955364674 53.612487793 20.9455986023
      vertex -0.279872864485 53.3158836365 20.9503555298
    endloop
  endfacet
  facet normal -0.808511972427 -0.0220150463283 -0.588067829609
    outer loop
      vertex 0.259071320295 53.9870796204 22.2963371277
      vertex 0.0233955364674 53.612487793 20.9455986023
      vertex 0.0055141444318 53.6391448975 22.3143615723
    endloop
  endfacet
  facet normal -0.814103543758 -0.0189161878079 -0.580411553383
    outer loop
      vertex 0.259071320295 53.9870796204 22.2963371277
      vertex 0.26968190074 53.9577560425 20.9400367737
      vertex 0.0233955364674 53.612487793 20.9455986023
    endloop
  endfacet
  facet normal -0.900442123413 -0.0164408888668 -0.434664964676
    outer loop
      vertex 0.446588456631 54.3747711182 22.276184082
      vertex 0.26968190074 53.9577560425 20.9400367737
      vertex 0.259071320295 53.9870796204 22.2963371277
    endloop
  endfacet
  facet normal -0.903761684895 -0.0138623993844 -0.42781150341
    outer loop
      vertex 0.446588456631 54.3747711182 22.276184082
      vertex 0.451236635447 54.3410949707 20.9338760376
      vertex 0.26968190074 53.9577560425 20.9400367737
    endloop
  endfacet
  facet normal -0.96977609396 -0.00726495869458 -0.243888378143
    outer loop
      vertex 0.451236635447 54.3410949707 20.9338760376
      vertex 0.55357927084 54.708480835 19.6058044434
      vertex 0.496000230312 54.4793586731 19.6000022888
    endloop
  endfacet
  facet normal -0.903777480125 -0.00316128670238 -0.427990972996
    outer loop
      vertex 0.451236635447 54.3410949707 20.9338760376
      vertex 0.416070908308 54.256942749 19.5944213867
      vertex 0.26968190074 53.9577560425 20.9400367737
    endloop
  endfacet
  facet normal -0.96984910965 0.011643323116 -0.243427887559
    outer loop
      vertex 0.55357927084 54.708480835 19.6058044434
      vertex 0.553876817226 54.7726974487 18.2880134583
      vertex 0.496000230312 54.4793586731 19.6000022888
    endloop
  endfacet
  facet normal -0.941097021103 0.0034647830762 -0.338118821383
    outer loop
      vertex 0.416070908308 54.256942749 19.5944213867
      vertex 0.451236635447 54.3410949707 20.9338760376
      vertex 0.496000230312 54.4793586731 19.6000022888
    endloop
  endfacet
  facet normal -0.956984162331 0.0224603526294 -0.289269506931
    outer loop
      vertex 0.496000230312 54.4793586731 19.6000022888
      vertex 0.553876817226 54.7726974487 18.2880134583
      vertex 0.417381256819 54.3235702515 18.2566070557
    endloop
  endfacet
  facet normal -0.941082954407 0.0159017872065 -0.33780169487
    outer loop
      vertex 0.416070908308 54.256942749 19.5944213867
      vertex 0.496000230312 54.4793586731 19.6000022888
      vertex 0.417381256819 54.3235702515 18.2566070557
    endloop
  endfacet
  facet normal -0.772854685783 0.0385340042412 -0.633412003517
    outer loop
      vertex 0.0514087639749 53.651512146 19.5791625977
      vertex 0.195651993155 53.9097290039 18.2276725769
      vertex -0.102966301143 53.5469169617 18.2023010254
    endloop
  endfacet
  facet normal -0.801751792431 0.000631782284472 -0.597656786442
    outer loop
      vertex 0.0233955364674 53.612487793 20.9455986023
      vertex 0.192672714591 53.8410148621 19.5838775635
      vertex 0.0514087639749 53.651512146 19.5791625977
    endloop
  endfacet
  facet normal -0.902992904186 -0.00270775938407 -0.429646879435
    outer loop
      vertex 0.26968190074 53.9577560425 20.9400367737
      vertex 0.416070908308 54.256942749 19.5944213867
      vertex 0.314504593611 54.0434455872 19.5889930725
    endloop
  endfacet
  facet normal -0.814128041267 -0.00375690753572 -0.580673217773
    outer loop
      vertex 0.26968190074 53.9577560425 20.9400367737
      vertex 0.192672714591 53.8410148621 19.5838775635
      vertex 0.0233955364674 53.612487793 20.9455986023
    endloop
  endfacet
  facet normal -0.903035461903 0.0204848609865 -0.429077357054
    outer loop
      vertex 0.416070908308 54.256942749 19.5944213867
      vertex 0.417381256819 54.3235702515 18.2566070557
      vertex 0.314504593611 54.0434455872 19.5889930725
    endloop
  endfacet
  facet normal -0.801758527756 0.0284862685949 -0.596968829632
    outer loop
      vertex 0.192672714591 53.8410148621 19.5838775635
      vertex 0.195651993155 53.9097290039 18.2276725769
      vertex 0.0514087639749 53.651512146 19.5791625977
    endloop
  endfacet
  facet normal -0.856838285923 0.00427297595888 -0.515567541122
    outer loop
      vertex 0.26968190074 53.9577560425 20.9400367737
      vertex 0.314504593611 54.0434455872 19.5889930725
      vertex 0.192672714591 53.8410148621 19.5838775635
    endloop
  endfacet
  facet normal -0.881931304932 0.0307960286736 -0.47037088871
    outer loop
      vertex 0.314504593611 54.0434455872 19.5889930725
      vertex 0.417381256819 54.3235702515 18.2566070557
      vertex 0.195651993155 53.9097290039 18.2276725769
    endloop
  endfacet
  facet normal -0.856817424297 0.0242146626115 -0.515051066875
    outer loop
      vertex 0.192672714591 53.8410148621 19.5838775635
      vertex 0.314504593611 54.0434455872 19.5889930725
      vertex 0.195651993155 53.9097290039 18.2276725769
    endloop
  endfacet
  facet normal 0.00973007827997 -0.666613698006 -0.745339810848
    outer loop
      vertex -16.1841182709 56.3843803406 27.5591125488
      vertex -15.5673904419 55.8581886292 26.9797821045
      vertex -16.1841182709 55.8667793274 26.9803848267
    endloop
  endfacet
  facet normal 0.0551642477512 -0.638501942158 -0.767640650272
    outer loop
      vertex -16.1841182709 56.3843803406 27.5591125488
      vertex -15.5673904419 56.3373222351 27.5558204651
      vertex -15.5673904419 55.8581886292 26.9797821045
    endloop
  endfacet
  facet normal 0.055113311857 -0.639245569706 -0.76702517271
    outer loop
      vertex -16.1841182709 56.8959999084 28.1730003357
      vertex -15.5673904419 56.3373222351 27.5558204651
      vertex -16.1841182709 56.3843803406 27.5591125488
    endloop
  endfacet
  facet normal 0.0851655676961 -0.620540380478 -0.779536068439
    outer loop
      vertex -16.1841182709 56.8959999084 28.1730003357
      vertex -15.5673904419 56.8246498108 28.1680107117
      vertex -15.5673904419 56.3373222351 27.5558204651
    endloop
  endfacet
  facet normal 0.136404544115 -0.564379572868 -0.814167976379
    outer loop
      vertex -15.5673904419 57.1198387146 28.5744476318
      vertex -14.817325592 56.9877738953 28.5652160645
      vertex -14.817442894 56.7067375183 28.1597671509
    endloop
  endfacet
  facet normal 0.119883857667 -0.583411037922 -0.803280413151
    outer loop
      vertex -15.5673904419 57.1198387146 28.5744476318
      vertex -14.817442894 56.7067375183 28.1597671509
      vertex -15.5673904419 56.8246498108 28.1680107117
    endloop
  endfacet
  facet normal 0.0881273671985 -0.589476048946 -0.802964270115
    outer loop
      vertex -16.1841182709 57.1946296692 28.5797843933
      vertex -15.5673904419 56.8246498108 28.1680107117
      vertex -16.1841182709 56.8959999084 28.1730003357
    endloop
  endfacet
  facet normal 0.138676330447 -0.546604633331 -0.825828254223
    outer loop
      vertex -15.5673904419 57.3731269836 28.9571228027
      vertex -14.817325592 56.9877738953 28.5652160645
      vertex -15.5673904419 57.1198387146 28.5744476318
    endloop
  endfacet
  facet normal 0.0926373824477 -0.585122287273 -0.805636525154
    outer loop
      vertex -16.1841182709 57.1946296692 28.5797843933
      vertex -15.5673904419 57.1198387146 28.5744476318
      vertex -15.5673904419 56.8246498108 28.1680107117
    endloop
  endfacet
  facet normal 0.0955522507429 -0.54941213131 -0.830069899559
    outer loop
      vertex -16.1841182709 57.4475669861 28.9623298645
      vertex -15.5673904419 57.3731269836 28.9571228027
      vertex -15.5673904419 57.1198387146 28.5744476318
    endloop
  endfacet
  facet normal 0.0959414690733 -0.54899084568 -0.83030372858
    outer loop
      vertex -16.1841182709 57.4475669861 28.9623298645
      vertex -15.5673904419 57.1198387146 28.5744476318
      vertex -16.1841182709 57.1946296692 28.5797843933
    endloop
  endfacet
  facet normal 0.0989071279764 -0.509041190147 -0.855040609837
    outer loop
      vertex -16.1841182709 57.674282074 29.3431472778
      vertex -15.5673904419 57.3731269836 28.9571228027
      vertex -16.1841182709 57.4475669861 28.9623298645
    endloop
  endfacet
  facet normal 0.0359914787114 -0.551177740097 -0.833611249924
    outer loop
      vertex -16.799955368 57.4192314148 28.8792610168
      vertex -16.1841182709 57.4475669861 28.9623298645
      vertex -16.1841182709 57.1946296692 28.5797843933
    endloop
  endfacet
  facet normal 0.0346795767546 -0.511241793633 -0.858736932278
    outer loop
      vertex -16.799955368 57.6648101807 29.2854614258
      vertex -16.1841182709 57.674282074 29.3431472778
      vertex -16.1841182709 57.4475669861 28.9623298645
    endloop
  endfacet
  facet normal 0.033015627414 0.51847922802 -0.854452610016
    outer loop
      vertex -16.799955368 57.3623352051 39.3021697998
      vertex -16.1837615967 57.6939468384 38.7164382935
      vertex -16.799955368 57.7001991272 38.7453727722
    endloop
  endfacet
  facet normal 0.0308951810002 -0.47430229187 -0.879819750786
    outer loop
      vertex -16.799955368 57.888004303 29.6994819641
      vertex -16.1841182709 57.674282074 29.3431472778
      vertex -16.799955368 57.6648101807 29.2854614258
    endloop
  endfacet
  facet normal 0.0303984526545 -0.517133712769 -0.855364620686
    outer loop
      vertex -16.799955368 57.6648101807 29.2854614258
      vertex -16.1841182709 57.4475669861 28.9623298645
      vertex -16.799955368 57.4192314148 28.8792610168
    endloop
  endfacet
  facet normal 0.00097816309426 0.518761813641 -0.854918241501
    outer loop
      vertex -16.799955368 57.7001991272 38.7453727722
      vertex -21.5999755859 57.4774665833 39.1214866638
      vertex -16.799955368 57.3623352051 39.3021697998
    endloop
  endfacet
  facet normal 0.0223156400025 0.3965459764 -0.917743623257
    outer loop
      vertex -16.799955368 57.9551887512 38.259059906
      vertex -16.1837615967 58.0001792908 38.1202583313
      vertex -16.1837615967 58.2402305603 37.5646972656
    endloop
  endfacet
  facet normal 0.0304659772664 0.456694632769 -0.889101684093
    outer loop
      vertex -16.799955368 57.7001991272 38.7453727722
      vertex -16.1837615967 57.6939468384 38.7164382935
      vertex -16.1837615967 58.0001792908 38.1202583313
    endloop
  endfacet
  facet normal 0.00029521677061 -0.47452878952 -0.880239903927
    outer loop
      vertex -16.799955368 57.6648101807 29.2854614258
      vertex -21.5999755859 57.7035522461 29.3543395996
      vertex -16.799955368 57.888004303 29.6994819641
    endloop
  endfacet
  facet normal -0.000517153413966 -0.517372727394 -0.855760037899
    outer loop
      vertex -16.799955368 57.4192314148 28.8792610168
      vertex -21.5999755859 57.7035522461 29.3543395996
      vertex -16.799955368 57.6648101807 29.2854614258
    endloop
  endfacet
  facet normal 8.12534999568e-05 0.510316669941 -0.859986543655
    outer loop
      vertex -16.799955368 57.7001991272 38.7453727722
      vertex -21.5999755859 57.6899414062 38.7634239197
      vertex -21.5999755859 57.4774665833 39.1214866638
    endloop
  endfacet
  facet normal 0.039905641228 0.464000403881 -0.884935677052
    outer loop
      vertex -16.799955368 57.7001991272 38.7453727722
      vertex -16.1837615967 58.0001792908 38.1202583313
      vertex -16.799955368 57.9551887512 38.259059906
    endloop
  endfacet
  facet normal -0.00190085952636 -0.450646400452 -0.892700493336
    outer loop
      vertex -16.799955368 57.888004303 29.6994819641
      vertex -21.5999755859 57.7035522461 29.3543395996
      vertex -21.5999755859 58.0769538879 30.0940246582
    endloop
  endfacet
  facet normal 0.000841644243337 -0.507255792618 -0.861795127392
    outer loop
      vertex -16.799955368 57.4192314148 28.8792610168
      vertex -21.5999755859 57.4929466248 28.9965362549
      vertex -21.5999755859 57.7035522461 29.3543395996
    endloop
  endfacet
  facet normal -0.000146361067891 0.464370280504 -0.885641157627
    outer loop
      vertex -16.799955368 57.9551887512 38.259059906
      vertex -21.5999755859 57.6899414062 38.7634239197
      vertex -16.799955368 57.7001991272 38.7453727722
    endloop
  endfacet
  facet normal -1 0 0
    outer loop
      vertex -21.5999755859 57.7035522461 29.3543395996
      vertex -21.5999755859 58.0665054321 38.0227661133
      vertex -21.5999755859 58.0769538879 30.0940246582
    endloop
  endfacet
  facet normal -1 0 0
    outer loop
      vertex -21.5999755859 57.4929466248 28.9965362549
      vertex -21.5999755859 57.6899414062 38.7634239197
      vertex -21.5999755859 57.7035522461 29.3543395996
    endloop
  endfacet
  facet normal 0.000913014286198 0.472254425287 -0.881461799145
    outer loop
      vertex -16.799955368 57.9551887512 38.259059906
      vertex -21.5999755859 57.8862419128 38.397026062
      vertex -21.5999755859 57.6899414062 38.7634239197
    endloop
  endfacet
  facet normal -1 0 0
    outer loop
      vertex -21.5999755859 57.7035522461 29.3543395996
      vertex -21.5999755859 57.8862419128 38.397026062
      vertex -21.5999755859 58.0665054321 38.0227661133
    endloop
  endfacet
  facet normal -1 0 0
    outer loop
      vertex -21.5999755859 57.6899414062 38.7634239197
      vertex -21.5999755859 57.8862419128 38.397026062
      vertex -21.5999755859 57.7035522461 29.3543395996
    endloop
  endfacet
  facet normal 0.270030468702 -0.429251492023 -0.861873924732
    outer loop
      vertex -12.5677270889 56.8406448364 29.2846069336
      vertex -12.0691347122 56.6787986755 29.2732925415
      vertex -12.06919384 56.3022193909 28.5171394348
    endloop
  endfacet
  facet normal 0.274323761463 -0.402726233006 -0.873245716095
    outer loop
      vertex -12.5676088333 57.1884689331 30.0388870239
      vertex -12.0691347122 56.6787986755 29.2732925415
      vertex -12.5677270889 56.8406448364 29.2846069336
    endloop
  endfacet
  facet normal 0.299398124218 -0.385957807302 -0.872580826283
    outer loop
      vertex -12.5676088333 57.1884689331 30.0388870239
      vertex -12.0691347122 57.0119132996 30.0264053345
      vertex -12.0691347122 56.6787986755 29.2732925415
    endloop
  endfacet
  facet normal 0.280716717243 -0.401953727007 -0.871568322182
    outer loop
      vertex -13.317612648 57.4380836487 30.0563430786
      vertex -12.5676088333 57.1884689331 30.0388870239
      vertex -12.5677270889 56.8406448364 29.2846069336
    endloop
  endfacet
  facet normal 0.30442404747 -0.353579372168 -0.884481549263
    outer loop
      vertex -12.5676088333 57.405544281 30.5819015503
      vertex -12.0691347122 57.0119132996 30.0264053345
      vertex -12.5676088333 57.1884689331 30.0388870239
    endloop
  endfacet
  facet normal 0.285850673914 -0.368364423513 -0.884645164013
    outer loop
      vertex -13.317612648 57.6644630432 30.6000061035
      vertex -12.5676088333 57.1884689331 30.0388870239
      vertex -13.317612648 57.4380836487 30.0563430786
    endloop
  endfacet
  facet normal 0.264058589935 -0.37076023221 -0.890398740768
    outer loop
      vertex -14.0674991608 57.893573761 30.6161499023
      vertex -13.317612648 57.6644630432 30.6000061035
      vertex -13.317612648 57.4380836487 30.0563430786
    endloop
  endfacet
  facet normal 0.318717598915 -0.340752691031 -0.884481012821
    outer loop
      vertex -12.5676088333 57.405544281 30.5819015503
      vertex -12.0691347122 57.2209510803 30.5689964294
      vertex -12.0691347122 57.0119132996 30.0264053345
    endloop
  endfacet
  facet normal 0.297490239143 -0.354391634464 -0.886513471603
    outer loop
      vertex -13.317612648 57.6644630432 30.6000061035
      vertex -12.5676088333 57.405544281 30.5819015503
      vertex -12.5676088333 57.1884689331 30.0388870239
    endloop
  endfacet
  facet normal 0.269859135151 -0.325546652079 -0.906198322773
    outer loop
      vertex -14.06731987 58.0880279541 31.157585144
      vertex -13.317612648 57.6644630432 30.6000061035
      vertex -14.0674991608 57.893573761 30.6161499023
    endloop
  endfacet
  facet normal 0.323399752378 -0.307756006718 -0.894817769527
    outer loop
      vertex -12.5676088333 57.5916023254 31.1228713989
      vertex -12.0691347122 57.2209510803 30.5689964294
      vertex -12.5676088333 57.405544281 30.5819015503
    endloop
  endfacet
  facet normal 0.302433520555 -0.318641215563 -0.898332774639
    outer loop
      vertex -13.317612648 57.8564949036 31.1413955688
      vertex -12.5676088333 57.405544281 30.5819015503
      vertex -13.317612648 57.6644630432 30.6000061035
    endloop
  endfacet
  facet normal 0.273056685925 -0.321592211723 -0.906652331352
    outer loop
      vertex -14.06731987 58.0880279541 31.157585144
      vertex -13.317612648 57.8564949036 31.1413955688
      vertex -13.317612648 57.6644630432 30.6000061035
    endloop
  endfacet
  facet normal 0.33352380991 -0.29830044508 -0.894303500652
    outer loop
      vertex -12.5676088333 57.5916023254 31.1228713989
      vertex -12.0691347122 57.4012184143 31.1094360352
      vertex -12.0691347122 57.2209510803 30.5689964294
    endloop
  endfacet
  facet normal 0.309908419847 -0.309220850468 -0.899076879025
    outer loop
      vertex -13.317612648 57.8564949036 31.1413955688
      vertex -12.5676088333 57.5916023254 31.1228713989
      vertex -12.5676088333 57.405544281 30.5819015503
    endloop
  endfacet
  facet normal 0.278722822666 -0.270672887564 -0.921438992023
    outer loop
      vertex -14.06731987 58.2463722229 31.6966285706
      vertex -13.317612648 57.8564949036 31.1413955688
      vertex -14.06731987 58.0880279541 31.157585144
    endloop
  endfacet
  facet normal 0.338501989841 -0.259153306484 -0.904575049877
    outer loop
      vertex -12.5676088333 57.7459144592 31.6614990234
      vertex -12.0691347122 57.4012184143 31.1094360352
      vertex -12.5676088333 57.5916023254 31.1228713989
    endloop
  endfacet
  facet normal 0.315030097961 -0.267344713211 -0.910649657249
    outer loop
      vertex -13.3174352646 58.0146408081 31.6802902222
      vertex -12.5676088333 57.5916023254 31.1228713989
      vertex -13.317612648 57.8564949036 31.1413955688
    endloop
  endfacet
  facet normal 0.27885466814 -0.270502060652 -0.921449244022
    outer loop
      vertex -14.06731987 58.2463722229 31.6966285706
      vertex -13.3174352646 58.0146408081 31.6802902222
      vertex -13.317612648 57.8564949036 31.1413955688
    endloop
  endfacet
  facet normal 0.345613688231 -0.252267926931 -0.903831899166
    outer loop
      vertex -12.5676088333 57.7459144592 31.6614990234
      vertex -12.0691347122 57.5515098572 31.6479034424
      vertex -12.0691347122 57.4012184143 31.1094360352
    endloop
  endfacet
  facet normal 0.319883882999 -0.260941028595 -0.910815060139
    outer loop
      vertex -13.3174352646 58.0146408081 31.6802902222
      vertex -12.5676088333 57.7459144592 31.6614990234
      vertex -12.5676088333 57.5916023254 31.1228713989
    endloop
  endfacet
  facet normal 0.283977150917 -0.216005623341 -0.934183359146
    outer loop
      vertex -14.06731987 58.370426178 32.2331390381
      vertex -13.3174352646 58.0146408081 31.6802902222
      vertex -14.06731987 58.2463722229 31.6966285706
    endloop
  endfacet
  facet normal 0.35040718317 -0.208610579371 -0.913069784641
    outer loop
      vertex -12.5676088333 57.8684997559 32.1980438232
      vertex -12.0691347122 57.5515098572 31.6479034424
      vertex -12.5676088333 57.7459144592 31.6614990234
    endloop
  endfacet
  facet normal 0.324825227261 -0.213751003146 -0.921302914619
    outer loop
      vertex -13.3174352646 58.1391563416 32.2169685364
      vertex -12.5676088333 57.7459144592 31.6614990234
      vertex -13.3174352646 58.0146408081 31.6802902222
    endloop
  endfacet
  facet normal 0.283434689045 -0.216738238931 -0.934178411961
    outer loop
      vertex -14.06731987 58.370426178 32.2331390381
      vertex -13.3174352646 58.1391563416 32.2169685364
      vertex -13.3174352646 58.0146408081 31.6802902222
    endloop
  endfacet
  facet normal 0.355215162039 -0.203808367252 -0.912296175957
    outer loop
      vertex -12.5676088333 57.8684997559 32.1980438232
      vertex -12.0691347122 57.6713066101 32.1841468811
      vertex -12.0691347122 57.5515098572 31.6479034424
    endloop
  endfacet
  facet normal 0.327208399773 -0.210471451283 -0.921214640141
    outer loop
      vertex -13.3174352646 58.1391563416 32.2169685364
      vertex -12.5676088333 57.8684997559 32.1980438232
      vertex -12.5676088333 57.7459144592 31.6614990234
    endloop
  endfacet
  facet normal 0.28802844882 -0.156014040112 -0.944827616215
    outer loop
      vertex -14.06731987 58.4739570618 32.8601303101
      vertex -13.3174352646 58.1391563416 32.2169685364
      vertex -14.06731987 58.370426178 32.2331390381
    endloop
  endfacet
  facet normal 0.359896481037 -0.152206301689 -0.920493245125
    outer loop
      vertex -12.5676088333 57.9721565247 32.8249320984
      vertex -12.0691347122 57.6713066101 32.1841468811
      vertex -12.5676088333 57.8684997559 32.1980438232
    endloop
  endfacet
  facet normal 0.331919193268 -0.155420258641 -0.930416166782
    outer loop
      vertex -13.3174352646 58.2438850403 32.8439331055
      vertex -12.5676088333 57.8684997559 32.1980438232
      vertex -13.3174352646 58.1391563416 32.2169685364
    endloop
  endfacet
  facet normal 0.286519438028 -0.157853215933 -0.944980919361
    outer loop
      vertex -14.06731987 58.4739570618 32.8601303101
      vertex -13.3174352646 58.2438850403 32.8439331055
      vertex -13.3174352646 58.1391563416 32.2169685364
    endloop
  endfacet
  facet normal 0.363253384829 -0.149206265807 -0.919665396214
    outer loop
      vertex -12.5676088333 57.9721565247 32.8249320984
      vertex -12.0689554214 57.7729377747 32.8110046387
      vertex -12.0691347122 57.6713066101 32.1841468811
    endloop
  endfacet
  facet normal 0.333205193281 -0.153815194964 -0.930223166943
    outer loop
      vertex -13.3174352646 58.2438850403 32.8439331055
      vertex -12.5676088333 57.9721565247 32.8249320984
      vertex -12.5676088333 57.8684997559 32.1980438232
    endloop
  endfacet
  facet normal 0.290285676718 -0.091322414577 -0.952572524548
    outer loop
      vertex -14.06731987 58.5337638855 33.4839553833
      vertex -13.3174352646 58.2438850403 32.8439331055
      vertex -14.06731987 58.4739570618 32.8601303101
    endloop
  endfacet
  facet normal 0.367341458797 -0.0897763371468 -0.925743222237
    outer loop
      vertex -12.5676088333 58.0326690674 33.4489135742
      vertex -12.0689554214 57.7729377747 32.8110046387
      vertex -12.5676088333 57.9721565247 32.8249320984
    endloop
  endfacet
  facet normal 0.337229788303 -0.0914627760649 -0.93696886301
    outer loop
      vertex -13.3173151016 58.3047561646 33.4679412842
      vertex -12.5676088333 57.9721565247 32.8249320984
      vertex -13.3174352646 58.2438850403 32.8439331055
    endloop
  endfacet
  facet normal 0.288948744535 -0.0929994061589 -0.952816724777
    outer loop
      vertex -14.06731987 58.5337638855 33.4839553833
      vertex -13.3173151016 58.3047561646 33.4679412842
      vertex -13.3174352646 58.2438850403 32.8439331055
    endloop
  endfacet
  facet normal 0.369334369898 -0.087966285646 -0.925123810768
    outer loop
      vertex -12.5676088333 58.0326690674 33.4489135742
      vertex -12.0689554214 57.8322601318 33.4349021912
      vertex -12.0689554214 57.7729377747 32.8110046387
    endloop
  endfacet
  facet normal 0.337702482939 -0.0908542051911 -0.936857819557
    outer loop
      vertex -13.3173151016 58.3047561646 33.4679412842
      vertex -12.5676088333 58.0326690674 33.4489135742
      vertex -12.5676088333 57.9721565247 32.8249320984
    endloop
  endfacet
  facet normal 0.291410297155 -0.0265298560262 -0.956230223179
    outer loop
      vertex -14.06731987 58.5509910583 34.1048927307
      vertex -13.3173151016 58.3047561646 33.4679412842
      vertex -14.06731987 58.5337638855 33.4839553833
    endloop
  endfacet
  facet normal 0.372116744518 -0.0270872339606 -0.92779058218
    outer loop
      vertex -12.5674295425 58.0507278442 34.0699119568
      vertex -12.0689554214 57.8322601318 33.4349021912
      vertex -12.5676088333 58.0326690674 33.4489135742
    endloop
  endfacet
  facet normal 0.340416938066 -0.0271533504128 -0.939882457256
    outer loop
      vertex -13.3173151016 58.3226966858 34.0889282227
      vertex -12.5676088333 58.0326690674 33.4489135742
      vertex -13.3173151016 58.3047561646 33.4679412842
    endloop
  endfacet
  facet normal 0.290549725294 -0.0276323035359 -0.956460833549
    outer loop
      vertex -14.06731987 58.5509910583 34.1048927307
      vertex -13.3173151016 58.3226966858 34.0889282227
      vertex -13.3173151016 58.3047561646 33.4679412842
    endloop
  endfacet
  facet normal 0.373396128416 -0.0259175579995 -0.92730987072
    outer loop
      vertex -12.5674295425 58.0507278442 34.0699119568
      vertex -12.0689554214 57.8496131897 34.0557289124
      vertex -12.0689554214 57.8322601318 33.4349021912
    endloop
  endfacet
  facet normal 0.340205818415 -0.0274315997958 -0.939950823784
    outer loop
      vertex -13.3173151016 58.3226966858 34.0889282227
      vertex -12.5674295425 58.0507278442 34.0699119568
      vertex -12.5676088333 58.0326690674 33.4489135742
    endloop
  endfacet
  facet normal 0.29172706604 0.0377564094961 -0.955756127834
    outer loop
      vertex -14.0672006607 58.5265388489 34.7229347229
      vertex -13.3173151016 58.3226966858 34.0889282227
      vertex -14.06731987 58.5509910583 34.1048927307
    endloop
  endfacet
  facet normal 0.374799400568 0.0364680327475 -0.926388442516
    outer loop
      vertex -12.5674295425 58.0264015198 34.6878395081
      vertex -12.0689554214 57.8496131897 34.0557289124
      vertex -12.5674295425 58.0507278442 34.0699119568
    endloop
  endfacet
  facet normal 0.341542601585 0.0367965437472 -0.939145743847
    outer loop
      vertex -13.3173151016 58.2984809875 34.7069854736
      vertex -12.5674295425 58.0507278442 34.0699119568
      vertex -13.3173151016 58.3226966858 34.0889282227
    endloop
  endfacet
  facet normal 0.291491389275 0.0374506413937 -0.955840051174
    outer loop
      vertex -14.0672006607 58.5265388489 34.7229347229
      vertex -13.3173151016 58.2984809875 34.7069854736
      vertex -13.3173151016 58.3226966858 34.0889282227
    endloop
  endfacet
  facet normal 0.374919265509 0.0365773253143 -0.926335632801
    outer loop
      vertex -12.0689554214 57.8496131897 34.0557289124
      vertex -12.5674295425 58.0264015198 34.6878395081
      vertex -12.0688371658 57.8251609802 34.6737670898
    endloop
  endfacet
  facet normal 0.341670751572 0.0369681343436 -0.939092338085
    outer loop
      vertex -13.3173151016 58.2984809875 34.7069854736
      vertex -12.5674295425 58.0264015198 34.6878395081
      vertex -12.5674295425 58.0507278442 34.0699119568
    endloop
  endfacet
  facet normal 0.291456222534 0.0997951254249 -0.951364398003
    outer loop
      vertex -14.0672006607 58.4669380188 35.2911109924
      vertex -13.3173151016 58.2984809875 34.7069854736
      vertex -14.0672006607 58.5265388489 34.7229347229
    endloop
  endfacet
  facet normal 0.374871939421 0.0968548581004 -0.9220033288
    outer loop
      vertex -12.0688371658 57.8251609802 34.6737670898
      vertex -12.5674295425 58.0264015198 34.6878395081
      vertex -12.5674295425 57.9667167664 35.2560119629
    endloop
  endfacet
  facet normal 0.341633349657 0.0984435901046 -0.934663295746
    outer loop
      vertex -13.3173151016 58.2386512756 35.2750282288
      vertex -12.5674295425 58.0264015198 34.6878395081
      vertex -13.3173151016 58.2984809875 34.7069854736
    endloop
  endfacet
  facet normal 0.291734755039 0.10018927604 -0.951237559319
    outer loop
      vertex -14.0672006607 58.4669380188 35.2911109924
      vertex -13.3173151016 58.2386512756 35.2750282288
      vertex -13.3173151016 58.2984809875 34.7069854736
    endloop
  endfacet
  facet normal 0.374682456255 0.0966691300273 -0.92209982872
    outer loop
      vertex -12.0688371658 57.8251609802 34.6737670898
      vertex -12.5674295425 57.9667167664 35.2560119629
      vertex -12.0688371658 57.7655944824 35.2419471741
    endloop
  endfacet
  facet normal 0.341462999582 0.0981940627098 -0.934751808643
    outer loop
      vertex -13.3173151016 58.2386512756 35.2750282288
      vertex -12.5674295425 57.9667167664 35.2560119629
      vertex -12.5674295425 58.0264015198 34.6878395081
    endloop
  endfacet
  facet normal 0.29065784812 0.158665403724 -0.943580031395
    outer loop
      vertex -14.0672006607 58.3718147278 35.8568077087
      vertex -13.3173151016 58.2386512756 35.2750282288
      vertex -14.0672006607 58.4669380188 35.2911109924
    endloop
  endfacet
  facet normal 0.373328924179 0.154934883118 -0.914669692516
    outer loop
      vertex -12.0688371658 57.7655944824 35.2419471741
      vertex -12.5674295425 57.9667167664 35.2560119629
      vertex -12.5673704147 57.8708763123 35.8216743469
    endloop
  endfacet
  facet normal 0.340196549892 0.157079339027 -0.927142083645
    outer loop
      vertex -13.3173151016 58.1428146362 35.8406906128
      vertex -12.5674295425 57.9667167664 35.2560119629
      vertex -13.3173151016 58.2386512756 35.2750282288
    endloop
  endfacet
  facet normal 0.291453450918 0.159790545702 -0.94314467907
    outer loop
      vertex -14.0672006607 58.3718147278 35.8568077087
      vertex -13.3173151016 58.1428146362 35.8406906128
      vertex -13.3173151016 58.2386512756 35.2750282288
    endloop
  endfacet
  facet normal 0.372628211975 0.154259696603 -0.915069460869
    outer loop
      vertex -12.0688371658 57.7655944824 35.2419471741
      vertex -12.5673704147 57.8708763123 35.8216743469
      vertex -12.0688371658 57.6702308655 35.8076438904
    endloop
  endfacet
  facet normal 0.340178877115 0.157053381205 -0.92715293169
    outer loop
      vertex -13.3173151016 58.1428146362 35.8406906128
      vertex -12.5673704147 57.8708763123 35.8216743469
      vertex -12.5674295425 57.9667167664 35.2560119629
    endloop
  endfacet
  facet normal 0.28934648633 0.217522829771 -0.932181537151
    outer loop
      vertex -14.0672006607 58.2404289246 36.4198608398
      vertex -13.3173151016 58.1428146362 35.8406906128
      vertex -14.0672006607 58.3718147278 35.8568077087
    endloop
  endfacet
  facet normal 0.369979560375 0.212468758225 -0.904418110847
    outer loop
      vertex -12.0688371658 57.6702308655 35.8076438904
      vertex -12.5673704147 57.8708763123 35.8216743469
      vertex -12.5673704147 57.7385902405 36.3847694397
    endloop
  endfacet
  facet normal 0.337712407112 0.215402513742 -0.91627073288
    outer loop
      vertex -13.3173151016 58.0104408264 36.4037780762
      vertex -12.5673704147 57.8708763123 35.8216743469
      vertex -13.3173151016 58.1428146362 35.8406906128
    endloop
  endfacet
  facet normal 0.290389746428 0.218986064196 -0.931514322758
    outer loop
      vertex -14.0672006607 58.2404289246 36.4198608398
      vertex -13.3173151016 58.0104408264 36.4037780762
      vertex -13.3173151016 58.1428146362 35.8406906128
    endloop
  endfacet
  facet normal 0.368283599615 0.210877731442 -0.905482053757
    outer loop
      vertex -12.0688371658 57.6702308655 35.8076438904
      vertex -12.5673704147 57.7385902405 36.3847694397
      vertex -12.0688371658 57.5390739441 36.3708190918
    endloop
  endfacet
  facet normal 0.337620586157 0.215268567204 -0.91633605957
    outer loop
      vertex -13.3173151016 58.0104408264 36.4037780762
      vertex -12.5673704147 57.7385902405 36.3847694397
      vertex -12.5673704147 57.8708763123 35.8216743469
    endloop
  endfacet
  facet normal 0.287239223719 0.275907635689 -0.917261481285
    outer loop
      vertex -14.0672006607 58.071811676 36.9804344177
      vertex -13.3173151016 58.0104408264 36.4037780762
      vertex -14.0672006607 58.2404289246 36.4198608398
    endloop
  endfacet
  facet normal 0.364359140396 0.268780261278 -0.89162749052
    outer loop
      vertex -12.0688371658 57.5390739441 36.3708190918
      vertex -12.5673704147 57.7385902405 36.3847694397
      vertex -12.5673704147 57.5696144104 36.9453201294
    endloop
  endfacet
  facet normal 0.333935409784 0.273271501064 -0.902114093304
    outer loop
      vertex -13.3172550201 57.8406333923 36.9642677307
      vertex -12.5673704147 57.7385902405 36.3847694397
      vertex -13.3173151016 58.0104408264 36.4037780762
    endloop
  endfacet
  facet normal 0.288463443518 0.277594745159 -0.916367828846
    outer loop
      vertex -14.0672006607 58.071811676 36.9804344177
      vertex -13.3172550201 57.8406333923 36.9642677307
      vertex -13.3173151016 58.0104408264 36.4037780762
    endloop
  endfacet
  facet normal -0.00320829986595 0.343454092741 -0.939163982868
    outer loop
      vertex -12.5670118332 51.411239624 46.750919342
      vertex -13.3168983459 51.1594467163 47.432434082
      vertex -12.5668935776 51.161945343 47.4326095581
    endloop
  endfacet
  facet normal 0.361775487661 0.26644513011 -0.893378674984
    outer loop
      vertex -12.0688371658 57.5390739441 36.3708190918
      vertex -12.5673704147 57.5696144104 36.9453201294
      vertex -12.0688371658 57.3718566895 36.9314918518
    endloop
  endfacet
  facet normal 0.333142608404 0.272133439779 -0.902751028538
    outer loop
      vertex -13.3172550201 57.8406333923 36.9642677307
      vertex -12.5673704147 57.5696144104 36.9453201294
      vertex -12.5673704147 57.7385902405 36.3847694397
    endloop
  endfacet
  facet normal 0.284232646227 0.333992630243 -0.898699462414
    outer loop
      vertex -14.0672006607 57.864490509 37.5382843018
      vertex -13.3172550201 57.8406333923 36.9642677307
      vertex -14.0672006607 58.071811676 36.9804344177
    endloop
  endfacet
  facet normal -0.00526392180473 0.343711286783 -0.939060628414
    outer loop
      vertex -13.3168983459 51.4089508057 46.7507591248
      vertex -14.066783905 51.1553459167 47.4321479797
      vertex -13.3168983459 51.1594467163 47.432434082
    endloop
  endfacet
  facet normal -0.00293989526108 0.343714565039 -0.939069569111
    outer loop
      vertex -12.5670118332 51.411239624 46.750919342
      vertex -13.3168983459 51.4089508057 46.7507591248
      vertex -13.3168983459 51.1594467163 47.432434082
    endloop
  endfacet
  facet normal 0.356634020805 0.323565125465 -0.876423299313
    outer loop
      vertex -12.0688371658 57.3718566895 36.9314918518
      vertex -12.5673704147 57.5696144104 36.9453201294
      vertex -12.5673704147 57.3636283875 37.5032615662
    endloop
  endfacet
  facet normal 0.328215003014 0.330046027899 -0.885067522526
    outer loop
      vertex -13.3172550201 57.6326255798 37.5220718384
      vertex -12.5673704147 57.5696144104 36.9453201294
      vertex -13.3172550201 57.8406333923 36.9642677307
    endloop
  endfacet
  facet normal 0.284923881292 0.334919154644 -0.898135602474
    outer loop
      vertex -14.0672006607 57.864490509 37.5382843018
      vertex -13.3172550201 57.6326255798 37.5220718384
      vertex -13.3172550201 57.8406333923 36.9642677307
    endloop
  endfacet
  facet normal -0.00737380422652 0.341662198305 -0.939793884754
    outer loop
      vertex -13.3168983459 51.4089508057 46.7507591248
      vertex -14.066783905 51.4032096863 46.7503585815
      vertex -14.066783905 51.1553459167 47.4321479797
    endloop
  endfacet
  facet normal -0.00288393907249 0.399241834879 -0.916841089725
    outer loop
      vertex -12.5670118332 51.706741333 46.0723075867
      vertex -13.3168983459 51.4089508057 46.7507591248
      vertex -12.5670118332 51.411239624 46.750919342
    endloop
  endfacet
  facet normal 0.352668642998 0.320148766041 -0.87927788496
    outer loop
      vertex -12.0688371658 57.3718566895 36.9314918518
      vertex -12.5673704147 57.3636283875 37.5032615662
      vertex -12.0688371658 57.168636322 37.4896278381
    endloop
  endfacet
  facet normal 0.326307982206 0.327381551266 -0.886760652065
    outer loop
      vertex -13.3172550201 57.6326255798 37.5220718384
      vertex -12.5673704147 57.3636283875 37.5032615662
      vertex -12.5673704147 57.5696144104 36.9453201294
    endloop
  endfacet
  facet normal 0.279569327831 0.391022533178 -0.87689357996
    outer loop
      vertex -14.0671405792 57.6169700623 38.0933265686
      vertex -13.3172550201 57.6326255798 37.5220718384
      vertex -14.0672006607 57.864490509 37.5382843018
    endloop
  endfacet
  facet normal -0.00722421193495 0.400851160288 -0.91611468792
    outer loop
      vertex -13.3168983459 51.705783844 46.0723648071
      vertex -14.066783905 51.4032096863 46.7503585815
      vertex -13.3168983459 51.4089508057 46.7507591248
    endloop
  endfacet
  facet normal -0.00113950716332 0.400861352682 -0.91613805294
    outer loop
      vertex -12.5670118332 51.706741333 46.0723075867
      vertex -13.3168983459 51.705783844 46.0723648071
      vertex -13.3168983459 51.4089508057 46.7507591248
    endloop
  endfacet
  facet normal 0.346330791712 0.376804113388 -0.859112143517
    outer loop
      vertex -12.0688371658 57.168636322 37.4896278381
      vertex -12.5673704147 57.3636283875 37.5032615662
      vertex -12.5673704147 57.1200675964 38.0585784912
    endloop
  endfacet
  facet normal 0.320114672184 0.385414063931 -0.865437805653
    outer loop
      vertex -13.3172550201 57.385433197 38.0771331787
      vertex -12.5673704147 57.3636283875 37.5032615662
      vertex -13.3172550201 57.6326255798 37.5220718384
    endloop
  endfacet
  facet normal 0.279268741608 0.390635311604 -0.877161920071
    outer loop
      vertex -14.0671405792 57.6169700623 38.0933265686
      vertex -13.3172550201 57.385433197 38.0771331787
      vertex -13.3172550201 57.6326255798 37.5220718384
    endloop
  endfacet
  facet normal -0.00861983187497 0.399554818869 -0.916668772697
    outer loop
      vertex -13.3168983459 51.705783844 46.0723648071
      vertex -14.0668430328 51.6989440918 46.0718841553
      vertex -14.066783905 51.4032096863 46.7503585815
    endloop
  endfacet
  facet normal -0.00110499351285 0.451905697584 -0.892065048218
    outer loop
      vertex -12.5670118332 52.0487976074 45.3970909119
      vertex -13.3168983459 51.705783844 46.0723648071
      vertex -12.5670118332 51.706741333 46.0723075867
    endloop
  endfacet
  facet normal 0.340132325888 0.371770352125 -0.863768935204
    outer loop
      vertex -12.0688371658 57.168636322 37.4896278381
      vertex -12.5673704147 57.1200675964 38.0585784912
      vertex -12.0687770844 56.9294700623 38.045249939
    endloop
  endfacet
  facet normal 0.316807836294 0.380972266197 -0.86861550808
    outer loop
      vertex -13.3172550201 57.385433197 38.0771331787
      vertex -12.5673704147 57.1200675964 38.0585784912
      vertex -12.5673704147 57.3636283875 37.5032615662
    endloop
  endfacet
  facet normal 0.272451162338 0.448959290981 -0.85100287199
    outer loop
      vertex -14.0671405792 57.3027420044 38.6889457703
      vertex -13.3172550201 57.385433197 38.0771331787
      vertex -14.0671405792 57.6169700623 38.0933265686
    endloop
  endfacet
  facet normal -0.00841098092496 0.456262052059 -0.889805734158
    outer loop
      vertex -13.3168983459 52.0518760681 45.3974113464
      vertex -14.0668430328 51.6989440918 46.0718841553
      vertex -13.3168983459 51.705783844 46.0723648071
    endloop
  endfacet
  facet normal 0.00385147379711 0.456274807453 -0.889830589294
    outer loop
      vertex -12.5670118332 52.0487976074 45.3970909119
      vertex -13.3168983459 52.0518760681 45.3974113464
      vertex -13.3168983459 51.705783844 46.0723648071
    endloop
  endfacet
  facet normal 0.332576543093 0.428661584854 -0.840025067329
    outer loop
      vertex -12.0687770844 56.9294700623 38.045249939
      vertex -12.5673704147 57.1200675964 38.0585784912
      vertex -12.5673704147 56.8157691956 38.6548957825
    endloop
  endfacet
  facet normal 0.309134215117 0.440679073334 -0.842756211758
    outer loop
      vertex -13.3172550201 57.0738830566 38.6729431152
      vertex -12.5673704147 57.1200675964 38.0585784912
      vertex -13.3172550201 57.385433197 38.0771331787
    endloop
  endfacet
  facet normal 0.269930154085 0.446175396442 -0.853267371655
    outer loop
      vertex -14.0671405792 57.3027420044 38.6889457703
      vertex -13.3172550201 57.0738830566 38.6729431152
      vertex -13.3172550201 57.385433197 38.0771331787
    endloop
  endfacet
  facet normal -0.00792181491852 0.456692695618 -0.889589250088
    outer loop
      vertex -13.3168983459 52.0518760681 45.3974113464
      vertex -14.0668430328 52.0454292297 45.3969612122
      vertex -14.0668430328 51.6989440918 46.0718841553
    endloop
  endfacet
  facet normal 0.00377115700394 0.500617384911 -0.865660488605
    outer loop
      vertex -12.5670118332 52.4374084473 44.725112915
      vertex -13.3168983459 52.0518760681 45.3974113464
      vertex -12.5670118332 52.0487976074 45.3970909119
    endloop
  endfacet
  facet normal 0.323082238436 0.422193348408 -0.846977353096
    outer loop
      vertex -12.0687770844 56.9294700623 38.045249939
      vertex -12.5673704147 56.8157691956 38.6548957825
      vertex -12.0687770844 56.6320457458 38.6419258118
    endloop
  endfacet
  facet normal 0.302641093731 0.433219820261 -0.848957598209
    outer loop
      vertex -13.3172550201 57.0738830566 38.6729431152
      vertex -12.5673704147 56.8157691956 38.6548957825
      vertex -12.5673704147 57.1200675964 38.0585784912
    endloop
  endfacet
  facet normal 0.261481940746 0.506990194321 -0.821333169937
    outer loop
      vertex -14.0671405792 56.9372901917 39.2809829712
      vertex -13.3172550201 57.0738830566 38.6729431152
      vertex -14.0671405792 57.3027420044 38.6889457703
    endloop
  endfacet
  facet normal -0.00770769407973 0.508438646793 -0.861063718796
    outer loop
      vertex -13.3169574738 52.4484024048 44.7258796692
      vertex -14.0668430328 52.0454292297 45.3969612122
      vertex -13.3168983459 52.0518760681 45.3974113464
    endloop
  endfacet
  facet normal 0.0131440674886 0.508408427238 -0.861015737057
    outer loop
      vertex -12.5670118332 52.4374084473 44.725112915
      vertex -13.3169574738 52.4484024048 44.7258796692
      vertex -13.3168983459 52.0518760681 45.3974113464
    endloop
  endfacet
  facet normal 0.314497888088 0.478750258684 -0.819688498974
    outer loop
      vertex -12.0687770844 56.6320457458 38.6419258118
      vertex -12.5673704147 56.8157691956 38.6548957825
      vertex -12.5672502518 56.4692344666 39.248134613
    endloop
  endfacet
  facet normal 0.29347345233 0.494678407907 -0.818026065826
    outer loop
      vertex -13.3172550201 56.7155647278 39.2654800415
      vertex -12.5673704147 56.8157691956 38.6548957825
      vertex -13.3172550201 57.0738830566 38.6729431152
    endloop
  endfacet
  facet normal 0.254995644093 0.500357568264 -0.827417373657
    outer loop
      vertex -14.0671405792 56.9372901917 39.2809829712
      vertex -13.3172550201 56.7155647278 39.2654800415
      vertex -13.3172550201 57.0738830566 38.6729431152
    endloop
  endfacet
  facet normal -0.00361292017624 0.51182448864 -0.859082400799
    outer loop
      vertex -13.3169574738 52.4484024048 44.7258796692
      vertex -14.0668430328 52.4453048706 44.7257881165
      vertex -14.0668430328 52.0454292297 45.3969612122
    endloop
  endfacet
  facet normal 0.0129015184939 0.538779377937 -0.842348098755
    outer loop
      vertex -12.5670118332 52.7610168457 44.2191696167
      vertex -13.3169574738 52.4484024048 44.7258796692
      vertex -12.5670118332 52.4374084473 44.725112915
    endloop
  endfacet
  facet normal 0.301149964333 0.470403045416 -0.829475522041
    outer loop
      vertex -12.0687770844 56.6320457458 38.6419258118
      vertex -12.5672502518 56.4692344666 39.248134613
      vertex -12.0687770844 56.2951622009 39.2359619141
    endloop
  endfacet
  facet normal 0.283182561398 0.483701974154 -0.828154623508
    outer loop
      vertex -13.3172550201 56.7155647278 39.2654800415
      vertex -12.5672502518 56.4692344666 39.248134613
      vertex -12.5673704147 56.8157691956 38.6548957825
    endloop
  endfacet
  facet normal 0.245390713215 0.560869276524 -0.790701627731
    outer loop
      vertex -14.0669622421 56.5198707581 39.8693733215
      vertex -13.3172550201 56.7155647278 39.2654800415
      vertex -14.0671405792 56.9372901917 39.2809829712
    endloop
  endfacet
  facet normal -0.00351675553247 0.550791621208 -0.83463537693
    outer loop
      vertex -13.3169574738 52.781829834 44.2206268311
      vertex -14.0668430328 52.4453048706 44.7257881165
      vertex -13.3169574738 52.4484024048 44.7258796692
    endloop
  endfacet
  facet normal 0.0242257956415 0.550633370876 -0.834395587444
    outer loop
      vertex -13.3169574738 52.4484024048 44.7258796692
      vertex -12.5670118332 52.7610168457 44.2191696167
      vertex -13.3169574738 52.781829834 44.2206268311
    endloop
  endfacet
  facet normal 0.292356133461 0.523014485836 -0.800614595413
    outer loop
      vertex -12.0687770844 56.2951622009 39.2359619141
      vertex -12.5672502518 56.4692344666 39.248134613
      vertex -12.5672502518 56.0834159851 39.8387336731
    endloop
  endfacet
  facet normal 0.273199141026 0.543759286404 -0.793528854847
    outer loop
      vertex -13.3172550201 56.3118019104 39.8547019958
      vertex -12.5672502518 56.4692344666 39.248134613
      vertex -13.3172550201 56.7155647278 39.2654800415
    endloop
  endfacet
  facet normal 0.233373627067 0.549654781818 -0.802132368088
    outer loop
      vertex -14.0669622421 56.5198707581 39.8693733215
      vertex -13.3172550201 56.3118019104 39.8547019958
      vertex -13.3172550201 56.7155647278 39.2654800415
    endloop
  endfacet
  facet normal 0.00320293870755 0.55770200491 -0.830035030842
    outer loop
      vertex -13.3169574738 52.781829834 44.2206268311
      vertex -14.0668430328 52.7845916748 44.2208175659
      vertex -14.0668430328 52.4453048706 44.7257881165
    endloop
  endfacet
  facet normal 0.0239472519606 0.567249298096 -0.823197901249
    outer loop
      vertex -13.3169574738 52.781829834 44.2206268311
      vertex -12.5670118332 52.7610168457 44.2191696167
      vertex -12.5670719147 53.1085700989 43.7147941589
    endloop
  endfacet
  facet normal 0.274376153946 0.512690246105 -0.813551723957
    outer loop
      vertex -12.0687770844 56.2951622009 39.2359619141
      vertex -12.5672502518 56.0834159851 39.8387336731
      vertex -12.0687770844 55.9223976135 39.8274765015
    endloop
  endfacet
  facet normal 0.257585763931 0.528454005718 -0.808941245079
    outer loop
      vertex -13.3172550201 56.3118019104 39.8547019958
      vertex -12.5672502518 56.0834159851 39.8387336731
      vertex -12.5672502518 56.4692344666 39.248134613
    endloop
  endfacet
  facet normal 0.223300039768 0.608228981495 -0.761705040932
    outer loop
      vertex -14.0669622421 56.052898407 40.4541778564
      vertex -13.3172550201 56.3118019104 39.8547019958
      vertex -14.0669622421 56.5198707581 39.8693733215
    endloop
  endfacet
  facet normal 0.00314446655102 0.583088517189 -0.812402546406
    outer loop
      vertex -13.3169574738 53.1431427002 43.717212677
      vertex -14.0668430328 52.7845916748 44.2208175659
      vertex -13.3169574738 52.781829834 44.2206268311
    endloop
  endfacet
  facet normal 0.0393051020801 0.582640826702 -0.811778783798
    outer loop
      vertex -13.3169574738 52.781829834 44.2206268311
      vertex -12.5670719147 53.1085700989 43.7147941589
      vertex -13.3169574738 53.1431427002 43.717212677
    endloop
  endfacet
  facet normal 0.265986859798 0.560561537743 -0.784233212471
    outer loop
      vertex -12.0687770844 55.9223976135 39.8274765015
      vertex -12.5672502518 56.0834159851 39.8387336731
      vertex -12.5672502518 55.6629905701 40.4269142151
    endloop
  endfacet
  facet normal 0.24756538868 0.585355103016 -0.772056221962
    outer loop
      vertex -13.317076683 55.8670883179 40.4411849976
      vertex -12.5672502518 56.0834159851 39.8387336731
      vertex -13.3172550201 56.3118019104 39.8547019958
    endloop
  endfacet
  facet normal 0.20356336236 0.59152084589 -0.780169844627
    outer loop
      vertex -14.0669622421 56.052898407 40.4541778564
      vertex -13.317076683 55.8670883179 40.4411849976
      vertex -13.3172550201 56.3118019104 39.8547019958
    endloop
  endfacet
  facet normal 0.0148829780519 0.594536185265 -0.803931117058
    outer loop
      vertex -13.3169574738 53.1431427002 43.717212677
      vertex -14.0668430328 53.1563453674 43.7181358337
      vertex -14.0668430328 52.7845916748 44.2208175659
    endloop
  endfacet
  facet normal 0.0390619002283 0.59070789814 -0.805939376354
    outer loop
      vertex -13.3169574738 53.1431427002 43.717212677
      vertex -12.5670719147 53.1085700989 43.7147941589
      vertex -12.5670719147 53.4771728516 43.2118911743
    endloop
  endfacet
  facet normal 0.242824494839 0.548248052597 -0.800287663937
    outer loop
      vertex -12.0687770844 55.9223976135 39.8274765015
      vertex -12.5672502518 55.6629905701 40.4269142151
      vertex -12.0687770844 55.5186576843 40.4168205261
    endloop
  endfacet
  facet normal 0.226466715336 0.56640124321 -0.792402982712
    outer loop
      vertex -13.317076683 55.8670883179 40.4411849976
      vertex -12.5672502518 55.6629905701 40.4269142151
      vertex -12.5672502518 56.0834159851 39.8387336731
    endloop
  endfacet
  facet normal 0.195074960589 0.640854358673 -0.742463111877
    outer loop
      vertex -14.0669622421 55.7175140381 40.8427391052
      vertex -13.317076683 55.8670883179 40.4411849976
      vertex -14.0669622421 56.052898407 40.4541778564
    endloop
  endfacet
  facet normal 0.0146847227588 0.61096739769 -0.791519582272
    outer loop
      vertex -13.3169574738 53.5303268433 43.2156105042
      vertex -14.0668430328 53.1563453674 43.7181358337
      vertex -13.3169574738 53.1431427002 43.717212677
    endloop
  endfacet
  facet normal 0.059040363878 0.609967410564 -0.790224015713
    outer loop
      vertex -13.3169574738 53.1431427002 43.717212677
      vertex -12.5670719147 53.4771728516 43.2118911743
      vertex -13.3169574738 53.5303268433 43.2156105042
    endloop
  endfacet
  facet normal 0.235097557306 0.592492580414 -0.770507395267
    outer loop
      vertex -12.0687770844 55.5186576843 40.4168205261
      vertex -12.5672502518 55.6629905701 40.4269142151
      vertex -12.5672502518 55.0618553162 41.2086639404
    endloop
  endfacet
  facet normal 0.218121901155 0.614205300808 -0.758402705193
    outer loop
      vertex -13.317076683 55.5513916016 40.8310012817
      vertex -12.5672502518 55.6629905701 40.4269142151
      vertex -13.317076683 55.8670883179 40.4411849976
    endloop
  endfacet
  facet normal 0.179065972567 0.619186997414 -0.764553964138
    outer loop
      vertex -14.0669622421 55.7175140381 40.8427391052
      vertex -13.317076683 55.5513916016 40.8310012817
      vertex -13.317076683 55.8670883179 40.4411849976
    endloop
  endfacet
  facet normal 0.0319557227194 0.626968026161 -0.778389334679
    outer loop
      vertex -13.3169574738 53.5303268433 43.2156105042
      vertex -14.0668430328 53.5593910217 43.2177467346
      vertex -14.0668430328 53.1563453674 43.7181358337
    endloop
  endfacet
  facet normal 0.196292862296 0.57976347208 -0.790786623955
    outer loop
      vertex -12.0687770844 55.5186576843 40.4168205261
      vertex -12.5672502518 55.0618553162 41.2086639404
      vertex -12.0687770844 54.944152832 41.2004318237
    endloop
  endfacet
  facet normal 0.0591211989522 0.608330488205 -0.791478812695
    outer loop
      vertex -13.3169574738 53.5303268433 43.2156105042
      vertex -12.5670719147 53.4771728516 43.2118911743
      vertex -12.5670719147 53.8628082275 42.7101516724
    endloop
  endfacet
  facet normal 0.206004217267 0.596503198147 -0.775723040104
    outer loop
      vertex -13.317076683 55.5513916016 40.8310012817
      vertex -12.5672502518 55.0618553162 41.2086639404
      vertex -12.5672502518 55.6629905701 40.4269142151
    endloop
  endfacet
  facet normal 0.172248885036 0.660426914692 -0.730867028236
    outer loop
      vertex -14.0669622421 55.36743927 41.2301521301
      vertex -13.317076683 55.5513916016 40.8310012817
      vertex -14.0669622421 55.7175140381 40.8427391052
    endloop
  endfacet
  facet normal 0.0317921862006 0.632694482803 -0.773748636246
    outer loop
      vertex -13.3169574738 53.9391784668 42.7156105042
      vertex -14.0668430328 53.5593910217 43.2177467346
      vertex -13.3169574738 53.5303268433 43.2156105042
    endloop
  endfacet
  facet normal 0.191156685352 0.612862169743 -0.766719698906
    outer loop
      vertex -12.0687770844 54.944152832 41.2004318237
      vertex -12.5672502518 55.0618553162 41.2086639404
      vertex -12.5672502518 54.6024284363 41.7834243774
    endloop
  endfacet
  facet normal 0.0831579342484 0.630821943283 -0.771458625793
    outer loop
      vertex -13.3169574738 53.5303268433 43.2156105042
      vertex -12.5670719147 53.8628082275 42.7101516724
      vertex -13.3169574738 53.9391784668 42.7156105042
    endloop
  endfacet
  facet normal 0.173140794039 0.633620500565 -0.754020810127
    outer loop
      vertex -13.317076683 55.2243804932 41.2201499939
      vertex -12.5672502518 55.0618553162 41.2086639404
      vertex -13.317076683 55.5513916016 40.8310012817
    endloop
  endfacet
  facet normal 0.152819544077 0.635780215263 -0.756590843201
    outer loop
      vertex -14.0669622421 55.36743927 41.2301521301
      vertex -13.317076683 55.2243804932 41.2201499939
      vertex -13.317076683 55.5513916016 40.8310012817
    endloop
  endfacet
  facet normal 0.0547087043524 0.653014719486 -0.755366623402
    outer loop
      vertex -13.3169574738 53.9391784668 42.7156105042
      vertex -14.0669622421 53.9904022217 42.7191925049
      vertex -14.0668430328 53.5593910217 43.2177467346
    endloop
  endfacet
  facet normal 0.139881968498 0.618237197399 -0.773444116116
    outer loop
      vertex -13.317076683 54.7308616638 41.7924041748
      vertex -12.5672502518 54.6024284363 41.7834243774
      vertex -12.5672502518 55.0618553162 41.2086639404
    endloop
  endfacet
  facet normal 0.0838431939483 0.621583282948 -0.778848230839
    outer loop
      vertex -13.3169574738 53.9391784668 42.7156105042
      vertex -12.5670719147 53.8628082275 42.7101516724
      vertex -12.5672502518 54.6024284363 41.7834243774
    endloop
  endfacet
  facet normal 0.171564042568 0.643403351307 -0.746054887772
    outer loop
      vertex -13.317076683 54.7308616638 41.7924041748
      vertex -12.5672502518 55.0618553162 41.2086639404
      vertex -13.317076683 55.2243804932 41.2201499939
    endloop
  endfacet
  facet normal 0.147023186088 0.674485445023 -0.723500907421
    outer loop
      vertex -14.0669622421 54.6653251648 41.983291626
      vertex -13.317076683 55.2243804932 41.2201499939
      vertex -14.0669622421 55.36743927 41.2301521301
    endloop
  endfacet
  facet normal 0.0534856915474 0.674945771694 -0.735926270485
    outer loop
      vertex -14.0669622421 54.6653251648 41.983291626
      vertex -14.0669622421 53.9904022217 42.7191925049
      vertex -13.3169574738 53.9391784668 42.7156105042
    endloop
  endfacet
  facet normal 0.13652920723 0.644859075546 -0.752008318901
    outer loop
      vertex -13.3169574738 53.9391784668 42.7156105042
      vertex -12.5672502518 54.6024284363 41.7834243774
      vertex -13.317076683 54.7308616638 41.7924041748
    endloop
  endfacet
  facet normal 0.099563524127 0.649841606617 -0.75352036953
    outer loop
      vertex -14.0669622421 54.6653251648 41.983291626
      vertex -13.317076683 54.7308616638 41.7924041748
      vertex -13.317076683 55.2243804932 41.2201499939
    endloop
  endfacet
  facet normal 0.0988718345761 0.647767901421 -0.755394697189
    outer loop
      vertex -13.3169574738 53.9391784668 42.7156105042
      vertex -13.317076683 54.7308616638 41.7924041748
      vertex -14.0669622421 54.6653251648 41.983291626
    endloop
  endfacet
  facet normal 0.172352075577 -0.517075955868 -0.838407576084
    outer loop
      vertex -13.317612648 56.6448440552 28.5412368774
      vertex -12.5677270889 55.9862861633 27.7233772278
      vertex -13.317612648 56.1473884583 27.7346420288
    endloop
  endfacet
  facet normal 0.217760428786 -0.48317450285 -0.84801107645
    outer loop
      vertex -13.317612648 56.6448440552 28.5412368774
      vertex -12.5677270889 56.4442100525 28.5270690918
      vertex -12.5677270889 55.9862861633 27.7233772278
    endloop
  endfacet
  facet normal 0.169408395886 -0.534322738647 -0.828130424023
    outer loop
      vertex -14.817325592 57.2343788147 28.9474220276
      vertex -14.0675582886 56.8271484375 28.553981781
      vertex -14.817325592 56.9877738953 28.5652160645
    endloop
  endfacet
  facet normal 0.146813377738 -0.536284446716 -0.831170797348
    outer loop
      vertex -15.5673904419 57.3731269836 28.9571228027
      vertex -14.817325592 57.2343788147 28.9474220276
      vertex -14.817325592 56.9877738953 28.5652160645
    endloop
  endfacet
  facet normal 0.218774482608 -0.476800858974 -0.851351082325
    outer loop
      vertex -13.317612648 57.0702400208 29.3008003235
      vertex -12.5677270889 56.4442100525 28.5270690918
      vertex -13.317612648 56.6448440552 28.5412368774
    endloop
  endfacet
  facet normal 0.196455314755 -0.500499665737 -0.843152046204
    outer loop
      vertex -14.0674991608 57.2791213989 29.3154067993
      vertex -13.317612648 56.6448440552 28.5412368774
      vertex -14.0675582886 56.8271484375 28.553981781
    endloop
  endfacet
  facet normal 0.195359632373 -0.500611305237 -0.843340337276
    outer loop
      vertex -14.817325592 57.2343788147 28.9474220276
      vertex -14.0674991608 57.2791213989 29.3154067993
      vertex -14.0675582886 56.8271484375 28.553981781
    endloop
  endfacet
  facet normal 0.150230482221 -0.508730113506 -0.847717225552
    outer loop
      vertex -15.5673904419 57.6017417908 29.3380737305
      vertex -14.817325592 57.2343788147 28.9474220276
      vertex -15.5673904419 57.3731269836 28.9571228027
    endloop
  endfacet
  facet normal 0.227395772934 -0.475836753845 -0.849629640579
    outer loop
      vertex -14.0674991608 57.2791213989 29.3154067993
      vertex -13.317612648 57.0702400208 29.3008003235
      vertex -13.317612648 56.6448440552 28.5412368774
    endloop
  endfacet
  facet normal 0.195370584726 -0.500631868839 -0.843325614929
    outer loop
      vertex -14.817325592 57.4603538513 29.3280792236
      vertex -14.0674991608 57.2791213989 29.3154067993
      vertex -14.817325592 57.2343788147 28.9474220276
    endloop
  endfacet
  facet normal 0.153450682759 -0.50442302227 -0.849711894989
    outer loop
      vertex -15.5673904419 57.6017417908 29.3380737305
      vertex -14.817325592 57.4603538513 29.3280792236
      vertex -14.817325592 57.2343788147 28.9474220276
    endloop
  endfacet
  facet normal 0.0961743742228 -0.512184679508 -0.85347366333
    outer loop
      vertex -16.1841182709 57.674282074 29.3431472778
      vertex -15.5673904419 57.6017417908 29.3380737305
      vertex -15.5673904419 57.3731269836 28.9571228027
    endloop
  endfacet
  facet normal 0.23314742744 -0.439014017582 -0.867703258991
    outer loop
      vertex -14.0674991608 57.6619148254 30.0719947815
      vertex -13.317612648 57.0702400208 29.3008003235
      vertex -14.0674991608 57.2791213989 29.3154067993
    endloop
  endfacet
  facet normal 0.200395420194 -0.466161251068 -0.86170488596
    outer loop
      vertex -14.817325592 57.6655426025 29.7073745728
      vertex -14.0674991608 57.2791213989 29.3154067993
      vertex -14.817325592 57.4603538513 29.3280792236
    endloop
  endfacet
  facet normal 0.157505318522 -0.469528347254 -0.868754982948
    outer loop
      vertex -15.5673904419 57.8066673279 29.7172431946
      vertex -14.817325592 57.4603538513 29.3280792236
      vertex -15.5673904419 57.6017417908 29.3380737305
    endloop
  endfacet
  facet normal 0.0993366539478 -0.469422757626 -0.877367973328
    outer loop
      vertex -16.1841182709 57.8770713806 29.7221679688
      vertex -15.5673904419 57.6017417908 29.3380737305
      vertex -16.1841182709 57.674282074 29.3431472778
    endloop
  endfacet
  facet normal 0.218440786004 -0.440552920103 -0.870744943619
    outer loop
      vertex -14.817325592 57.6655426025 29.7073745728
      vertex -14.0674991608 57.6619148254 30.0719947815
      vertex -14.0674991608 57.2791213989 29.3154067993
    endloop
  endfacet
  facet normal 0.157246217132 -0.469893693924 -0.868604362011
    outer loop
      vertex -15.5673904419 57.8066673279 29.7172431946
      vertex -14.817325592 57.6655426025 29.7073745728
      vertex -14.817325592 57.4603538513 29.3280792236
    endloop
  endfacet
  facet normal 0.0961838513613 -0.473258554935 -0.87565690279
    outer loop
      vertex -16.1841182709 57.8770713806 29.7221679688
      vertex -15.5673904419 57.8066673279 29.7172431946
      vertex -15.5673904419 57.6017417908 29.3380737305
    endloop
  endfacet
  facet normal 0.212812617421 -0.428907424212 -0.877923250198
    outer loop
      vertex -14.817325592 57.8501052856 30.0851516724
      vertex -14.0674991608 57.6619148254 30.0719947815
      vertex -14.817325592 57.6655426025 29.7073745728
    endloop
  endfacet
  facet normal 0.16144451499 -0.430268138647 -0.888146936893
    outer loop
      vertex -15.5672101974 57.9896507263 30.0950164795
      vertex -14.817325592 57.6655426025 29.7073745728
      vertex -15.5673904419 57.8066673279 29.7172431946
    endloop
  endfacet
  facet normal 0.0990075096488 -0.430032879114 -0.897367954254
    outer loop
      vertex -16.1840000153 58.0580253601 30.0998001099
      vertex -15.5673904419 57.8066673279 29.7172431946
      vertex -16.1841182709 57.8770713806 29.7221679688
    endloop
  endfacet
  facet normal 0.159363880754 -0.433352738619 -0.887022316456
    outer loop
      vertex -15.5672101974 57.9896507263 30.0950164795
      vertex -14.817325592 57.8501052856 30.0851516724
      vertex -14.817325592 57.6655426025 29.7073745728
    endloop
  endfacet
  facet normal 0.0959433540702 -0.433950424194 -0.895813524723
    outer loop
      vertex -16.1840000153 58.0580253601 30.0998001099
      vertex -15.5672101974 57.9896507263 30.0950164795
      vertex -15.5673904419 57.8066673279 29.7172431946
    endloop
  endfacet
  facet normal 0.16416618228 -0.382541507483 -0.909236729145
    outer loop
      vertex -15.5672101974 58.2184638977 30.6388702393
      vertex -14.817325592 57.8501052856 30.0851516724
      vertex -15.5672101974 57.9896507263 30.0950164795
    endloop
  endfacet
  facet normal 0.0988915041089 -0.382171243429 -0.918784856796
    outer loop
      vertex -16.1840000153 58.2841644287 30.6434631348
      vertex -15.5672101974 57.9896507263 30.0950164795
      vertex -16.1840000153 58.0580253601 30.0998001099
    endloop
  endfacet
  facet normal 0.160167217255 -0.387137115002 -0.908004045486
    outer loop
      vertex -15.5672101974 58.2184638977 30.6388702393
      vertex -14.817325592 58.0821228027 30.6293334961
      vertex -14.817325592 57.8501052856 30.0851516724
    endloop
  endfacet
  facet normal 0.0948662236333 -0.386053949594 -0.917585253716
    outer loop
      vertex -16.1840000153 58.2841644287 30.6434631348
      vertex -15.5672101974 58.2184638977 30.6388702393
      vertex -15.5672101974 57.9896507263 30.0950164795
    endloop
  endfacet
  facet normal 0.165088042617 -0.326122194529 -0.93080085516
    outer loop
      vertex -15.5672101974 58.4080886841 31.1800842285
      vertex -14.817325592 58.0821228027 30.6293334961
      vertex -15.5672101974 58.2184638977 30.6388702393
    endloop
  endfacet
  facet normal 0.0977481231093 -0.325664758682 -0.940418958664
    outer loop
      vertex -16.1840000153 58.4715309143 31.1845207214
      vertex -15.5672101974 58.2184638977 30.6388702393
      vertex -16.1840000153 58.2841644287 30.6434631348
    endloop
  endfacet
  facet normal 0.0942747816443 -0.329186528921 -0.939546942711
    outer loop
      vertex -16.1840000153 58.4715309143 31.1845207214
      vertex -15.5672101974 58.4080886841 31.1800842285
      vertex -15.5672101974 58.2184638977 30.6388702393
    endloop
  endfacet
  facet normal 0.0966108888388 -0.26966330409 -0.958096027374
    outer loop
      vertex -16.1840000153 58.6230812073 31.7229690552
      vertex -15.5672101974 58.4080886841 31.1800842285
      vertex -16.1840000153 58.4715309143 31.1845207214
    endloop
  endfacet
  facet normal 0.0937728434801 -0.272663086653 -0.957528829575
    outer loop
      vertex -16.1840000153 58.6230812073 31.7229690552
      vertex -15.5672101974 58.5614509583 31.718662262
      vertex -15.5672101974 58.4080886841 31.1800842285
    endloop
  endfacet
  facet normal 0.0956409424543 -0.214052125812 -0.972128868103
    outer loop
      vertex -16.1839408875 58.7411460876 32.259185791
      vertex -15.5672101974 58.5614509583 31.718662262
      vertex -16.1840000153 58.6230812073 31.7229690552
    endloop
  endfacet
  facet normal 0.0937607213855 -0.216107159853 -0.971857309341
    outer loop
      vertex -16.1839408875 58.7411460876 32.259185791
      vertex -15.5672101974 58.6807060242 32.2549591064
      vertex -15.5672101974 58.5614509583 31.718662262
    endloop
  endfacet
  facet normal 0.0953384935856 -0.153322413564 -0.983566343784
    outer loop
      vertex -16.1839408875 58.8387985229 32.8856391907
      vertex -15.5672101974 58.6807060242 32.2549591064
      vertex -16.1839408875 58.7411460876 32.259185791
    endloop
  endfacet
  facet normal 0.0934418737888 -0.155150830746 -0.983461678028
    outer loop
      vertex -16.1839408875 58.8387985229 32.8856391907
      vertex -15.5672101974 58.779548645 32.8814964294
      vertex -15.5672101974 58.6807060242 32.2549591064
    endloop
  endfacet
  facet normal 0.0946689099073 -0.0884608775377 -0.991570711136
    outer loop
      vertex -16.1839408875 58.8944358826 33.5092811584
      vertex -15.5672101974 58.779548645 32.8814964294
      vertex -16.1839408875 58.8387985229 32.8856391907
    endloop
  endfacet
  facet normal 0.0933300927281 -0.0897776931524 -0.991579294205
    outer loop
      vertex -16.1839408875 58.8944358826 33.5092811584
      vertex -15.5672101974 58.8360176086 33.5051956177
      vertex -15.5672101974 58.779548645 32.8814964294
    endloop
  endfacet
  facet normal 0.0941177904606 -0.0237541124225 -0.995277643204
    outer loop
      vertex -16.1839408875 58.9092521667 34.1300811768
      vertex -15.5672101974 58.8360176086 33.5051956177
      vertex -16.1839408875 58.8944358826 33.5092811584
    endloop
  endfacet
  facet normal 0.0328298509121 -0.0238471627235 -0.999176442623
    outer loop
      vertex -16.799955368 58.9285392761 34.0901451111
      vertex -16.1839408875 58.9092521667 34.1300811768
      vertex -16.1839408875 58.8944358826 33.5092811584
    endloop
  endfacet
  facet normal 0.0386973060668 -0.0176199041307 -0.999095618725
    outer loop
      vertex -16.799955368 58.9285392761 34.0901451111
      vertex -16.1839408875 58.8944358826 33.5092811584
      vertex -16.799955368 58.9210777283 33.6670417786
    endloop
  endfacet
  facet normal 0.000452170032077 0.0703880041838 -0.997519612312
    outer loop
      vertex -16.799955368 58.9172744751 34.5126914978
      vertex -21.5999755859 58.9034843445 34.7389678955
      vertex -16.799955368 58.8875617981 34.933795929
    endloop
  endfacet
  facet normal 0.0295579452068 0.0266372878104 -0.99920809269
    outer loop
      vertex -16.799955368 58.9172744751 34.5126914978
      vertex -16.1839408875 58.9092521667 34.1300811768
      vertex -16.799955368 58.9285392761 34.0901451111
    endloop
  endfacet
  facet normal -0.0014590480132 -0.017633093521 -0.999843478203
    outer loop
      vertex -16.799955368 58.9210777283 33.6670417786
      vertex -21.5999755859 58.9251480103 34.2950134277
      vertex -16.799955368 58.9285392761 34.0901451111
    endloop
  endfacet
  facet normal -0.000572073855437 0.0487393699586 -0.998811364174
    outer loop
      vertex -16.799955368 58.9172744751 34.5126914978
      vertex -21.5999755859 58.9251480103 34.2950134277
      vertex -21.5999755859 58.9034843445 34.7389678955
    endloop
  endfacet
  facet normal 0.000431081425631 0.0266489293426 -0.999644756317
    outer loop
      vertex -16.799955368 58.9285392761 34.0901451111
      vertex -21.5999755859 58.9251480103 34.2950134277
      vertex -16.799955368 58.9172744751 34.5126914978
    endloop
  endfacet
  facet normal 0.230606794357 0.03842221573 -0.972288131714
    outer loop
      vertex -14.8172054291 58.7039337158 34.7353363037
      vertex -14.0672006607 58.5265388489 34.7229347229
      vertex -14.06731987 58.5509910583 34.1048927307
    endloop
  endfacet
  facet normal 0.23058052361 0.100854925811 -0.967812418938
    outer loop
      vertex -14.8172054291 58.6447219849 35.3035430908
      vertex -14.0672006607 58.5265388489 34.7229347229
      vertex -14.8172054291 58.7039337158 34.7353363037
    endloop
  endfacet
  facet normal 0.161612018943 0.102285385132 -0.98153924942
    outer loop
      vertex -15.5670919418 58.7672996521 35.3121147156
      vertex -14.8172054291 58.6447219849 35.3035430908
      vertex -14.8172054291 58.7039337158 34.7353363037
    endloop
  endfacet
  facet normal 0.231052711606 0.101501561701 -0.967632174492
    outer loop
      vertex -14.8172054291 58.6447219849 35.3035430908
      vertex -14.0672006607 58.4669380188 35.2911109924
      vertex -14.0672006607 58.5265388489 34.7229347229
    endloop
  endfacet
  facet normal 0.161012887955 0.160619884729 -0.973794698715
    outer loop
      vertex -15.5670318604 58.6739616394 35.8779373169
      vertex -14.8172054291 58.6447219849 35.3035430908
      vertex -15.5670919418 58.7672996521 35.3121147156
    endloop
  endfacet
  facet normal 0.230195865035 0.159733235836 -0.959945380688
    outer loop
      vertex -14.8170871735 58.5505523682 35.8693084717
      vertex -14.0672006607 58.4669380188 35.2911109924
      vertex -14.8172054291 58.6447219849 35.3035430908
    endloop
  endfacet
  facet normal 0.16204431653 0.161986574531 -0.973397135735
    outer loop
      vertex -15.5670318604 58.6739616394 35.8779373169
      vertex -14.8170871735 58.5505523682 35.8693084717
      vertex -14.8172054291 58.6447219849 35.3035430908
    endloop
  endfacet
  facet normal 0.231362447143 0.161325320601 -0.959398567677
    outer loop
      vertex -14.8170871735 58.5505523682 35.8693084717
      vertex -14.0672006607 58.3718147278 35.8568077087
      vertex -14.0672006607 58.4669380188 35.2911109924
    endloop
  endfacet
  facet normal 0.160876750946 0.219349890947 -0.962291181087
    outer loop
      vertex -15.5670318604 58.5455360413 36.4413337708
      vertex -14.8170871735 58.5505523682 35.8693084717
      vertex -15.5670318604 58.6739616394 35.8779373169
    endloop
  endfacet
  facet normal 0.229692161083 0.218666419387 -0.948381006718
    outer loop
      vertex -14.8170871735 58.4206733704 36.4326019287
      vertex -14.0672006607 58.3718147278 35.8568077087
      vertex -14.8170871735 58.5505523682 35.8693084717
    endloop
  endfacet
  facet normal 0.162660598755 0.221681267023 -0.961456656456
    outer loop
      vertex -15.5670318604 58.5455360413 36.4413337708
      vertex -14.8170871735 58.4206733704 36.4326019287
      vertex -14.8170871735 58.5505523682 35.8693084717
    endloop
  endfacet
  facet normal 0.231474354863 0.221071600914 -0.947389543056
    outer loop
      vertex -14.8170871735 58.4206733704 36.4326019287
      vertex -14.0672006607 58.2404289246 36.4198608398
      vertex -14.0672006607 58.3718147278 35.8568077087
    endloop
  endfacet
  facet normal 0.160915926099 0.277854382992 -0.947049617767
    outer loop
      vertex -15.5670318604 58.3809928894 37.0021743774
      vertex -14.8170871735 58.4206733704 36.4326019287
      vertex -15.5670318604 58.5455360413 36.4413337708
    endloop
  endfacet
  facet normal 0.228998795152 0.277203559875 -0.933122575283
    outer loop
      vertex -14.8170871735 58.2541046143 36.9933052063
      vertex -14.0672006607 58.2404289246 36.4198608398
      vertex -14.8170871735 58.4206733704 36.4326019287
    endloop
  endfacet
  facet normal 0.163334652781 0.280946612358 -0.945722341537
    outer loop
      vertex -15.5670318604 58.3809928894 37.0021743774
      vertex -14.8170871735 58.2541046143 36.9933052063
      vertex -14.8170871735 58.4206733704 36.4326019287
    endloop
  endfacet
  facet normal 0.23129068315 0.280235767365 -0.931650459766
    outer loop
      vertex -14.8170871735 58.2541046143 36.9933052063
      vertex -14.0672006607 58.071811676 36.9804344177
      vertex -14.0672006607 58.2404289246 36.4198608398
    endloop
  endfacet
  facet normal 0.160985156894 0.336051315069 -0.927983462811
    outer loop
      vertex -15.5670318604 58.1788406372 37.5604019165
      vertex -14.8170871735 58.2541046143 36.9933052063
      vertex -15.5670318604 58.3809928894 37.0021743774
    endloop
  endfacet
  facet normal 0.227962002158 0.335454404354 -0.914058923721
    outer loop
      vertex -14.8170871735 58.0493087769 37.5513458252
      vertex -14.0672006607 58.071811676 36.9804344177
      vertex -14.8170871735 58.2541046143 36.9933052063
    endloop
  endfacet
  facet normal 0.164056822658 0.339857727289 -0.92605727911
    outer loop
      vertex -15.5670318604 58.1788406372 37.5604019165
      vertex -14.8170871735 58.0493087769 37.5513458252
      vertex -14.8170871735 58.2541046143 36.9933052063
    endloop
  endfacet
  facet normal 0.230693534017 0.338964104652 -0.91207665205
    outer loop
      vertex -14.8170871735 58.0493087769 37.5513458252
      vertex -14.0672006607 57.864490509 37.5382843018
      vertex -14.0672006607 58.071811676 36.9804344177
    endloop
  endfacet
  facet normal -0.0051954225637 0.34166687727 -0.939806759357
    outer loop
      vertex -14.066783905 51.4032096863 46.7503585815
      vertex -14.8166103363 51.1513061523 47.4318656921
      vertex -14.066783905 51.1553459167 47.4321479797
    endloop
  endfacet
  facet normal 0.161042451859 0.394198894501 -0.904805243015
    outer loop
      vertex -15.5670318604 57.9368553162 38.1158294678
      vertex -14.8170871735 58.0493087769 37.5513458252
      vertex -15.5670318604 58.1788406372 37.5604019165
    endloop
  endfacet
  facet normal -0.00316474144347 0.338920533657 -0.94080966711
    outer loop
      vertex -14.8166103363 51.3969688416 46.7499237061
      vertex -15.5664958954 51.1487960815 47.4318275452
      vertex -14.8166103363 51.1513061523 47.4318656921
    endloop
  endfacet
  facet normal 0.226438850164 0.393611758947 -0.890951871872
    outer loop
      vertex -14.8169670105 57.804058075 38.1064071655
      vertex -14.0672006607 57.864490509 37.5382843018
      vertex -14.8170871735 58.0493087769 37.5513458252
    endloop
  endfacet
  facet normal -0.00802825670689 0.338911294937 -0.940784096718
    outer loop
      vertex -14.066783905 51.4032096863 46.7503585815
      vertex -14.8166103363 51.3969688416 46.7499237061
      vertex -14.8166103363 51.1513061523 47.4318656921
    endloop
  endfacet
  facet normal 0.164743483067 0.398598432541 -0.902207791805
    outer loop
      vertex -15.5670318604 57.9368553162 38.1158294678
      vertex -14.8169670105 57.804058075 38.1064071655
      vertex -14.8170871735 58.0493087769 37.5513458252
    endloop
  endfacet
  facet normal -0.00570364668965 0.336447119713 -0.941685080528
    outer loop
      vertex -14.8166103363 51.3969688416 46.7499237061
      vertex -15.5666751862 51.3925361633 46.7496109009
      vertex -15.5664958954 51.1487960815 47.4318275452
    endloop
  endfacet
  facet normal 0.228753045201 0.39646807313 -0.88909226656
    outer loop
      vertex -14.8169670105 57.804058075 38.1064071655
      vertex -14.0671405792 57.6169700623 38.0933265686
      vertex -14.0672006607 57.864490509 37.5382843018
    endloop
  endfacet
  facet normal -0.00786290224642 0.399557262659 -0.916674494743
    outer loop
      vertex -14.0668430328 51.6989440918 46.0718841553
      vertex -14.8166103363 51.3969688416 46.7499237061
      vertex -14.066783905 51.4032096863 46.7503585815
    endloop
  endfacet
  facet normal 0.160863146186 0.45400172472 -0.876359224319
    outer loop
      vertex -15.5670318604 57.6280937195 38.7118339539
      vertex -14.8169670105 57.804058075 38.1064071655
      vertex -15.5670318604 57.9368553162 38.1158294678
    endloop
  endfacet
  facet normal -0.00558806350455 0.396775811911 -0.917898535728
    outer loop
      vertex -14.8167285919 51.690322876 46.0712814331
      vertex -15.5666751862 51.3925361633 46.7496109009
      vertex -14.8166103363 51.3969688416 46.7499237061
    endloop
  endfacet
  facet normal 0.223257064819 0.452979594469 -0.863113999367
    outer loop
      vertex -14.8169670105 57.4914054871 38.7021408081
      vertex -14.0671405792 57.6169700623 38.0933265686
      vertex -14.8169670105 57.804058075 38.1064071655
    endloop
  endfacet
  facet normal -0.010869926773 0.396759331226 -0.917858302593
    outer loop
      vertex -14.0668430328 51.6989440918 46.0718841553
      vertex -14.8167285919 51.690322876 46.0712814331
      vertex -14.8166103363 51.3969688416 46.7499237061
    endloop
  endfacet
  facet normal 0.165073797107 0.458333790302 -0.873315989971
    outer loop
      vertex -15.5670318604 57.6280937195 38.7118339539
      vertex -14.8169670105 57.4914054871 38.7021408081
      vertex -14.8169670105 57.804058075 38.1064071655
    endloop
  endfacet
  facet normal -0.00847484730184 0.394083410501 -0.919035613537
    outer loop
      vertex -14.8167285919 51.690322876 46.0712814331
      vertex -15.5666751862 51.6836090088 46.0708122253
      vertex -15.5666751862 51.3925361633 46.7496109009
    endloop
  endfacet
  facet normal 0.224841967225 0.454663902521 -0.861815989017
    outer loop
      vertex -14.8169670105 57.4914054871 38.7021408081
      vertex -14.0671405792 57.3027420044 38.6889457703
      vertex -14.0671405792 57.6169700623 38.0933265686
    endloop
  endfacet
  facet normal -0.0105928760022 0.456681400537 -0.889567255974
    outer loop
      vertex -14.0668430328 52.0454292297 45.3969612122
      vertex -14.8167285919 51.690322876 46.0712814331
      vertex -14.0668430328 51.6989440918 46.0718841553
    endloop
  endfacet
  facet normal 0.160036608577 0.515854477882 -0.841595172882
    outer loop
      vertex -15.5668535233 57.2651481628 39.3039131165
      vertex -14.8169670105 57.4914054871 38.7021408081
      vertex -15.5670318604 57.6280937195 38.7118339539
    endloop
  endfacet
  facet normal -0.00825950875878 0.454370766878 -0.89077436924
    outer loop
      vertex -14.8167285919 52.0346679688 45.3962097168
      vertex -15.5666751862 51.6836090088 46.0708122253
      vertex -14.8167285919 51.690322876 46.0712814331
    endloop
  endfacet
  facet normal 0.217824012041 0.513814389706 -0.829787611961
    outer loop
      vertex -14.8169670105 57.1248550415 39.2941017151
      vertex -14.0671405792 57.3027420044 38.6889457703
      vertex -14.8169670105 57.4914054871 38.7021408081
    endloop
  endfacet
  facet normal -0.0132415825501 0.454346448183 -0.890726685524
    outer loop
      vertex -14.0668430328 52.0454292297 45.3969612122
      vertex -14.8167285919 52.0346679688 45.3962097168
      vertex -14.8167285919 51.690322876 46.0712814331
    endloop
  endfacet
  facet normal 0.163707941771 0.519353091717 -0.838732421398
    outer loop
      vertex -15.5668535233 57.2651481628 39.3039131165
      vertex -14.8169670105 57.1248550415 39.2941017151
      vertex -14.8169670105 57.4914054871 38.7021408081
    endloop
  endfacet
  facet normal -0.0120886918157 0.450985580683 -0.892449378967
    outer loop
      vertex -14.8167285919 52.0346679688 45.3962097168
      vertex -15.5666751862 52.0248527527 45.3955230713
      vertex -15.5666751862 51.6836090088 46.0708122253
    endloop
  endfacet
  facet normal 0.216767981648 0.51277589798 -0.830706059933
    outer loop
      vertex -14.0671405792 57.3027420044 38.6889457703
      vertex -14.8169670105 57.1248550415 39.2941017151
      vertex -14.0671405792 56.9372901917 39.2809829712
    endloop
  endfacet
  facet normal -0.012844174169 0.511785626411 -0.859017193317
    outer loop
      vertex -14.0668430328 52.4453048706 44.7257881165
      vertex -14.8167285919 52.0346679688 45.3962097168
      vertex -14.0668430328 52.0454292297 45.3969612122
    endloop
  endfacet
  facet normal 0.157446980476 0.577290534973 -0.801215410233
    outer loop
      vertex -15.5668535233 56.8415145874 39.8918647766
      vertex -14.8169670105 57.1248550415 39.2941017151
      vertex -15.5668535233 57.2651481628 39.3039131165
    endloop
  endfacet
  facet normal -0.0117134936154 0.510829031467 -0.859602510929
    outer loop
      vertex -14.8167285919 52.4335594177 44.7249641418
      vertex -15.5666751862 52.0248527527 45.3955230713
      vertex -14.8167285919 52.0346679688 45.3962097168
    endloop
  endfacet
  facet normal 0.208384662867 0.572447478771 -0.793019354343
    outer loop
      vertex -14.0671405792 56.9372901917 39.2809829712
      vertex -14.8169670105 57.1248550415 39.2941017151
      vertex -14.8169670105 56.7004737854 39.8820037842
    endloop
  endfacet
  facet normal -0.0140195265412 0.510813891888 -0.859577000141
    outer loop
      vertex -14.0668430328 52.4453048706 44.7257881165
      vertex -14.8167285919 52.4335594177 44.7249641418
      vertex -14.8167285919 52.0346679688 45.3962097168
    endloop
  endfacet
  facet normal 0.158183157444 0.577927529812 -0.80061095953
    outer loop
      vertex -15.5668535233 56.8415145874 39.8918647766
      vertex -14.8169670105 56.7004737854 39.8820037842
      vertex -14.8169670105 57.1248550415 39.2941017151
    endloop
  endfacet
  facet normal -0.0157491546124 0.507483005524 -0.861517846584
    outer loop
      vertex -14.8167285919 52.4335594177 44.7249641418
      vertex -15.5666751862 52.4203948975 44.7240447998
      vertex -15.5666751862 52.0248527527 45.3955230713
    endloop
  endfacet
  facet normal 0.201903268695 0.566653251648 -0.798836112022
    outer loop
      vertex -14.0671405792 56.9372901917 39.2809829712
      vertex -14.8169670105 56.7004737854 39.8820037842
      vertex -14.0669622421 56.5198707581 39.8693733215
    endloop
  endfacet
  facet normal -0.0136071704328 0.55765324831 -0.829962491989
    outer loop
      vertex -14.0668430328 52.7845916748 44.2208175659
      vertex -14.8167285919 52.4335594177 44.7249641418
      vertex -14.0668430328 52.4453048706 44.7257881165
    endloop
  endfacet
  facet normal 0.150614887476 0.636695921421 -0.756262779236
    outer loop
      vertex -15.5668535233 56.3504829407 40.4751091003
      vertex -14.8169670105 56.7004737854 39.8820037842
      vertex -15.5668535233 56.8415145874 39.8918647766
    endloop
  endfacet
  facet normal -0.0152383549139 0.559329152107 -0.828805565834
    outer loop
      vertex -14.8168478012 52.7742767334 44.2200965881
      vertex -15.5666751862 52.4203948975 44.7240447998
      vertex -14.8167285919 52.4335594177 44.7249641418
    endloop
  endfacet
  facet normal 0.192476287484 0.626208543777 -0.755523502827
    outer loop
      vertex -14.0669622421 56.5198707581 39.8693733215
      vertex -14.8169670105 56.7004737854 39.8820037842
      vertex -14.8169670105 56.2166404724 40.4657516479
    endloop
  endfacet
  facet normal -0.0119399735704 0.559353709221 -0.82884311676
    outer loop
      vertex -14.0668430328 52.7845916748 44.2208175659
      vertex -14.8168478012 52.7742767334 44.2200965881
      vertex -14.8167285919 52.4335594177 44.7249641418
    endloop
  endfacet
  facet normal 0.143871113658 0.631501793861 -0.761909842491
    outer loop
      vertex -15.5668535233 56.3504829407 40.4751091003
      vertex -14.8169670105 56.2166404724 40.4657516479
      vertex -14.8169670105 56.7004737854 39.8820037842
    endloop
  endfacet
  facet normal -0.0176603347063 0.556858778 -0.830419421196
    outer loop
      vertex -14.8168478012 52.7742767334 44.2200965881
      vertex -15.5666751862 52.7589569092 44.2191619873
      vertex -15.5666751862 52.4203948975 44.7240447998
    endloop
  endfacet
  facet normal 0.177373483777 0.614090621471 -0.769045770168
    outer loop
      vertex -14.0669622421 56.5198707581 39.8693733215
      vertex -14.8169670105 56.2166404724 40.4657516479
      vertex -14.0669622421 56.052898407 40.4541778564
    endloop
  endfacet
  facet normal -0.0116315502673 0.594561815262 -0.803965747356
    outer loop
      vertex -14.0668430328 53.1563453674 43.7181358337
      vertex -14.8168478012 52.7742767334 44.2200965881
      vertex -14.0668430328 52.7845916748 44.2208175659
    endloop
  endfacet
  facet normal 0.136620774865 0.682819068432 -0.717699706554
    outer loop
      vertex -15.5668535233 55.9830551147 40.8613090515
      vertex -14.8169670105 56.2166404724 40.4657516479
      vertex -15.5668535233 56.3504829407 40.4751091003
    endloop
  endfacet
  facet normal -0.0170938670635 0.59964543581 -0.800083220005
    outer loop
      vertex -14.8168478012 53.1506881714 43.7178611755
      vertex -15.5666751862 52.7589569092 44.2191619873
      vertex -14.8168478012 52.7742767334 44.2200965881
    endloop
  endfacet
  facet normal 0.169103115797 0.664858520031 -0.727576315403
    outer loop
      vertex -14.0669622421 56.052898407 40.4541778564
      vertex -14.8169670105 56.2166404724 40.4657516479
      vertex -14.8169670105 55.8628616333 40.8529052734
    endloop
  endfacet
  facet normal -0.00625216355547 0.599721312523 -0.800184488297
    outer loop
      vertex -14.0668430328 53.1563453674 43.7181358337
      vertex -14.8168478012 53.1506881714 43.7178611755
      vertex -14.8168478012 52.7742767334 44.2200965881
    endloop
  endfacet
  facet normal 0.124897412956 0.669291377068 -0.732427299023
    outer loop
      vertex -15.5668535233 55.9830551147 40.8613090515
      vertex -14.8169670105 55.8628616333 40.8529052734
      vertex -14.8169670105 56.2166404724 40.4657516479
    endloop
  endfacet
  facet normal -0.0180408768356 0.598741471767 -0.800739109516
    outer loop
      vertex -14.8168478012 53.1506881714 43.7178611755
      vertex -15.566734314 53.1346321106 43.7167396545
      vertex -15.5666751862 52.7589569092 44.2191619873
    endloop
  endfacet
  facet normal 0.153709590435 0.645642340183 -0.748010277748
    outer loop
      vertex -14.0669622421 56.052898407 40.4541778564
      vertex -14.8169670105 55.8628616333 40.8529052734
      vertex -14.0669622421 55.7175140381 40.8427391052
    endloop
  endfacet
  facet normal -0.00610079662874 0.627276718616 -0.77877253294
    outer loop
      vertex -14.0668430328 53.5593910217 43.2177467346
      vertex -14.8168478012 53.1506881714 43.7178611755
      vertex -14.0668430328 53.1563453674 43.7181358337
    endloop
  endfacet
  facet normal 0.11867684871 0.713505923748 -0.690525233746
    outer loop
      vertex -15.5668535233 55.5861320496 41.2454452515
      vertex -14.8169670105 55.8628616333 40.8529052734
      vertex -15.5668535233 55.9830551147 40.8613090515
    endloop
  endfacet
  facet normal -0.0174483023584 0.637364566326 -0.770364820957
    outer loop
      vertex -14.8168478012 53.5641822815 43.218082428
      vertex -15.566734314 53.1346321106 43.7167396545
      vertex -14.8168478012 53.1506881714 43.7178611755
    endloop
  endfacet
  facet normal 0.146977990866 0.688398480415 -0.710285127163
    outer loop
      vertex -14.0669622421 55.7175140381 40.8427391052
      vertex -14.8169670105 55.8628616333 40.8529052734
      vertex -14.8168478012 55.4889755249 41.2386512756
    endloop
  endfacet
  facet normal 0.00520828831941 0.637452960014 -0.770471692085
    outer loop
      vertex -14.0668430328 53.5593910217 43.2177467346
      vertex -14.8168478012 53.5641822815 43.218082428
      vertex -14.8168478012 53.1506881714 43.7178611755
    endloop
  endfacet
  facet normal 0.098841175437 0.692556619644 -0.714559853077
    outer loop
      vertex -15.5668535233 55.5861320496 41.2454452515
      vertex -14.8168478012 55.4889755249 41.2386512756
      vertex -14.8169670105 55.8628616333 40.8529052734
    endloop
  endfacet
  facet normal -0.014113439247 0.640322327614 -0.767976641655
    outer loop
      vertex -14.8168478012 53.5641822815 43.218082428
      vertex -15.566734314 53.5511627197 43.21717453
      vertex -15.566734314 53.1346321106 43.7167396545
    endloop
  endfacet
  facet normal 0.126816153526 0.665034770966 -0.735966324806
    outer loop
      vertex -14.0669622421 55.7175140381 40.8427391052
      vertex -14.8168478012 55.4889755249 41.2386512756
      vertex -14.0669622421 55.36743927 41.2301521301
    endloop
  endfacet
  facet normal 0.00512633193284 0.65399235487 -0.756483793259
    outer loop
      vertex -14.0669622421 53.9904022217 42.7191925049
      vertex -14.8168478012 53.5641822815 43.218082428
      vertex -14.0668430328 53.5593910217 43.2177467346
    endloop
  endfacet
  facet normal 0.0936616957188 0.734958171844 -0.671612977982
    outer loop
      vertex -15.5668535233 54.9692306519 41.8091812134
      vertex -14.8168478012 55.4889755249 41.2386512756
      vertex -15.5668535233 55.5861320496 41.2454452515
    endloop
  endfacet
  facet normal -0.0136942053214 0.670568108559 -0.741721570492
    outer loop
      vertex -14.8168478012 54.0137405396 42.7208251953
      vertex -15.566734314 53.5511627197 43.21717453
      vertex -14.8168478012 53.5641822815 43.218082428
    endloop
  endfacet
  facet normal 0.121207326651 0.705221295357 -0.698549687862
    outer loop
      vertex -14.0669622421 55.36743927 41.2301521301
      vertex -14.8168478012 55.4889755249 41.2386512756
      vertex -14.8168478012 54.7324829102 41.9879875183
    endloop
  endfacet
  facet normal 0.0245393626392 0.670429050922 -0.741567730904
    outer loop
      vertex -14.0669622421 53.9904022217 42.7191925049
      vertex -14.8168478012 54.0137405396 42.7208251953
      vertex -14.8168478012 53.5641822815 43.218082428
    endloop
  endfacet
  facet normal 0.0526897609234 0.709472537041 -0.702760636806
    outer loop
      vertex -15.5668535233 54.9692306519 41.8091812134
      vertex -14.8168478012 54.7324829102 41.9879875183
      vertex -14.8168478012 55.4889755249 41.2386512756
    endloop
  endfacet
  facet normal -0.00239378190599 0.679842710495 -0.73335403204
    outer loop
      vertex -14.8168478012 54.0137405396 42.7208251953
      vertex -15.566734314 54.0113182068 42.7207946777
      vertex -15.566734314 53.5511627197 43.21717453
    endloop
  endfacet
  facet normal 0.069607578218 0.680241584778 -0.729675352573
    outer loop
      vertex -14.0669622421 55.36743927 41.2301521301
      vertex -14.8168478012 54.7324829102 41.9879875183
      vertex -14.0669622421 54.6653251648 41.983291626
    endloop
  endfacet
  facet normal 0.0244012959301 0.675711989403 -0.736761748791
    outer loop
      vertex -14.0669622421 54.6653251648 41.983291626
      vertex -14.8168478012 54.0137405396 42.7208251953
      vertex -14.0669622421 53.9904022217 42.7191925049
    endloop
  endfacet
  facet normal 0.0397095195949 0.732814192772 -0.679269075394
    outer loop
      vertex -15.566734314 54.3803405762 42.3550338745
      vertex -14.8168478012 54.7324829102 41.9879875183
      vertex -15.5668535233 54.9692306519 41.8091812134
    endloop
  endfacet
  facet normal -0.00230018841103 0.710233449936 -0.703962445259
    outer loop
      vertex -15.566734314 54.3803405762 42.3550338745
      vertex -15.566734314 54.0113182068 42.7207946777
      vertex -14.8168478012 54.0137405396 42.7208251953
    endloop
  endfacet
  facet normal 0.0681644305587 0.698578596115 -0.712279140949
    outer loop
      vertex -14.0669622421 54.6653251648 41.983291626
      vertex -14.8168478012 54.7324829102 41.9879875183
      vertex -14.8168478012 54.0137405396 42.7208251953
    endloop
  endfacet
  facet normal 0.00746798422188 0.700187683105 -0.713919818401
    outer loop
      vertex -15.566734314 54.3803405762 42.3550338745
      vertex -14.8168478012 54.0137405396 42.7208251953
      vertex -14.8168478012 54.7324829102 41.9879875183
    endloop
  endfacet
  facet normal 0.0330130532384 -0.471498966217 -0.881248474121
    outer loop
      vertex -16.799955368 57.888004303 29.6994819641
      vertex -16.1841182709 57.8770713806 29.7221679688
      vertex -16.1841182709 57.674282074 29.3431472778
    endloop
  endfacet
  facet normal 0.0315663814545 -0.419780492783 -0.907076537609
    outer loop
      vertex -16.799955368 58.1813621521 30.3333816528
      vertex -16.1841182709 57.8770713806 29.7221679688
      vertex -16.799955368 57.888004303 29.6994819641
    endloop
  endfacet
  facet normal -1 0 0
    outer loop
      vertex -21.5999755859 58.2301826477 37.6413459778
      vertex -21.5999755859 58.0769538879 30.0940246582
      vertex -21.5999755859 58.0665054321 38.0227661133
    endloop
  endfacet
  facet normal 0.00120269448962 -0.419989496469 -0.907528162003
    outer loop
      vertex -21.5999755859 58.0769538879 30.0940246582
      vertex -16.799955368 58.1813621521 30.3333816528
      vertex -16.799955368 57.888004303 29.6994819641
    endloop
  endfacet
  facet normal 0.0166992675513 -0.432074964046 -0.901683092117
    outer loop
      vertex -16.799955368 58.1813621521 30.3333816528
      vertex -16.1840000153 58.0580253601 30.0998001099
      vertex -16.1841182709 57.8770713806 29.7221679688
    endloop
  endfacet
  facet normal -1 -0 0
    outer loop
      vertex -21.5999755859 58.2301826477 37.6413459778
      vertex -21.5999755859 58.3845405579 30.8614730835
      vertex -21.5999755859 58.0769538879 30.0940246582
    endloop
  endfacet
  facet normal -0.00163933227304 -0.372022897005 -0.928222119808
    outer loop
      vertex -16.799955368 58.1813621521 30.3333816528
      vertex -21.5999755859 58.0769538879 30.0940246582
      vertex -21.5999755859 58.3845405579 30.8614730835
    endloop
  endfacet
  facet normal 0.0392102487385 -0.383758455515 -0.92260068655
    outer loop
      vertex -16.1840000153 58.2841644287 30.6434631348
      vertex -16.1840000153 58.0580253601 30.0998001099
      vertex -16.799955368 58.1813621521 30.3333816528
    endloop
  endfacet
  facet normal -1 0 0
    outer loop
      vertex -21.5999755859 58.5071182251 36.8600234985
      vertex -21.5999755859 58.3845405579 30.8614730835
      vertex -21.5999755859 58.2301826477 37.6413459778
    endloop
  endfacet
  facet normal 0.000750649604015 -0.353128254414 -0.935574650764
    outer loop
      vertex -21.5999755859 58.3845405579 30.8614730835
      vertex -16.799955368 58.4253501892 30.9797973633
      vertex -16.799955368 58.1813621521 30.3333816528
    endloop
  endfacet
  facet normal 0.0216201506555 -0.353045791388 -0.935356199741
    outer loop
      vertex -16.799955368 58.4253501892 30.9797973633
      vertex -16.1840000153 58.2841644287 30.6434631348
      vertex -16.799955368 58.1813621521 30.3333816528
    endloop
  endfacet
  facet normal -1 -0 0
    outer loop
      vertex -21.5999755859 58.5071182251 36.8600234985
      vertex -21.5999755859 58.6245269775 31.6510124207
      vertex -21.5999755859 58.3845405579 30.8614730835
    endloop
  endfacet
  facet normal -0.000965554267168 -0.290820270777 -0.956777215004
    outer loop
      vertex -16.799955368 58.4253501892 30.9797973633
      vertex -21.5999755859 58.3845405579 30.8614730835
      vertex -21.5999755859 58.6245269775 31.6510124207
    endloop
  endfacet
  facet normal 0.0378859899938 -0.326996892691 -0.944265663624
    outer loop
      vertex -16.799955368 58.4253501892 30.9797973633
      vertex -16.1840000153 58.4715309143 31.1845207214
      vertex -16.1840000153 58.2841644287 30.6434631348
    endloop
  endfacet
  facet normal -1 0 0
    outer loop
      vertex -21.5999755859 58.71534729 36.0585098267
      vertex -21.5999755859 58.6245269775 31.6510124207
      vertex -21.5999755859 58.5071182251 36.8600234985
    endloop
  endfacet
  facet normal 0.000233695842326 -0.282944202423 -0.959136366844
    outer loop
      vertex -16.799955368 58.4253501892 30.9797973633
      vertex -21.5999755859 58.6245269775 31.6510124207
      vertex -16.799955368 58.6335525513 31.6855697632
    endloop
  endfacet
  facet normal 0.0221239626408 -0.282874941826 -0.958901584148
    outer loop
      vertex -16.799955368 58.6335525513 31.6855697632
      vertex -16.1840000153 58.4715309143 31.1845207214
      vertex -16.799955368 58.4253501892 30.9797973633
    endloop
  endfacet
  facet normal -1 -0 0
    outer loop
      vertex -21.5999755859 58.71534729 36.0585098267
      vertex -21.5999755859 58.7256813049 32.0847702026
      vertex -21.5999755859 58.6245269775 31.6510124207
    endloop
  endfacet
  facet normal -0.000195960601559 -0.227112039924 -0.973868608475
    outer loop
      vertex -16.799955368 58.6335525513 31.6855697632
      vertex -21.5999755859 58.6245269775 31.6510124207
      vertex -21.5999755859 58.7256813049 32.0847702026
    endloop
  endfacet
  facet normal 0.0327949263155 -0.270784914494 -0.962081074715
    outer loop
      vertex -16.799955368 58.6335525513 31.6855697632
      vertex -16.1840000153 58.6230812073 31.7229690552
      vertex -16.1840000153 58.4715309143 31.1845207214
    endloop
  endfacet
  facet normal -1 0 0
    outer loop
      vertex -21.5999755859 58.7984428406 35.6216506958
      vertex -21.5999755859 58.7256813049 32.0847702026
      vertex -21.5999755859 58.71534729 36.0585098267
    endloop
  endfacet
  facet normal -0.000204610754736 0.186864301562 -0.982385694981
    outer loop
      vertex -16.799955368 58.7929496765 35.6557922363
      vertex -21.5999755859 58.7984428406 35.6216506958
      vertex -21.5999755859 58.71534729 36.0585098267
    endloop
  endfacet
  facet normal 0.0013957923511 -0.208910822868 -0.977933704853
    outer loop
      vertex -16.799955368 58.6335525513 31.6855697632
      vertex -21.5999755859 58.7256813049 32.0847702026
      vertex -16.799955368 58.7859764099 32.3990821838
    endloop
  endfacet
  facet normal 0.0292949974537 -0.208821371198 -0.977514922619
    outer loop
      vertex -16.799955368 58.7859764099 32.3990821838
      vertex -16.1840000153 58.6230812073 31.7229690552
      vertex -16.799955368 58.6335525513 31.6855697632
    endloop
  endfacet
  facet normal -1 -0 0
    outer loop
      vertex -21.5999755859 58.7984428406 35.6216506958
      vertex -21.5999755859 58.8065910339 32.5225105286
      vertex -21.5999755859 58.7256813049 32.0847702026
    endloop
  endfacet
  facet normal 0.000210779893678 0.129930868745 -0.99152302742
    outer loop
      vertex -16.799955368 58.8875617981 34.933795929
      vertex -21.5999755859 58.7984428406 35.6216506958
      vertex -16.799955368 58.7929496765 35.6557922363
    endloop
  endfacet
  facet normal -0.000450464372989 -0.181753546 -0.983344018459
    outer loop
      vertex -21.5999755859 58.7256813049 32.0847702026
      vertex -21.5999755859 58.8065910339 32.5225105286
      vertex -16.799955368 58.7859764099 32.3990821838
    endloop
  endfacet
  facet normal 0.0222343243659 -0.214976996183 -0.976365983486
    outer loop
      vertex -16.799955368 58.7859764099 32.3990821838
      vertex -16.1839408875 58.7411460876 32.259185791
      vertex -16.1840000153 58.6230812073 31.7229690552
    endloop
  endfacet
  facet normal -1 0 0
    outer loop
      vertex -21.5999755859 58.8612442017 35.1815567017
      vertex -21.5999755859 58.8065910339 32.5225105286
      vertex -21.5999755859 58.7984428406 35.6216506958
    endloop
  endfacet
  facet normal 0.00186416017823 0.141267284751 -0.989969730377
    outer loop
      vertex -16.799955368 58.8875617981 34.933795929
      vertex -21.5999755859 58.8612442017 35.1815567017
      vertex -21.5999755859 58.7984428406 35.6216506958
    endloop
  endfacet
  facet normal 0.000767893565353 -0.135611578822 -0.990761756897
    outer loop
      vertex -16.799955368 58.7859764099 32.3990821838
      vertex -21.5999755859 58.8065910339 32.5225105286
      vertex -21.5999755859 58.8669204712 32.9632759094
    endloop
  endfacet
  facet normal 0.0379425622523 -0.149544715881 -0.988026678562
    outer loop
      vertex -16.799955368 58.849811554 32.8208351135
      vertex -16.1839408875 58.7411460876 32.259185791
      vertex -16.799955368 58.7859764099 32.3990821838
    endloop
  endfacet
  facet normal -1 -0 0
    outer loop
      vertex -21.5999755859 58.8612442017 35.1815567017
      vertex -21.5999755859 58.8669204712 32.9632759094
      vertex -21.5999755859 58.8065910339 32.5225105286
    endloop
  endfacet
  facet normal -0.000553851714358 0.0950066000223 -0.995476484299
    outer loop
      vertex -21.5999755859 58.9034843445 34.7389678955
      vertex -21.5999755859 58.8612442017 35.1815567017
      vertex -16.799955368 58.8875617981 34.933795929
    endloop
  endfacet
  facet normal -0.000916587596294 -0.149652406573 -0.988738238811
    outer loop
      vertex -16.799955368 58.7859764099 32.3990821838
      vertex -21.5999755859 58.8669204712 32.9632759094
      vertex -16.799955368 58.849811554 32.8208351135
    endloop
  endfacet
  facet normal 0.0338463038206 -0.15393576026 -0.987500965595
    outer loop
      vertex -16.799955368 58.849811554 32.8208351135
      vertex -16.1839408875 58.8387985229 32.8856391907
      vertex -16.1839408875 58.7411460876 32.259185791
    endloop
  endfacet
  facet normal 0.038981821388 -0.0887924283743 -0.995287060738
    outer loop
      vertex -16.799955368 58.8948707581 33.2437095642
      vertex -16.1839408875 58.8944358826 33.5092811584
      vertex -16.1839408875 58.8387985229 32.8856391907
    endloop
  endfacet
  facet normal -1 0 0
    outer loop
      vertex -21.5999755859 58.9034843445 34.7389678955
      vertex -21.5999755859 58.8669204712 32.9632759094
      vertex -21.5999755859 58.8612442017 35.1815567017
    endloop
  endfacet
  facet normal 0.000880226318259 -0.089968316257 -0.995944261551
    outer loop
      vertex -16.799955368 58.849811554 32.8208351135
      vertex -21.5999755859 58.8669204712 32.9632759094
      vertex -21.5999755859 58.9069328308 33.4062194824
    endloop
  endfacet
  facet normal 0.0289096031338 -0.105911821127 -0.99395519495
    outer loop
      vertex -16.799955368 58.8948707581 33.2437095642
      vertex -16.1839408875 58.8387985229 32.8856391907
      vertex -16.799955368 58.849811554 32.8208351135
    endloop
  endfacet
  facet normal 0.0273319613189 -0.0617656968534 -0.997716367245
    outer loop
      vertex -16.799955368 58.9210777283 33.6670417786
      vertex -16.1839408875 58.8944358826 33.5092811584
      vertex -16.799955368 58.8948707581 33.2437095642
    endloop
  endfacet
  facet normal -1 -0 0
    outer loop
      vertex -21.5999755859 58.9034843445 34.7389678955
      vertex -21.5999755859 58.9069328308 33.4062194824
      vertex -21.5999755859 58.8669204712 32.9632759094
    endloop
  endfacet
  facet normal -0.00108828186058 -0.105956047773 -0.994370222092
    outer loop
      vertex -16.799955368 58.849811554 32.8208351135
      vertex -21.5999755859 58.9069328308 33.4062194824
      vertex -16.799955368 58.8948707581 33.2437095642
    endloop
  endfacet
  facet normal -0.00125842564739 -0.0617887340486 -0.998088479042
    outer loop
      vertex -16.799955368 58.8948707581 33.2437095642
      vertex -21.5999755859 58.9263839722 33.8505058289
      vertex -16.799955368 58.9210777283 33.6670417786
    endloop
  endfacet
  facet normal -1 0 0
    outer loop
      vertex -21.5999755859 58.9251480103 34.2950134277
      vertex -21.5999755859 58.9069328308 33.4062194824
      vertex -21.5999755859 58.9034843445 34.7389678955
    endloop
  endfacet
  facet normal 0.001211570343 0.00277929566801 -0.999995410442
    outer loop
      vertex -16.799955368 58.9210777283 33.6670417786
      vertex -21.5999755859 58.9263839722 33.8505058289
      vertex -21.5999755859 58.9251480103 34.2950134277
    endloop
  endfacet
  facet normal 0.00102999061346 -0.0437359251082 -0.999042570591
    outer loop
      vertex -16.799955368 58.8948707581 33.2437095642
      vertex -21.5999755859 58.9069328308 33.4062194824
      vertex -21.5999755859 58.9263839722 33.8505058289
    endloop
  endfacet
  facet normal -1 -0 0
    outer loop
      vertex -21.5999755859 58.9251480103 34.2950134277
      vertex -21.5999755859 58.9263839722 33.8505058289
      vertex -21.5999755859 58.9069328308 33.4062194824
    endloop
  endfacet
  facet normal 0.100169509649 0.581641495228 -0.807254135609
    outer loop
      vertex -15.5668535233 57.2651481628 39.3039131165
      vertex -16.1836414337 56.9143791199 39.8969612122
      vertex -15.5668535233 56.8415145874 39.8918647766
    endloop
  endfacet
  facet normal 0.0953358486295 0.578354299068 -0.810195863247
    outer loop
      vertex -15.5668535233 57.2651481628 39.3039131165
      vertex -16.1836414337 57.3342018127 39.30884552
      vertex -16.1836414337 56.9143791199 39.8969612122
    endloop
  endfacet
  facet normal 0.0991437807679 0.520029008389 -0.848375082016
    outer loop
      vertex -15.5670318604 57.6280937195 38.7118339539
      vertex -16.1836414337 57.3342018127 39.30884552
      vertex -15.5668535233 57.2651481628 39.3039131165
    endloop
  endfacet
  facet normal 0.0947148278356 0.516702473164 -0.850909888744
    outer loop
      vertex -15.5670318604 57.6280937195 38.7118339539
      vertex -16.1837615967 57.6939468384 38.7164382935
      vertex -16.1836414337 57.3342018127 39.30884552
    endloop
  endfacet
  facet normal 0.0977728366852 0.457788378 -0.883668661118
    outer loop
      vertex -15.5670318604 57.9368553162 38.1158294678
      vertex -16.1837615967 57.6939468384 38.7164382935
      vertex -15.5670318604 57.6280937195 38.7118339539
    endloop
  endfacet
  facet normal 0.0941910743713 0.454875409603 -0.885559916496
    outer loop
      vertex -15.5670318604 57.9368553162 38.1158294678
      vertex -16.1837615967 58.0001792908 38.1202583313
      vertex -16.1837615967 57.6939468384 38.7164382935
    endloop
  endfacet
  facet normal 0.0939230620861 0.16203096509 -0.982305645943
    outer loop
      vertex -16.1837615967 58.732257843 35.8820114136
      vertex -15.5670318604 58.6739616394 35.8779373169
      vertex -15.5670919418 58.7672996521 35.3121147156
    endloop
  endfacet
  facet normal 0.0965445414186 0.397546440363 -0.912488877773
    outer loop
      vertex -15.5670318604 58.1788406372 37.5604019165
      vertex -16.1837615967 58.0001792908 38.1202583313
      vertex -15.5670318604 57.9368553162 38.1158294678
    endloop
  endfacet
  facet normal 0.0932394787669 0.220082819462 -0.971014916897
    outer loop
      vertex -16.1837615967 58.604549408 36.4454612732
      vertex -15.5670318604 58.6739616394 35.8779373169
      vertex -16.1837615967 58.732257843 35.8820114136
    endloop
  endfacet
  facet normal 0.0937231704593 0.394898831844 -0.913931548595
    outer loop
      vertex -15.5670318604 58.1788406372 37.5604019165
      vertex -16.1837615967 58.2402305603 37.5646972656
      vertex -16.1837615967 58.0001792908 38.1202583313
    endloop
  endfacet
  facet normal 0.00137628091034 0.205008253455 -0.978759288788
    outer loop
      vertex -16.799955368 58.7929496765 35.6557922363
      vertex -21.5999755859 58.71534729 36.0585098267
      vertex -16.799955368 58.6434326172 36.3696174622
    endloop
  endfacet
  facet normal 0.0943585410714 0.221253156662 -0.970640778542
    outer loop
      vertex -16.1837615967 58.604549408 36.4454612732
      vertex -15.5670318604 58.5455360413 36.4413337708
      vertex -15.5670318604 58.6739616394 35.8779373169
    endloop
  endfacet
  facet normal 0.0343134775758 0.220915585756 -0.974689126015
    outer loop
      vertex -16.799955368 58.6434326172 36.3696174622
      vertex -16.1837615967 58.604549408 36.4454612732
      vertex -16.1837615967 58.732257843 35.8820114136
    endloop
  endfacet
  facet normal 0.0949667617679 0.280250817537 -0.955217659473
    outer loop
      vertex -16.1837615967 58.4410743713 37.0063781738
      vertex -15.5670318604 58.3809928894 37.0021743774
      vertex -15.5670318604 58.5455360413 36.4413337708
    endloop
  endfacet
  facet normal 0.0955250710249 0.338935375214 -0.935947537422
    outer loop
      vertex -15.5670318604 58.3809928894 37.0021743774
      vertex -16.1837615967 58.2402305603 37.5646972656
      vertex -15.5670318604 58.1788406372 37.5604019165
    endloop
  endfacet
  facet normal -0.00179668702185 0.251445949078 -0.967869699001
    outer loop
      vertex -16.799955368 58.6434326172 36.3696174622
      vertex -21.5999755859 58.71534729 36.0585098267
      vertex -21.5999755859 58.5071182251 36.8600234985
    endloop
  endfacet
  facet normal -0.00120305770542 0.413212388754 -0.910633862019
    outer loop
      vertex -16.799955368 58.180305481 37.7629470825
      vertex -21.5999755859 57.8862419128 38.397026062
      vertex -16.799955368 57.9551887512 38.259059906
    endloop
  endfacet
  facet normal 0.093328371644 0.278582572937 -0.955866932869
    outer loop
      vertex -16.1837615967 58.4410743713 37.0063781738
      vertex -15.5670318604 58.5455360413 36.4413337708
      vertex -16.1837615967 58.604549408 36.4454612732
    endloop
  endfacet
  facet normal 0.0262908544391 0.278591483831 -0.960049808025
    outer loop
      vertex -16.799955368 58.4393157959 37.0730209351
      vertex -16.1837615967 58.604549408 36.4454612732
      vertex -16.799955368 58.6434326172 36.3696174622
    endloop
  endfacet
  facet normal 0.0935631990433 0.337008059025 -0.936841249466
    outer loop
      vertex -16.1837615967 58.2402305603 37.5646972656
      vertex -15.5670318604 58.3809928894 37.0021743774
      vertex -16.1837615967 58.4410743713 37.0063781738
    endloop
  endfacet
  facet normal 0.0443415381014 0.412806272507 -0.909738898277
    outer loop
      vertex -16.799955368 57.9551887512 38.259059906
      vertex -16.1837615967 58.2402305603 37.5646972656
      vertex -16.799955368 58.180305481 37.7629470825
    endloop
  endfacet
  facet normal 0.00119918445125 0.278687626123 -0.960381031036
    outer loop
      vertex -21.5999755859 58.5071182251 36.8600234985
      vertex -16.799955368 58.4393157959 37.0730209351
      vertex -16.799955368 58.6434326172 36.3696174622
    endloop
  endfacet
  facet normal 0.00212851562537 0.433937221766 -0.900940597057
    outer loop
      vertex -16.799955368 58.180305481 37.7629470825
      vertex -21.5999755859 58.0665054321 38.0227661133
      vertex -21.5999755859 57.8862419128 38.397026062
    endloop
  endfacet
  facet normal 0.027513153851 0.27969789505 -0.959693729877
    outer loop
      vertex -16.799955368 58.4393157959 37.0730209351
      vertex -16.1837615967 58.4410743713 37.0063781738
      vertex -16.1837615967 58.604549408 36.4454612732
    endloop
  endfacet
  facet normal 0.0173924621195 0.338441729546 -0.94082659483
    outer loop
      vertex -16.799955368 58.180305481 37.7629470825
      vertex -16.1837615967 58.2402305603 37.5646972656
      vertex -16.1837615967 58.4410743713 37.0063781738
    endloop
  endfacet
  facet normal -0.0015108109219 0.334080189466 -0.942543447018
    outer loop
      vertex -16.799955368 58.4393157959 37.0730209351
      vertex -21.5999755859 58.5071182251 36.8600234985
      vertex -21.5999755859 58.2301826477 37.6413459778
    endloop
  endfacet
  facet normal -0.000441455544205 0.394350528717 -0.918959975243
    outer loop
      vertex -21.5999755859 58.2301826477 37.6413459778
      vertex -21.5999755859 58.0665054321 38.0227661133
      vertex -16.799955368 58.180305481 37.7629470825
    endloop
  endfacet
  facet normal 0.0353203229606 0.351247310638 -0.935616254807
    outer loop
      vertex -16.799955368 58.180305481 37.7629470825
      vertex -16.1837615967 58.4410743713 37.0063781738
      vertex -16.799955368 58.4393157959 37.0730209351
    endloop
  endfacet
  facet normal 0.000824105518404 0.35146650672 -0.936200082302
    outer loop
      vertex -21.5999755859 58.2301826477 37.6413459778
      vertex -16.799955368 58.180305481 37.7629470825
      vertex -16.799955368 58.4393157959 37.0730209351
    endloop
  endfacet
  facet normal 0.14727114141 -0.312756329775 -0.938346803188
    outer loop
      vertex -8.0980348587 54.2919311523 26.1683578491
      vertex -6.58556699753 53.6958084106 25.0920333862
      vertex -8.0980348587 53.9388504028 25.1090278625
    endloop
  endfacet
  facet normal 0.194543704391 -0.251702308655 -0.948049962521
    outer loop
      vertex -8.0980348587 54.2919311523 26.1683578491
      vertex -6.58544874191 53.9756736755 26.1462440491
      vertex -6.58556699753 53.6958084106 25.0920333862
    endloop
  endfacet
  facet normal 0.283775925636 -0.277487933636 -0.917862534523
    outer loop
      vertex -8.0979757309 55.2728614807 29.1748580933
      vertex -6.58544874191 54.5697021484 28.395778656
      vertex -8.0980348587 55.0474815369 28.4292945862
    endloop
  endfacet
  facet normal 0.189731612802 -0.316155135632 -0.929541766644
    outer loop
      vertex -8.0980348587 54.7253723145 27.4427375793
      vertex -6.58544874191 53.9756736755 26.1462440491
      vertex -8.0980348587 54.2919311523 26.1683578491
    endloop
  endfacet
  facet normal 0.301444321871 -0.19814710319 -0.932667732239
    outer loop
      vertex -6.58532857895 54.9029273987 29.8788108826
      vertex -5.38894414902 54.3530006409 29.1104164124
      vertex -6.58544874191 54.745552063 29.1378669739
    endloop
  endfacet
  facet normal 0.316450893879 -0.218730926514 -0.923046886921
    outer loop
      vertex -8.0979757309 55.2728614807 29.1748580933
      vertex -6.58544874191 54.745552063 29.1378669739
      vertex -6.58544874191 54.5697021484 28.395778656
    endloop
  endfacet
  facet normal 0.247165501118 -0.252579241991 -0.935474693775
    outer loop
      vertex -8.0980348587 54.7253723145 27.4427375793
      vertex -6.58544874191 54.2650985718 27.2181930542
      vertex -6.58544874191 53.9756736755 26.1462440491
    endloop
  endfacet
  facet normal 0.24661514163 -0.185090124607 -0.951274216175
    outer loop
      vertex -5.38894414902 54.3530006409 29.1104164124
      vertex -4.19250059128 53.8184700012 27.9573287964
      vertex -5.38894414902 54.1329231262 27.9793167114
    endloop
  endfacet
  facet normal 0.299535006285 -0.219993680716 -0.928375780582
    outer loop
      vertex -6.58544874191 54.745552063 29.1378669739
      vertex -5.38894414902 54.3530006409 29.1104164124
      vertex -6.58544874191 54.5697021484 28.395778656
    endloop
  endfacet
  facet normal 0.249296575785 -0.24251756072 -0.937569439411
    outer loop
      vertex -6.58544874191 54.5697021484 28.395778656
      vertex -6.58544874191 54.2650985718 27.2181930542
      vertex -8.0980348587 54.7253723145 27.4427375793
    endloop
  endfacet
  facet normal 0.280161738396 -0.183340534568 -0.942282140255
    outer loop
      vertex -5.38894414902 54.3530006409 29.1104164124
      vertex -5.38894414902 54.1329231262 27.9793167114
      vertex -6.58544874191 54.5697021484 28.395778656
    endloop
  endfacet
  facet normal 0.257286906242 -0.241993635893 -0.935543954372
    outer loop
      vertex -6.58544874191 54.5697021484 28.395778656
      vertex -5.38894414902 54.1329231262 27.9793167114
      vertex -6.58544874191 54.2650985718 27.2181930542
    endloop
  endfacet
  facet normal 0.418572127819 0.244736090302 -0.874586522579
    outer loop
      vertex -10.573176384 56.7220878601 36.8859329224
      vertex -9.57622909546 56.4111976624 36.291847229
      vertex -10.5732965469 56.8792304993 36.3245735168
    endloop
  endfacet
  facet normal 0.421964496374 0.195676460862 -0.885243833065
    outer loop
      vertex -9.57622909546 56.4111976624 36.291847229
      vertex -10.5732965469 57.003818512 35.7609367371
      vertex -10.5732965469 56.8792304993 36.3245735168
    endloop
  endfacet
  facet normal 0.424066007137 0.191603332758 -0.88513058424
    outer loop
      vertex -9.57622909546 56.4111976624 36.291847229
      vertex -9.57622909546 56.5014381409 35.8749771118
      vertex -10.5732965469 57.003818512 35.7609367371
    endloop
  endfacet
  facet normal 0.423672914505 0.230789929628 -0.875920832157
    outer loop
      vertex -9.57622909546 56.2631225586 36.8538398743
      vertex -8.83689403534 56.0600585938 36.2672958374
      vertex -9.57622909546 56.4111976624 36.291847229
    endloop
  endfacet
  facet normal 0.434194743633 0.152201712132 -0.887867987156
    outer loop
      vertex -8.83689403534 56.1435966492 35.8642578125
      vertex -8.09767723083 55.8625450134 35.3949623108
      vertex -8.83689403534 56.2128791809 35.4601020813
    endloop
  endfacet
  facet normal 0.432360231876 0.152350723743 -0.888737261295
    outer loop
      vertex -8.83689403534 56.2128791809 35.4601020813
      vertex -9.57622909546 56.5014381409 35.8749771118
      vertex -8.83689403534 56.1435966492 35.8642578125
    endloop
  endfacet
  facet normal 0.426259994507 0.191385298967 -0.884123325348
    outer loop
      vertex -8.83689403534 56.0600585938 36.2672958374
      vertex -9.57622909546 56.5014381409 35.8749771118
      vertex -9.57622909546 56.4111976624 36.291847229
    endloop
  endfacet
  facet normal 0.436960697174 0.1579772681 -0.885499000549
    outer loop
      vertex -8.09761714935 55.7112388611 36.2429046631
      vertex -8.09767723083 55.8625450134 35.3949623108
      vertex -8.83689403534 56.1435966492 35.8642578125
    endloop
  endfacet
  facet normal 0.430435121059 0.18319362402 -0.883835792542
    outer loop
      vertex -8.83689403534 56.0600585938 36.2672958374
      vertex -8.83689403534 56.1435966492 35.8642578125
      vertex -9.57622909546 56.5014381409 35.8749771118
    endloop
  endfacet
  facet normal 0.424408197403 0.183771938086 -0.886625945568
    outer loop
      vertex -8.09761714935 55.7112388611 36.2429046631
      vertex -8.83689403534 56.1435966492 35.8642578125
      vertex -8.83689403534 56.0600585938 36.2672958374
    endloop
  endfacet
  facet normal 0.0197933502495 -0.0389871150255 -0.999043643475
    outer loop
      vertex -6.58568668365 52.856918335 20.4931583405
      vertex -5.38930273056 52.8331451416 20.4913711548
      vertex -5.38930273056 52.8069915771 19.8211841583
    endloop
  endfacet
  facet normal 0.0196384824812 -0.0939789190888 -0.995380461216
    outer loop
      vertex -6.58568668365 52.9204406738 21.1659584045
      vertex -5.38930273056 52.8331451416 20.4913711548
      vertex -6.58568668365 52.856918335 20.4931583405
    endloop
  endfacet
  facet normal 0.0323615707457 -0.0716120526195 -0.996907413006
    outer loop
      vertex -6.58568668365 52.9204406738 21.1659584045
      vertex -5.3891825676 52.8814048767 21.163230896
      vertex -5.38930273056 52.8331451416 20.4913711548
    endloop
  endfacet
  facet normal 0.0320343896747 -0.130185469985 -0.990972042084
    outer loop
      vertex -6.58568668365 53.0144958496 21.8819046021
      vertex -5.3891825676 52.8814048767 21.163230896
      vertex -6.58568668365 52.9204406738 21.1659584045
    endloop
  endfacet
  facet normal 0.0486273504794 -0.103026397526 -0.993489265442
    outer loop
      vertex -6.58568668365 53.0144958496 21.8819046021
      vertex -5.3891825676 52.955493927 21.8776550293
      vertex -5.3891825676 52.8814048767 21.163230896
    endloop
  endfacet
  facet normal 0.0315676853061 -0.10309702158 -0.994170248508
    outer loop
      vertex -5.3891825676 52.955493927 21.8776550293
      vertex -4.19279813766 52.8431282043 21.1604328156
      vertex -5.3891825676 52.8814048767 21.163230896
    endloop
  endfacet
  facet normal 0.0480103306472 -0.163673192263 -0.98534566164
    outer loop
      vertex -6.58556699753 53.1336860657 22.5994720459
      vertex -5.3891825676 52.955493927 21.8776550293
      vertex -6.58568668365 53.0144958496 21.8819046021
    endloop
  endfacet
  facet normal 0.0476561337709 -0.0765355080366 -0.995927333832
    outer loop
      vertex -5.3891825676 52.955493927 21.8776550293
      vertex -4.19279813766 52.89793396 21.8736305237
      vertex -4.19279813766 52.8431282043 21.1604328156
    endloop
  endfacet
  facet normal 0.0678276717663 -0.131719887257 -0.988963723183
    outer loop
      vertex -6.58556699753 53.1336860657 22.5994720459
      vertex -5.3891825676 53.0508613586 22.5936813354
      vertex -5.3891825676 52.955493927 21.8776550293
    endloop
  endfacet
  facet normal 0.0471916645765 -0.131876826286 -0.99014210701
    outer loop
      vertex -5.3891825676 53.0508613586 22.5936813354
      vertex -4.19279813766 52.89793396 21.8736305237
      vertex -5.3891825676 52.955493927 21.8776550293
    endloop
  endfacet
  facet normal 0.0668437927961 -0.192561551929 -0.97900557518
    outer loop
      vertex -6.58556699753 53.2751579285 23.3187332153
      vertex -5.3891825676 53.0508613586 22.5936813354
      vertex -6.58556699753 53.1336860657 22.5994720459
    endloop
  endfacet
  facet normal 0.0661642327905 -0.100895449519 -0.992694497108
    outer loop
      vertex -5.3891825676 53.0508613586 22.5936813354
      vertex -4.19279813766 52.9705352783 22.5879402161
      vertex -4.19279813766 52.89793396 21.8736305237
    endloop
  endfacet
  facet normal 0.0895266160369 -0.156555637717 -0.983603239059
    outer loop
      vertex -6.58556699753 53.2751579285 23.3187332153
      vertex -5.3891825676 53.1650161743 23.3109092712
      vertex -5.3891825676 53.0508613586 22.5936813354
    endloop
  endfacet
  facet normal 0.0654095932841 -0.156850218773 -0.985454022884
    outer loop
      vertex -5.3891825676 53.1650161743 23.3109092712
      vertex -4.19279813766 52.9705352783 22.5879402161
      vertex -5.3891825676 53.0508613586 22.5936813354
    endloop
  endfacet
  facet normal 0.0880952626467 -0.216454163194 -0.972310066223
    outer loop
      vertex -6.58556699753 53.435546875 24.0392074585
      vertex -5.3891825676 53.1650161743 23.3109092712
      vertex -6.58556699753 53.2751579285 23.3187332153
    endloop
  endfacet
  facet normal 0.0868735313416 -0.122203290462 -0.988695800304
    outer loop
      vertex -5.3891825676 53.1650161743 23.3109092712
      vertex -4.19267988205 53.0589675903 23.3034934998
      vertex -4.19279813766 52.9705352783 22.5879402161
    endloop
  endfacet
  facet normal 0.11331576854 -0.177012741566 -0.977663576603
    outer loop
      vertex -6.58556699753 53.435546875 24.0392074585
      vertex -5.3891825676 53.2951049805 24.0293884277
      vertex -5.3891825676 53.1650161743 23.3109092712
    endloop
  endfacet
  facet normal 0.0857931524515 -0.1775033921 -0.980373442173
    outer loop
      vertex -5.3891825676 53.2951049805 24.0293884277
      vertex -4.19267988205 53.0589675903 23.3034934998
      vertex -5.3891825676 53.1650161743 23.3109092712
    endloop
  endfacet
  facet normal 0.111294947565 -0.238487929106 -0.964747071266
    outer loop
      vertex -6.58556699753 53.6958084106 25.0920333862
      vertex -5.3891825676 53.2951049805 24.0293884277
      vertex -6.58556699753 53.435546875 24.0392074585
    endloop
  endfacet
  facet normal 0.109453111887 -0.139723941684 -0.984122574329
    outer loop
      vertex -5.3891825676 53.2951049805 24.0293884277
      vertex -4.19267988205 53.1606750488 24.0198516846
      vertex -4.19267988205 53.0589675903 23.3034934998
    endloop
  endfacet
  facet normal 0.151161208749 -0.195223018527 -0.969039857388
    outer loop
      vertex -6.58556699753 53.6958084106 25.0920333862
      vertex -5.38906431198 53.5064735413 25.0786743164
      vertex -5.3891825676 53.2951049805 24.0293884277
    endloop
  endfacet
  facet normal 0.107929684222 -0.196333959699 -0.974578976631
    outer loop
      vertex -5.38906431198 53.5064735413 25.0786743164
      vertex -4.19267988205 53.1606750488 24.0198516846
      vertex -5.3891825676 53.2951049805 24.0293884277
    endloop
  endfacet
  facet normal 0.148414760828 -0.253758192062 -0.955813705921
    outer loop
      vertex -6.58544874191 53.9756736755 26.1462440491
      vertex -5.38906431198 53.5064735413 25.0786743164
      vertex -6.58556699753 53.6958084106 25.0920333862
    endloop
  endfacet
  facet normal 0.145014628768 -0.155276894569 -0.977169275284
    outer loop
      vertex -5.38906431198 53.5064735413 25.0786743164
      vertex -4.19250059128 53.3269042969 25.066116333
      vertex -4.19267988205 53.1606750488 24.0198516846
    endloop
  endfacet
  facet normal 0.191313788295 -0.207257881761 -0.959397315979
    outer loop
      vertex -6.58544874191 53.9756736755 26.1462440491
      vertex -5.38906431198 53.7334098816 26.1291656494
      vertex -5.38906431198 53.5064735413 25.0786743164
    endloop
  endfacet
  facet normal 0.14298607409 -0.20898848772 -0.967408299446
    outer loop
      vertex -5.38906431198 53.7334098816 26.1291656494
      vertex -4.19250059128 53.3269042969 25.066116333
      vertex -5.38906431198 53.5064735413 25.0786743164
    endloop
  endfacet
  facet normal 0.188340723515 -0.256001919508 -0.948151230812
    outer loop
      vertex -6.58544874191 54.2650985718 27.2181930542
      vertex -5.38906431198 53.7334098816 26.1291656494
      vertex -6.58544874191 53.9756736755 26.1462440491
    endloop
  endfacet
  facet normal 0.23428542912 -0.203203886747 -0.95069372654
    outer loop
      vertex -5.38894414902 54.1329231262 27.9793167114
      vertex -5.38894414902 53.8897590637 26.8416671753
      vertex -6.58544874191 54.2650985718 27.2181930542
    endloop
  endfacet
  facet normal 0.181895136833 -0.16588704288 -0.969224274158
    outer loop
      vertex -5.38906431198 53.7334098816 26.1291656494
      vertex -4.19250059128 53.5668983459 26.4683074951
      vertex -4.19250059128 53.3269042969 25.066116333
    endloop
  endfacet
  facet normal 0.232402935624 -0.208502605557 -0.950008153915
    outer loop
      vertex -6.58544874191 54.2650985718 27.2181930542
      vertex -5.38894414902 53.8897590637 26.8416671753
      vertex -5.38906431198 53.7334098816 26.1291656494
    endloop
  endfacet
  facet normal 0.245432391763 -0.202628210187 -0.948000371456
    outer loop
      vertex -5.38894414902 54.1329231262 27.9793167114
      vertex -4.19250059128 53.8184700012 27.9573287964
      vertex -5.38894414902 53.8897590637 26.8416671753
    endloop
  endfacet
  facet normal 0.192985773087 -0.210335657001 -0.958392083645
    outer loop
      vertex -5.38894414902 53.8897590637 26.8416671753
      vertex -4.19250059128 53.5668983459 26.4683074951
      vertex -5.38906431198 53.7334098816 26.1291656494
    endloop
  endfacet
  facet normal 0.209349647164 -0.162899196148 -0.964176654816
    outer loop
      vertex -4.19250059128 53.8184700012 27.9573287964
      vertex -4.19250059128 53.5668983459 26.4683074951
      vertex -5.38894414902 53.8897590637 26.8416671753
    endloop
  endfacet
  facet normal 0.0141454311088 -0.12905152142 -0.991536974907
    outer loop
      vertex -8.83755016327 52.9860496521 21.1706390381
      vertex -8.09833240509 52.8766403198 20.4110641479
      vertex -8.83760929108 52.8872833252 20.4118099213
    endloop
  endfacet
  facet normal 0.030124893412 -0.0939543843269 -0.995120644569
    outer loop
      vertex -8.09833240509 52.9665489197 21.1692733765
      vertex -6.58568668365 52.9204406738 21.1659584045
      vertex -6.58568668365 52.856918335 20.4931583405
    endloop
  endfacet
  facet normal 0.0259710885584 -0.117711491883 -0.992708146572
    outer loop
      vertex -8.83755016327 52.9860496521 21.1706390381
      vertex -8.09833240509 52.9665489197 21.1692733765
      vertex -8.09833240509 52.8766403198 20.4110641479
    endloop
  endfacet
  facet normal 0.0297000352293 -0.163142293692 -0.986155390739
    outer loop
      vertex -8.09815406799 53.0852508545 21.8868522644
      vertex -6.58568668365 52.9204406738 21.1659584045
      vertex -8.09833240509 52.9665489197 21.1692733765
    endloop
  endfacet
  facet normal 0.0256241336465 -0.177670076489 -0.983756422997
    outer loop
      vertex -8.83755016327 53.1157836914 21.8889884949
      vertex -8.09833240509 52.9665489197 21.1692733765
      vertex -8.83755016327 52.9860496521 21.1706390381
    endloop
  endfacet
  facet normal 0.0459083653986 -0.130114987493 -0.990435540676
    outer loop
      vertex -8.09815406799 53.0852508545 21.8868522644
      vertex -6.58568668365 53.0144958496 21.8819046021
      vertex -6.58568668365 52.9204406738 21.1659584045
    endloop
  endfacet
  facet normal 0.0402355566621 -0.163084670901 -0.985791325569
    outer loop
      vertex -8.83755016327 53.1157836914 21.8889884949
      vertex -8.09815406799 53.0852508545 21.8868522644
      vertex -8.09833240509 52.9665489197 21.1692733765
    endloop
  endfacet
  facet normal 0.0450973697007 -0.202798172832 -0.978181540966
    outer loop
      vertex -8.09815406799 53.2344856262 22.6066589355
      vertex -6.58568668365 53.0144958496 21.8819046021
      vertex -8.09815406799 53.0852508545 21.8868522644
    endloop
  endfacet
  facet normal 0.039606526494 -0.220520451665 -0.974577903748
    outer loop
      vertex -8.83755016327 53.2788772583 22.6097602844
      vertex -8.09815406799 53.0852508545 21.8868522644
      vertex -8.83755016327 53.1157836914 21.8889884949
    endloop
  endfacet
  facet normal 0.0648244470358 -0.163520231843 -0.984407901764
    outer loop
      vertex -8.09815406799 53.2344856262 22.6066589355
      vertex -6.58556699753 53.1336860657 22.5994720459
      vertex -6.58568668365 53.0144958496 21.8819046021
    endloop
  endfacet
  facet normal 0.05783925578 -0.202664852142 -0.977538526058
    outer loop
      vertex -8.83755016327 53.2788772583 22.6097602844
      vertex -8.09815406799 53.2344856262 22.6066589355
      vertex -8.09815406799 53.0852508545 21.8868522644
    endloop
  endfacet
  facet normal 0.0634676665068 -0.23746573925 -0.969320297241
    outer loop
      vertex -8.09815406799 53.4112625122 23.328250885
      vertex -6.58556699753 53.1336860657 22.5994720459
      vertex -8.09815406799 53.2344856262 22.6066589355
    endloop
  endfacet
  facet normal 0.0568119175732 -0.258533537388 -0.964330255985
    outer loop
      vertex -8.83755016327 53.4726524353 23.3325424194
      vertex -8.09815406799 53.2344856262 22.6066589355
      vertex -8.83755016327 53.2788772583 22.6097602844
    endloop
  endfacet
  facet normal 0.0867468118668 -0.192265674472 -0.97750133276
    outer loop
      vertex -8.09815406799 53.4112625122 23.328250885
      vertex -6.58556699753 53.2751579285 23.3187332153
      vertex -6.58556699753 53.1336860657 22.5994720459
    endloop
  endfacet
  facet normal 0.0790140405297 -0.237201526761 -0.968241810799
    outer loop
      vertex -8.83755016327 53.4726524353 23.3325424194
      vertex -8.09815406799 53.4112625122 23.328250885
      vertex -8.09815406799 53.2344856262 22.6066589355
    endloop
  endfacet
  facet normal 0.0847157090902 -0.266454964876 -0.960117161274
    outer loop
      vertex -8.09815406799 53.6119918823 24.0515480042
      vertex -6.58556699753 53.2751579285 23.3187332153
      vertex -8.09815406799 53.4112625122 23.328250885
    endloop
  endfacet
  facet normal 0.0775023326278 -0.290423929691 -0.953754365444
    outer loop
      vertex -8.83755016327 53.6933555603 24.0573425293
      vertex -8.09815406799 53.4112625122 23.328250885
      vertex -8.83755016327 53.4726524353 23.3325424194
    endloop
  endfacet
  facet normal 0.111393392086 -0.215946629643 -0.97003018856
    outer loop
      vertex -8.09815406799 53.6119918823 24.0515480042
      vertex -6.58556699753 53.435546875 24.0392074585
      vertex -6.58556699753 53.2751579285 23.3187332153
    endloop
  endfacet
  facet normal 0.103381551802 -0.265983402729 -0.958418011665
    outer loop
      vertex -8.83755016327 53.6933555603 24.0573425293
      vertex -8.09815406799 53.6119918823 24.0515480042
      vertex -8.09815406799 53.4112625122 23.328250885
    endloop
  endfacet
  facet normal 0.108698152006 -0.286593496799 -0.951865971088
    outer loop
      vertex -8.09815406799 53.7711105347 24.5800323486
      vertex -6.58556699753 53.435546875 24.0392074585
      vertex -8.09815406799 53.6119918823 24.0515480042
    endloop
  endfacet
  facet normal 0.101466953754 -0.312875002623 -0.944358885288
    outer loop
      vertex -8.8373708725 53.8687744141 24.5868625641
      vertex -8.09815406799 53.6119918823 24.0515480042
      vertex -8.83755016327 53.6933555603 24.0573425293
    endloop
  endfacet
  facet normal 0.128486916423 -0.237989678979 -0.962731540203
    outer loop
      vertex -8.09815406799 53.7711105347 24.5800323486
      vertex -6.58556699753 53.6958084106 25.0920333862
      vertex -6.58556699753 53.435546875 24.0392074585
    endloop
  endfacet
  facet normal 0.122901678085 -0.286116093397 -0.950280368328
    outer loop
      vertex -8.8373708725 53.8687744141 24.5868625641
      vertex -8.09815406799 53.7711105347 24.5800323486
      vertex -8.09815406799 53.6119918823 24.0515480042
    endloop
  endfacet
  facet normal 0.148125901818 -0.298954457045 -0.942700862885
    outer loop
      vertex -8.0980348587 53.9388504028 25.1090278625
      vertex -6.58556699753 53.6958084106 25.0920333862
      vertex -8.09815406799 53.7711105347 24.5800323486
    endloop
  endfacet
  facet normal 0.12077897042 -0.327483355999 -0.937105715275
    outer loop
      vertex -8.8373708725 54.0541114807 25.1172103882
      vertex -8.09815406799 53.7711105347 24.5800323486
      vertex -8.8373708725 53.8687744141 24.5868625641
    endloop
  endfacet
  facet normal 0.143747135997 -0.299148797989 -0.943316876888
    outer loop
      vertex -8.8373708725 54.0541114807 25.1172103882
      vertex -8.0980348587 53.9388504028 25.1090278625
      vertex -8.09815406799 53.7711105347 24.5800323486
    endloop
  endfacet
  facet normal 0.141025811434 -0.342352032661 -0.928927779198
    outer loop
      vertex -8.8373708725 54.4455070496 26.1792182922
      vertex -8.0980348587 53.9388504028 25.1090278625
      vertex -8.8373708725 54.0541114807 25.1172103882
    endloop
  endfacet
  facet normal 0.18895226717 -0.310508161783 -0.931601703167
    outer loop
      vertex -8.8373708725 54.4455070496 26.1792182922
      vertex -8.0980348587 54.2919311523 26.1683578491
      vertex -8.0980348587 53.9388504028 25.1090278625
    endloop
  endfacet
  facet normal 0.185861885548 -0.346909224987 -0.919298291206
    outer loop
      vertex -8.83725166321 54.9276733398 27.4570083618
      vertex -8.0980348587 54.2919311523 26.1683578491
      vertex -8.8373708725 54.4455070496 26.1792182922
    endloop
  endfacet
  facet normal 0.245160028338 -0.312177300453 -0.91784632206
    outer loop
      vertex -8.83725166321 54.9276733398 27.4570083618
      vertex -8.0980348587 54.7253723145 27.4427375793
      vertex -8.0980348587 54.2919311523 26.1683578491
    endloop
  endfacet
  facet normal 0.243131041527 -0.331025093794 -0.911761879921
    outer loop
      vertex -8.83725166321 55.2867469788 28.4460258484
      vertex -8.0980348587 54.7253723145 27.4427375793
      vertex -8.83725166321 54.9276733398 27.4570083618
    endloop
  endfacet
  facet normal 0.287934154272 -0.29722815752 -0.91035670042
    outer loop
      vertex -8.83725166321 55.2867469788 28.4460258484
      vertex -8.0980348587 55.0474815369 28.4292945862
      vertex -8.0980348587 54.7253723145 27.4427375793
    endloop
  endfacet
  facet normal 0.281526088715 -0.297818928957 -0.912166059017
    outer loop
      vertex -8.0980348587 55.0474815369 28.4292945862
      vertex -6.58544874191 54.5697021484 28.395778656
      vertex -8.0980348587 54.7253723145 27.4427375793
    endloop
  endfacet
  facet normal 0.00102197192609 0.0343669950962 -0.999408781528
    outer loop
      vertex -4.19285726547 52.7997245789 19.152223587
      vertex -2.99641394615 52.8157043457 18.6519622803
      vertex -4.19285726547 52.8169250488 18.6520500183
    endloop
  endfacet
  facet normal 0.000990066560917 0.0275761149824 -0.999619245529
    outer loop
      vertex -5.38930273056 52.8043022156 19.1525421143
      vertex -4.19285726547 52.8169250488 18.6520500183
      vertex -5.38930273056 52.818107605 18.6522407532
    endloop
  endfacet
  facet normal 0.00348583911546 0.0402524918318 -0.999183475971
    outer loop
      vertex -2.99641394615 52.8157043457 18.6519622803
      vertex -4.19285726547 52.7997245789 19.152223587
      vertex -2.99641394615 52.7955627441 19.1519317627
    endloop
  endfacet
  facet normal 0.00383299449459 0.0343667604029 -0.999401926994
    outer loop
      vertex -5.38930273056 52.8043022156 19.1525421143
      vertex -4.19285726547 52.7997245789 19.152223587
      vertex -4.19285726547 52.8169250488 18.6520500183
    endloop
  endfacet
  facet normal 0.00348059856333 0.00740681542084 -0.99996650219
    outer loop
      vertex -2.99641394615 52.7955627441 19.1519317627
      vertex -4.19285726547 52.7997245789 19.152223587
      vertex -4.19279813766 52.7947769165 19.8202209473
    endloop
  endfacet
  facet normal 0.00382495345548 -0.00402189232409 -0.999984622002
    outer loop
      vertex -5.38930273056 52.8069915771 19.8211841583
      vertex -4.19285726547 52.7997245789 19.152223587
      vertex -5.38930273056 52.8043022156 19.1525421143
    endloop
  endfacet
  facet normal 0.011158823967 0.0211522206664 -0.999714016914
    outer loop
      vertex -2.99641394615 52.7955627441 19.1519317627
      vertex -4.19279813766 52.7947769165 19.8202209473
      vertex -2.99641394615 52.7849731445 19.6524448395
    endloop
  endfacet
  facet normal 0.0102140968665 0.00740587804466 -0.999920427799
    outer loop
      vertex -5.38930273056 52.8069915771 19.8211841583
      vertex -4.19279813766 52.7947769165 19.8202209473
      vertex -4.19285726547 52.7997245789 19.152223587
    endloop
  endfacet
  facet normal 0.00509536126629 -0.0220865979791 -0.999743103981
    outer loop
      vertex -2.99641394615 52.7849731445 19.6524448395
      vertex -4.19279813766 52.7947769165 19.8202209473
      vertex -4.19279813766 52.8095703125 20.4897251129
    endloop
  endfacet
  facet normal 0.0101693375036 -0.0389927402139 -0.999187767506
    outer loop
      vertex -5.38930273056 52.8331451416 20.4913711548
      vertex -4.19279813766 52.7947769165 19.8202209473
      vertex -5.38930273056 52.8069915771 19.8211841583
    endloop
  endfacet
  facet normal 0.0196666829288 -0.0220826137811 -0.999562680721
    outer loop
      vertex -5.38930273056 52.8331451416 20.4913711548
      vertex -4.19279813766 52.8095703125 20.4897251129
      vertex -4.19279813766 52.7947769165 19.8202209473
    endloop
  endfacet
  facet normal 0.0195526666939 -0.0716336071491 -0.997239351273
    outer loop
      vertex -5.3891825676 52.8814048767 21.163230896
      vertex -4.19279813766 52.8095703125 20.4897251129
      vertex -5.38930273056 52.8331451416 20.4913711548
    endloop
  endfacet
  facet normal 0.0227450896055 -0.0239811129868 -0.999453663826
    outer loop
      vertex -2.99641394615 52.7835922241 20.1536254883
      vertex -2.99623656273 52.8076858521 21.157951355
      vertex -1.84306502342 52.770111084 20.6857070923
    endloop
  endfacet
  facet normal 0.0318224281073 -0.0499454624951 -0.998244822025
    outer loop
      vertex -5.3891825676 52.8814048767 21.163230896
      vertex -4.19279813766 52.8431282043 21.1604328156
      vertex -4.19279813766 52.8095703125 20.4897251129
    endloop
  endfacet
  facet normal 0.0293594188988 -0.0765895321965 -0.996630370617
    outer loop
      vertex -4.19279813766 52.89793396 21.8736305237
      vertex -2.99623656273 52.8076858521 21.157951355
      vertex -4.19279813766 52.8431282043 21.1604328156
    endloop
  endfacet
  facet normal 0.0149658462033 -0.023983258754 -0.999600350857
    outer loop
      vertex -4.19279813766 52.8095703125 20.4897251129
      vertex -2.99623656273 52.8076858521 21.157951355
      vertex -2.99641394615 52.7835922241 20.1536254883
    endloop
  endfacet
  facet normal 0.0294646006078 -0.0499490760267 -0.998317062855
    outer loop
      vertex -4.19279813766 52.8431282043 21.1604328156
      vertex -2.99623656273 52.8076858521 21.157951355
      vertex -4.19279813766 52.8095703125 20.4897251129
    endloop
  endfacet
  facet normal -0.699146747589 0.00608512060717 -0.714952290058
    outer loop
      vertex 0.0514087639749 53.651512146 19.5791625977
      vertex -0.279872864485 53.3158836365 20.9503555298
      vertex 0.0233955364674 53.612487793 20.9455986023
    endloop
  endfacet
  facet normal -0.739097714424 0.0317531488836 -0.672849416733
    outer loop
      vertex -0.102966301143 53.5469169617 18.2023010254
      vertex -0.107734665275 53.4769134521 19.5746459961
      vertex 0.0514087639749 53.651512146 19.5791625977
    endloop
  endfacet
  facet normal -0.634311020374 0.0450827218592 -0.771762311459
    outer loop
      vertex -0.283449143171 53.3186416626 19.5706787109
      vertex -0.102966301143 53.5469169617 18.2023010254
      vertex -0.466674715281 53.2491989136 18.1814842224
    endloop
  endfacet
  facet normal -0.738818466663 -0.0135804247111 -0.673767626286
    outer loop
      vertex 0.0514087639749 53.651512146 19.5791625977
      vertex -0.107734665275 53.4769134521 19.5746459961
      vertex -0.279872864485 53.3158836365 20.9503555298
    endloop
  endfacet
  facet normal -0.669284522533 0.0355309769511 -0.742156147957
    outer loop
      vertex -0.283449143171 53.3186416626 19.5706787109
      vertex -0.107734665275 53.4769134521 19.5746459961
      vertex -0.102966301143 53.5469169617 18.2023010254
    endloop
  endfacet
  facet normal -0.669300973415 0.00322001380846 -0.742984414101
    outer loop
      vertex -0.279872864485 53.3158836365 20.9503555298
      vertex -0.107734665275 53.4769134521 19.5746459961
      vertex -0.283449143171 53.3186416626 19.5706787109
    endloop
  endfacet
  facet normal 0.0805218592286 -0.0901714190841 -0.99266576767
    outer loop
      vertex -4.19267988205 53.0589675903 23.3034934998
      vertex -2.99623656273 52.9612846375 23.2965545654
      vertex -2.99623656273 52.896446228 22.5827598572
    endloop
  endfacet
  facet normal 0.0608069114387 -0.122435793281 -0.99061191082
    outer loop
      vertex -4.19267988205 53.0589675903 23.3034934998
      vertex -2.99623656273 52.896446228 22.5827598572
      vertex -4.19279813766 52.9705352783 22.5879402161
    endloop
  endfacet
  facet normal 0.0716943740845 -0.0626315549016 -0.995458304882
    outer loop
      vertex -2.99623656273 52.9612846375 23.2965545654
      vertex -1.9759824276 52.8971977234 23.4458007812
      vertex -1.9142318964 52.8242225647 22.3566207886
    endloop
  endfacet
  facet normal 0.0475175715983 -0.0903629884124 -0.994774639606
    outer loop
      vertex -2.99623656273 52.9612846375 23.2965545654
      vertex -1.9142318964 52.8242225647 22.3566207886
      vertex -2.99623656273 52.896446228 22.5827598572
    endloop
  endfacet
  facet normal 0.0613260753453 -0.0723329856992 -0.995493352413
    outer loop
      vertex -4.19279813766 52.9705352783 22.5879402161
      vertex -2.99623656273 52.896446228 22.5827598572
      vertex -2.99623656273 52.8446388245 21.8697662354
    endloop
  endfacet
  facet normal -0.017934910953 -0.0678521245718 -0.997534155846
    outer loop
      vertex -1.53824603558 52.9050292969 23.445274353
      vertex -1.9142318964 52.8242225647 22.3566207886
      vertex -1.9759824276 52.8971977234 23.4458007812
    endloop
  endfacet
  facet normal 0.0439423546195 -0.101019352674 -0.993913531303
    outer loop
      vertex -4.19279813766 52.9705352783 22.5879402161
      vertex -2.99623656273 52.8446388245 21.8697662354
      vertex -4.19279813766 52.89793396 21.8736305237
    endloop
  endfacet
  facet normal 0.0513627417386 -0.072373740375 -0.996054172516
    outer loop
      vertex -2.99623656273 52.896446228 22.5827598572
      vertex -1.9142318964 52.8242225647 22.3566207886
      vertex -2.99623656273 52.8446388245 21.8697662354
    endloop
  endfacet
  facet normal -0.0419760979712 -0.0595348998904 -0.997343301773
    outer loop
      vertex -1.53824603558 52.9050292969 23.445274353
      vertex -1.48352992535 52.8422927856 22.3557128906
      vertex -1.9142318964 52.8242225647 22.3566207886
    endloop
  endfacet
  facet normal -0.220496803522 -0.0367441810668 -0.974695324898
    outer loop
      vertex -1.06319797039 52.9371948242 22.3507995605
      vertex -1.42928874493 52.8018989563 20.9586982727
      vertex -1.48352992535 52.8422927856 22.3557128906
    endloop
  endfacet
  facet normal 0.0442689284682 -0.0517938546836 -0.997676134109
    outer loop
      vertex -4.19279813766 52.89793396 21.8736305237
      vertex -2.99623656273 52.8446388245 21.8697662354
      vertex -2.99623656273 52.8076858521 21.157951355
    endloop
  endfacet
  facet normal 0.0360827334225 -0.0383074581623 -0.998614311218
    outer loop
      vertex -2.99623656273 52.8446388245 21.8697662354
      vertex -1.9142318964 52.8242225647 22.3566207886
      vertex -1.86321032047 52.7796783447 21.2435493469
    endloop
  endfacet
  facet normal -0.0419698692858 -0.0305053368211 -0.998653054237
    outer loop
      vertex -1.42928874493 52.8018989563 20.9586982727
      vertex -1.9142318964 52.8242225647 22.3566207886
      vertex -1.48352992535 52.8422927856 22.3557128906
    endloop
  endfacet
  facet normal -0.141724005342 0.0474205203354 -0.988769769669
    outer loop
      vertex -1.57746684551 52.7893218994 19.5573730469
      vertex -1.34351909161 52.8228149414 19.5581436157
      vertex -1.33171641827 52.8917312622 18.1564865112
    endloop
  endfacet
  facet normal 0.00296941958368 0.0211534444243 -0.99977183342
    outer loop
      vertex -1.8069435358 52.7922744751 19.1403961182
      vertex -2.99641394615 52.7955627441 19.1519317627
      vertex -2.99641394615 52.7849731445 19.6524448395
    endloop
  endfacet
  facet normal 0.0285914428532 -0.0518234856427 -0.998246908188
    outer loop
      vertex -1.86321032047 52.7796783447 21.2435493469
      vertex -2.99623656273 52.8076858521 21.157951355
      vertex -2.99623656273 52.8446388245 21.8697662354
    endloop
  endfacet
  facet normal -0.0795526206493 -0.0434986464679 -0.995881140232
    outer loop
      vertex -1.42928874493 52.8018989563 20.9586982727
      vertex -1.86321032047 52.7796783447 21.2435493469
      vertex -1.9142318964 52.8242225647 22.3566207886
    endloop
  endfacet
  facet normal -0.141747415066 0.00610282784328 -0.989884018898
    outer loop
      vertex -1.42928874493 52.8018989563 20.9586982727
      vertex -1.34351909161 52.8228149414 19.5581436157
      vertex -1.57746684551 52.7893218994 19.5573730469
    endloop
  endfacet
  facet normal 0.0031530323904 0.0402525365353 -0.999184548855
    outer loop
      vertex -2.99641394615 52.8157043457 18.6519622803
      vertex -2.99641394615 52.7955627441 19.1519317627
      vertex -1.8069435358 52.7922744751 19.1403961182
    endloop
  endfacet
  facet normal 0.0259322617203 -0.0162046179175 -0.999532341957
    outer loop
      vertex -2.99623656273 52.8076858521 21.157951355
      vertex -1.86321032047 52.7796783447 21.2435493469
      vertex -1.84306502342 52.770111084 20.6857070923
    endloop
  endfacet
  facet normal -0.0533186346292 -0.00332573615015 -0.99857199192
    outer loop
      vertex -1.57746684551 52.7893218994 19.5573730469
      vertex -1.86321032047 52.7796783447 21.2435493469
      vertex -1.42928874493 52.8018989563 20.9586982727
    endloop
  endfacet
  facet normal -0.00250441022217 0.0539989471436 -0.998537838459
    outer loop
      vertex -2.99641394615 52.8157043457 18.6519622803
      vertex -1.8069435358 52.7922744751 19.1403961182
      vertex -1.79997038841 52.8456764221 18.1532688141
    endloop
  endfacet
  facet normal -0.168970584869 -0.0229999795556 -0.985352694988
    outer loop
      vertex -1.57746684551 52.7893218994 19.5573730469
      vertex -1.84306502342 52.770111084 20.6857070923
      vertex -1.86321032047 52.7796783447 21.2435493469
    endloop
  endfacet
  facet normal -0.0839200466871 0.0532351098955 -0.995049476624
    outer loop
      vertex -1.8069435358 52.7922744751 19.1403961182
      vertex -1.57746684551 52.7893218994 19.5573730469
      vertex -1.79997038841 52.8456764221 18.1532688141
    endloop
  endfacet
  facet normal -0.0859942510724 -0.00328202685341 -0.996290206909
    outer loop
      vertex -1.82661414146 52.7696914673 20.1272773743
      vertex -1.84306502342 52.770111084 20.6857070923
      vertex -1.57746684551 52.7893218994 19.5573730469
    endloop
  endfacet
  facet normal -0.0276825558394 0.0223162807524 -0.999367654324
    outer loop
      vertex -1.8069435358 52.7922744751 19.1403961182
      vertex -1.82661414146 52.7696914673 20.1272773743
      vertex -1.57746684551 52.7893218994 19.5573730469
    endloop
  endfacet
  facet normal -0.562528371811 0.00311072543263 -0.826772153378
    outer loop
      vertex -0.283449143171 53.3186416626 19.5706787109
      vertex -0.630468308926 53.0773277283 20.9542655945
      vertex -0.279872864485 53.3158836365 20.9503555298
    endloop
  endfacet
  facet normal -0.592552125454 0.0379315800965 -0.804638564587
    outer loop
      vertex -0.466674715281 53.2491989136 18.1814842224
      vertex -0.473768174648 53.178653717 19.5671482086
      vertex -0.283449143171 53.3186416626 19.5706787109
    endloop
  endfacet
  facet normal -0.471401631832 0.0501840040088 -0.880489647388
    outer loop
      vertex -0.676900804043 53.0578460693 19.5641136169
      vertex -0.466674715281 53.2491989136 18.1814842224
      vertex -0.881523013115 53.0279769897 18.166015625
    endloop
  endfacet
  facet normal -0.592405259609 -0.00807547662407 -0.805599629879
    outer loop
      vertex -0.283449143171 53.3186416626 19.5706787109
      vertex -0.473768174648 53.178653717 19.5671482086
      vertex -0.630468308926 53.0773277283 20.9542655945
    endloop
  endfacet
  facet normal -0.511186718941 0.041089579463 -0.858486890793
    outer loop
      vertex -0.676900804043 53.0578460693 19.5641136169
      vertex -0.473768174648 53.178653717 19.5671482086
      vertex -0.466674715281 53.2491989136 18.1814842224
    endloop
  endfacet
  facet normal -0.511214315891 0.00502932816744 -0.859438538551
    outer loop
      vertex -0.630468308926 53.0773277283 20.9542655945
      vertex -0.473768174648 53.178653717 19.5671482086
      vertex -0.676900804043 53.0578460693 19.5641136169
    endloop
  endfacet
  facet normal -0.238310098648 0.0456899665296 -0.970113754272
    outer loop
      vertex -1.33171641827 52.8917312622 18.1564865112
      vertex -1.34351909161 52.8228149414 19.5581436157
      vertex -1.11392009258 52.8791503906 19.5595569611
    endloop
  endfacet
  facet normal -0.238293409348 -8.87600690476e-05 -0.971193194389
    outer loop
      vertex -1.11392009258 52.8791503906 19.5595569611
      vertex -1.34351909161 52.8228149414 19.5581436157
      vertex -1.42928874493 52.8018989563 20.9586982727
    endloop
  endfacet
  facet normal -0.408218443394 0.000840077816974 -0.912883877754
    outer loop
      vertex -0.676900804043 53.0578460693 19.5641136169
      vertex -1.01771914959 52.9041557312 20.957069397
      vertex -0.630468308926 53.0773277283 20.9542655945
    endloop
  endfacet
  facet normal -0.423527479172 0.0426562651992 -0.904878377914
    outer loop
      vertex -0.881523013115 53.0279769897 18.166015625
      vertex -0.891118884087 52.957698822 19.5615615845
      vertex -0.676900804043 53.0578460693 19.5641136169
    endloop
  endfacet
  facet normal -0.290290504694 0.0536272078753 -0.95543473959
    outer loop
      vertex -1.11392009258 52.8791503906 19.5595569611
      vertex -0.881523013115 53.0279769897 18.166015625
      vertex -1.33171641827 52.8917312622 18.1564865112
    endloop
  endfacet
  facet normal -0.241129204631 -0.000766629178543 -0.970492720604
    outer loop
      vertex -1.11392009258 52.8791503906 19.5595569611
      vertex -1.42928874493 52.8018989563 20.9586982727
      vertex -1.01771914959 52.9041557312 20.957069397
    endloop
  endfacet
  facet normal -0.423457324505 -0.00365804787725 -0.905908644199
    outer loop
      vertex -0.676900804043 53.0578460693 19.5641136169
      vertex -0.891118884087 52.957698822 19.5615615845
      vertex -1.01771914959 52.9041557312 20.957069397
    endloop
  endfacet
  facet normal -0.332516133785 0.0451522693038 -0.942016065121
    outer loop
      vertex -1.11392009258 52.8791503906 19.5595569611
      vertex -0.891118884087 52.957698822 19.5615615845
      vertex -0.881523013115 53.0279769897 18.166015625
    endloop
  endfacet
  facet normal -0.332535803318 0.00601620133966 -0.943071424961
    outer loop
      vertex -1.01771914959 52.9041557312 20.957069397
      vertex -0.891118884087 52.957698822 19.5615615845
      vertex -1.11392009258 52.8791503906 19.5595569611
    endloop
  endfacet
  facet normal -0.121598690748 -0.09379645437 -0.988137662411
    outer loop
      vertex -1.48025119305 53.4105415344 28.5804328918
      vertex -1.27997946739 53.2532844543 26.6641159058
      vertex -1.73947107792 53.1973075867 26.6700668335
    endloop
  endfacet
  facet normal -1 0 0
    outer loop
      vertex 0.600009858608 67.0791625977 67.3670272827
      vertex 0.600009858608 53.083568573 49.4184265137
      vertex 0.600009858608 52.9937400818 50.4416007996
    endloop
  endfacet
  facet normal -0.221647948027 -0.102739393711 -0.969699323177
    outer loop
      vertex -1.27997946739 53.2532844543 26.6641159058
      vertex -1.48025119305 53.4105415344 28.5804328918
      vertex -1.06039607525 53.505569458 28.5715522766
    endloop
  endfacet
  facet normal -1 0 0
    outer loop
      vertex 0.600009858608 67.0791625977 67.3670272827
      vertex 0.600009858608 53.2093315125 48.3962974548
      vertex 0.600009858608 53.083568573 49.4184265137
    endloop
  endfacet
  facet normal -0.3098077178 -0.0895318984985 -0.946574449539
    outer loop
      vertex -1.06039607525 53.505569458 28.5715522766
      vertex -0.839799821377 53.395942688 26.6491889954
      vertex -1.27997946739 53.2532844543 26.6641159058
    endloop
  endfacet
  facet normal -0.995636940002 0.0215946193784 -0.0907786488533
    outer loop
      vertex 0.55816835165 53.6020507812 44.0924987793
      vertex 0.559955537319 53.3226585388 45.3493881226
      vertex 0.600009858608 54.0362472534 44.1963729858
    endloop
  endfacet
  facet normal -0.995809555054 0.0189477875829 -0.0894669741392
    outer loop
      vertex 0.561386048794 53.0731201172 46.6028404236
      vertex 0.600009858608 53.6159934998 46.0694007874
      vertex 0.559955537319 53.3226585388 45.3493881226
    endloop
  endfacet
  facet normal -1 0 0
    outer loop
      vertex 0.600009858608 67.0791625977 67.3670272827
      vertex 0.600009858608 53.4347801208 47.0011558533
      vertex 0.600009858608 53.2093315125 48.3962974548
    endloop
  endfacet
  facet normal -0.392278343439 -0.0971778407693 -0.914698958397
    outer loop
      vertex -0.839799821377 53.395942688 26.6491889954
      vertex -1.06039607525 53.505569458 28.5715522766
      vertex -0.664323747158 53.6737785339 28.5560264587
    endloop
  endfacet
  facet normal -0.995952785015 0.0196766890585 -0.0876973867416
    outer loop
      vertex 0.600009858608 53.6159934998 46.0694007874
      vertex 0.600009858608 54.0362472534 44.1963729858
      vertex 0.559955537319 53.3226585388 45.3493881226
    endloop
  endfacet
  facet normal -1 0 0
    outer loop
      vertex 0.600009858608 67.0791625977 67.3670272827
      vertex 0.600009858608 53.6159934998 46.0694007874
      vertex 0.600009858608 53.4347801208 47.0011558533
    endloop
  endfacet
  facet normal -0.486591309309 -0.0819533616304 -0.869777321815
    outer loop
      vertex -0.664323747158 53.6737785339 28.5560264587
      vertex -0.435321748257 53.6200065613 26.6256370544
      vertex -0.839799821377 53.395942688 26.6491889954
    endloop
  endfacet
  facet normal -1 0 0
    outer loop
      vertex 0.600009858608 67.0791625977 67.3670272827
      vertex 0.600009858608 54.0362472534 44.1963729858
      vertex 0.600009858608 53.6159934998 46.0694007874
    endloop
  endfacet
  facet normal -0.550179004669 -0.0883985832334 -0.830354571342
    outer loop
      vertex -0.435321748257 53.6200065613 26.6256370544
      vertex -0.664323747158 53.6737785339 28.5560264587
      vertex -0.30490681529 53.9096069336 28.5342636108
    endloop
  endfacet
  facet normal -1 0 0
    outer loop
      vertex 0.600009858608 67.0791625977 67.3670272827
      vertex 0.600009858608 54.5626144409 42.0622406006
      vertex 0.600009858608 54.0362472534 44.1963729858
    endloop
  endfacet
  facet normal -0.645242035389 -0.0713252425194 -0.76064145565
    outer loop
      vertex -0.435321748257 53.6200065613 26.6256370544
      vertex -0.30490681529 53.9096069336 28.5342636108
      vertex -0.0817470476031 53.9169998169 26.5943222046
    endloop
  endfacet
  facet normal -1 0 0
    outer loop
      vertex 0.600009858608 67.0791625977 67.3670272827
      vertex 0.600009858608 55.0830497742 39.8904037476
      vertex 0.600009858608 54.5626144409 42.0622406006
    endloop
  endfacet
  facet normal -0.690688550472 -0.0767116248608 -0.7190721035
    outer loop
      vertex -0.30490681529 53.9096069336 28.5342636108
      vertex 0.00646781828254 54.2057647705 28.5068473816
      vertex -0.0817470476031 53.9169998169 26.5943222046
    endloop
  endfacet
  facet normal -1 0 0
    outer loop
      vertex 0.600009858608 67.0791625977 67.3670272827
      vertex 0.600009858608 55.2932662964 38.9160575867
      vertex 0.600009858608 55.0830497742 39.8904037476
    endloop
  endfacet
  facet normal -0.780086755753 -0.0580781176686 -0.622969985008
    outer loop
      vertex -0.0817470476031 53.9169998169 26.5943222046
      vertex 0.00646781828254 54.2057647705 28.5068473816
      vertex 0.207931503654 54.2762260437 26.5566329956
    endloop
  endfacet
  facet normal -1 0 0
    outer loop
      vertex 0.600009858608 67.0791625977 67.3670272827
      vertex 0.600009858608 55.4830589294 37.9334220886
      vertex 0.600009858608 55.2932662964 38.9160575867
    endloop
  endfacet
  facet normal -0.808647036552 -0.0624012090266 -0.584975302219
    outer loop
      vertex 0.00646781828254 54.2057647705 28.5068473816
      vertex 0.259786576033 54.5525245667 28.4748077393
      vertex 0.207931503654 54.2762260437 26.5566329956
    endloop
  endfacet
  facet normal -1 0 0
    outer loop
      vertex 0.600009858608 67.0791625977 67.3670272827
      vertex 0.600009858608 55.6473884583 36.9428672791
      vertex 0.600009858608 55.4830589294 37.9334220886
    endloop
  endfacet
  facet normal -0.885511934757 -0.0427031442523 -0.462650060654
    outer loop
      vertex 0.207931503654 54.2762260437 26.5566329956
      vertex 0.259786576033 54.5525245667 28.4748077393
      vertex 0.423044145107 54.6840019226 26.5138397217
    endloop
  endfacet
  facet normal -1 0 0
    outer loop
      vertex 0.600009858608 67.0791625977 67.3670272827
      vertex 0.600009858608 55.7819519043 35.9455528259
      vertex 0.600009858608 55.6473884583 36.9428672791
    endloop
  endfacet
  facet normal -0.900772809982 -0.0460391268134 -0.431843489408
    outer loop
      vertex 0.259786576033 54.5525245667 28.4748077393
      vertex 0.446767747402 54.9387397766 28.4391136169
      vertex 0.423044145107 54.6840019226 26.5138397217
    endloop
  endfacet
  facet normal -1 0 0
    outer loop
      vertex 0.600009858608 67.0791625977 67.3670272827
      vertex 0.600009858608 55.9179153442 34.5052833557
      vertex 0.600009858608 55.7819519043 35.9455528259
    endloop
  endfacet
  facet normal -0.958274662495 -0.0258584879339 -0.284676939249
    outer loop
      vertex 0.423044145107 54.6840019226 26.5138397217
      vertex 0.446767747402 54.9387397766 28.4391136169
      vertex 0.555366456509 55.1252059937 26.4674453735
    endloop
  endfacet
  facet normal -1 0 0
    outer loop
      vertex 0.600009858608 67.0791625977 67.3670272827
      vertex 0.600009858608 55.9834785461 33.060092926
      vertex 0.600009858608 55.9179153442 34.5052833557
    endloop
  endfacet
  facet normal -0.963925898075 -0.0280602294952 -0.264687478542
    outer loop
      vertex 0.446767747402 54.9387397766 28.4391136169
      vertex 0.561386048794 55.3521003723 28.4009132385
      vertex 0.555366456509 55.1252059937 26.4674453735
    endloop
  endfacet
  facet normal -1 0 0
    outer loop
      vertex 0.600009858608 67.0791625977 67.3670272827
      vertex 0.600009858608 55.9832420349 31.6924743652
      vertex 0.600009858608 55.9834785461 33.060092926
    endloop
  endfacet
  facet normal -0.995336771011 -0.00818016566336 -0.0961137115955
    outer loop
      vertex 0.555366456509 55.1252059937 26.4674453735
      vertex 0.561386048794 55.3521003723 28.4009132385
      vertex 0.600009858608 55.5834236145 26.4192581177
    endloop
  endfacet
  facet normal -1 0 0
    outer loop
      vertex 0.600009858608 67.0791625977 67.3670272827
      vertex 0.600009858608 55.9294395447 30.3303451538
      vertex 0.600009858608 55.9832420349 31.6924743652
    endloop
  endfacet
  facet normal -0.995968699455 -0.00899378210306 -0.0892493203282
    outer loop
      vertex 0.561386048794 55.3521003723 28.4009132385
      vertex 0.600009858608 55.7791442871 28.3614692688
      vertex 0.600009858608 55.5834236145 26.4192581177
    endloop
  endfacet
  facet normal -1 0 0
    outer loop
      vertex 0.600009858608 67.0791625977 67.3670272827
      vertex 0.600009858608 55.7791442871 28.3614692688
      vertex 0.600009858608 55.9294395447 30.3303451538
    endloop
  endfacet
  facet normal -1 0 0
    outer loop
      vertex 0.600009858608 67.0791625977 67.3670272827
      vertex 0.600009858608 55.5834236145 26.4192581177
      vertex 0.600009858608 55.7791442871 28.3614692688
    endloop
  endfacet
  facet normal -1 0 0
    outer loop
      vertex 0.600009858608 67.0791625977 67.3670272827
      vertex 0.600009858608 55.3711929321 24.3103561401
      vertex 0.600009858608 55.5834236145 26.4192581177
    endloop
  endfacet
  facet normal -1 0 0
    outer loop
      vertex 0.600009858608 67.0791625977 67.3670272827
      vertex 0.600009858608 55.2840805054 23.2678222656
      vertex 0.600009858608 55.3711929321 24.3103561401
    endloop
  endfacet
  facet normal -0.995981216431 -0.0035332350526 -0.0894925370812
    outer loop
      vertex 0.600009858608 55.1795120239 21.2436637878
      vertex 0.562578141689 54.7504310608 20.9272575378
      vertex 0.561386048794 54.7895736694 22.2546463013
    endloop
  endfacet
  facet normal -0.99597454071 -0.00350397243164 -0.0895677506924
    outer loop
      vertex 0.600009858608 55.2181930542 22.2324295044
      vertex 0.600009858608 55.1795120239 21.2436637878
      vertex 0.561386048794 54.7895736694 22.2546463013
    endloop
  endfacet
  facet normal -1 0 0
    outer loop
      vertex 0.600009858608 67.0791625977 67.3670272827
      vertex 0.600009858608 55.2181930542 22.2324295044
      vertex 0.600009858608 55.2840805054 23.2678222656
    endloop
  endfacet
  facet normal -0.996154487133 -0.000957963347901 -0.0876086205244
    outer loop
      vertex 0.600009858608 55.1795120239 21.2436637878
      vertex 0.600009858608 55.1687583923 20.2604961395
      vertex 0.562578141689 54.7504310608 20.9272575378
    endloop
  endfacet
  facet normal -1 0 0
    outer loop
      vertex 0.600009858608 67.0791625977 67.3670272827
      vertex 0.600009858608 55.1795120239 21.2436637878
      vertex 0.600009858608 55.2181930542 22.2324295044
    endloop
  endfacet
  facet normal -0.995752394199 0.0018527766224 -0.0920526236296
    outer loop
      vertex 0.562578141689 54.7504310608 20.9272575378
      vertex 0.600009858608 55.1687583923 20.2604961395
      vertex 0.600009858608 55.1883087158 19.2891540527
    endloop
  endfacet
  facet normal -1 0 0
    outer loop
      vertex 0.600009858608 67.0791625977 67.3670272827
      vertex 0.600009858608 55.1687583923 20.2604961395
      vertex 0.600009858608 55.1795120239 21.2436637878
    endloop
  endfacet
  facet normal -1 0 0
    outer loop
      vertex 0.600009858608 67.0791625977 67.3670272827
      vertex 0.600009858608 55.1883087158 19.2891540527
      vertex 0.600009858608 55.1687583923 20.2604961395
    endloop
  endfacet
  facet normal -1 0 0
    outer loop
      vertex 0.600009858608 67.0791625977 67.3670272827
      vertex 0.600009858608 55.2397842407 18.3206748962
      vertex 0.600009858608 55.1883087158 19.2891540527
    endloop
  endfacet
  facet normal -1 0 0
    outer loop
      vertex 0.600009858608 67.0791625977 67.3670272827
      vertex 0.600009858608 67.0791091919 0.433819413185
      vertex 0.600009858608 55.2397842407 18.3206748962
    endloop
  endfacet
  facet normal -0.240030139685 0.0752575322986 -0.96784389019
    outer loop
      vertex -1.33928668499 50.7412261963 49.1709251404
      vertex -0.979095339775 50.7439727783 50.2844085693
      vertex -1.11010539532 50.7975959778 49.1768989563
    endloop
  endfacet
  facet normal -0.258670002222 0.0813002735376 -0.962538361549
    outer loop
      vertex -1.33928668499 50.7412261963 49.1709251404
      vertex -1.38315570354 50.6360244751 50.2768592834
      vertex -0.979095339775 50.7439727783 50.2844085693
    endloop
  endfacet
  facet normal -0.143352150917 0.088082022965 -0.9857442379
    outer loop
      vertex -1.57293689251 50.7075653076 49.1673622131
      vertex -1.38315570354 50.6360244751 50.2768592834
      vertex -1.33928668499 50.7412261963 49.1709251404
    endloop
  endfacet
  facet normal -0.0872116014361 0.0789505913854 -0.993056356907
    outer loop
      vertex -1.57293689251 50.7075653076 49.1673622131
      vertex -1.7998521328 50.5996284485 50.2743148804
      vertex -1.38315570354 50.6360244751 50.2768592834
    endloop
  endfacet
  facet normal 0.00259646098129 0.085346095264 -0.99634796381
    outer loop
      vertex -1.7998521328 50.5996284485 50.2743148804
      vertex -1.8068253994 50.6833229065 49.297504425
      vertex -2.99516272545 50.684513092 49.3197212219
    endloop
  endfacet
  facet normal -0.0554659292102 0.0856264382601 -0.994782209396
    outer loop
      vertex -1.8068253994 50.6833229065 49.297504425
      vertex -1.7998521328 50.5996284485 50.2743148804
      vertex -1.57293689251 50.7075653076 49.1673622131
    endloop
  endfacet
  facet normal -0.0409672111273 0.111339978874 -0.992937624454
    outer loop
      vertex -1.57293689251 50.7075653076 49.1673622131
      vertex -1.81773161888 50.7521629333 48.6795692444
      vertex -1.8068253994 50.6833229065 49.297504425
    endloop
  endfacet
  facet normal 0.00977468304336 0.129501625896 -0.991531014442
    outer loop
      vertex -1.81773161888 50.7521629333 48.6795692444
      vertex -1.8334672451 50.8327445984 48.0637550354
      vertex -2.99516272545 50.8045043945 48.3676872253
    endloop
  endfacet
  facet normal -0.0611495412886 0.121266886592 -0.990734636784
    outer loop
      vertex -1.57293689251 50.7075653076 49.1673622131
      vertex -1.59600245953 50.8410949707 48.0648117065
      vertex -1.81773161888 50.7521629333 48.6795692444
    endloop
  endfacet
  facet normal -0.0354089103639 0.13056153059 -0.990807712078
    outer loop
      vertex -1.8334672451 50.8327445984 48.0637550354
      vertex -1.81773161888 50.7521629333 48.6795692444
      vertex -1.59600245953 50.8410949707 48.0648117065
    endloop
  endfacet
  facet normal 0.000903181091417 0.103765033185 -0.994601428509
    outer loop
      vertex -4.19160604477 50.6883659363 49.3200950623
      vertex -5.38805150986 50.6396942139 49.7970352173
      vertex -4.19160604477 50.6386299133 49.7968215942
    endloop
  endfacet
  facet normal 0.0149216791615 0.110446311533 -0.993770062923
    outer loop
      vertex -2.99516272545 50.8045043945 48.3676872253
      vertex -1.8068253994 50.6833229065 49.297504425
      vertex -1.81773161888 50.7521629333 48.6795692444
    endloop
  endfacet
  facet normal 0.00348739139736 0.110176771879 -0.993905901909
    outer loop
      vertex -5.38805150986 50.6925315857 49.3203887939
      vertex -5.38805150986 50.6396942139 49.7970352173
      vertex -4.19160604477 50.6883659363 49.3200950623
    endloop
  endfacet
  facet normal 0.00333442701958 0.12504349649 -0.992145657539
    outer loop
      vertex -2.99516272545 50.8045043945 48.3676872253
      vertex -2.99516272545 50.684513092 49.3197212219
      vertex -1.8068253994 50.6833229065 49.297504425
    endloop
  endfacet
  facet normal 0.0124991452321 0.167252093554 -0.985834956169
    outer loop
      vertex -4.19160604477 50.8176002502 48.3799057007
      vertex -2.99516272545 50.8045043945 48.3676872253
      vertex -4.19172620773 50.8990592957 47.8997535706
    endloop
  endfacet
  facet normal 0.00348480371758 0.125568538904 -0.992078840733
    outer loop
      vertex -4.19160604477 50.74792099 48.8495941162
      vertex -5.38805150986 50.6925315857 49.3203887939
      vertex -4.19160604477 50.6883659363 49.3200950623
    endloop
  endfacet
  facet normal 0.012136278674 0.125034987926 -0.992078125477
    outer loop
      vertex -4.19160604477 50.8176002502 48.3799057007
      vertex -2.99516272545 50.684513092 49.3197212219
      vertex -2.99516272545 50.8045043945 48.3676872253
    endloop
  endfacet
  facet normal 0.013785998337 0.167248949409 -0.985818326473
    outer loop
      vertex -4.19172620773 50.8990592957 47.8997535706
      vertex -5.38805150986 50.7823410034 48.6863594055
      vertex -4.19160604477 50.8176002502 48.3799057007
    endloop
  endfacet
  facet normal 0.00934963487089 0.140237137675 -0.990073800087
    outer loop
      vertex -5.38805150986 50.7823410034 48.6863594055
      vertex -5.38805150986 50.6925315857 49.3203887939
      vertex -4.19160604477 50.74792099 48.8495941162
    endloop
  endfacet
  facet normal -0.00524118542671 0.146744459867 -0.98916053772
    outer loop
      vertex -4.19160604477 50.8176002502 48.3799057007
      vertex -4.19160604477 50.74792099 48.8495941162
      vertex -2.99516272545 50.684513092 49.3197212219
    endloop
  endfacet
  facet normal 0.00843536481261 0.146741256118 -0.989138960838
    outer loop
      vertex -5.38805150986 50.7823410034 48.6863594055
      vertex -4.19160604477 50.74792099 48.8495941162
      vertex -4.19160604477 50.8176002502 48.3799057007
    endloop
  endfacet
  facet normal 0.313366055489 -0.249247565866 -0.916339099407
    outer loop
      vertex -8.0979757309 55.4752235413 29.9188308716
      vertex -6.58544874191 54.745552063 29.1378669739
      vertex -8.0979757309 55.2728614807 29.1748580933
    endloop
  endfacet
  facet normal 0.342528104782 -0.195249706507 -0.918995141983
    outer loop
      vertex -8.0979757309 55.4752235413 29.9188308716
      vertex -6.58532857895 54.9029273987 29.8788108826
      vertex -6.58544874191 54.745552063 29.1378669739
    endloop
  endfacet
  facet normal 0.28489652276 -0.143722847104 -0.947722375393
    outer loop
      vertex -5.38894414902 54.3530006409 29.1104164124
      vertex -4.19244146347 53.9894638062 29.0849952698
      vertex -4.19250059128 53.8184700012 27.9573287964
    endloop
  endfacet
  facet normal 0.340080946684 -0.220136836171 -0.914267301559
    outer loop
      vertex -8.0979757309 55.6045265198 30.4558448792
      vertex -6.58532857895 54.9029273987 29.8788108826
      vertex -8.0979757309 55.4752235413 29.9188308716
    endloop
  endfacet
  facet normal 0.28383436799 -0.160273328424 -0.945383787155
    outer loop
      vertex -5.38894414902 54.4782142639 29.848991394
      vertex -4.19244146347 53.9894638062 29.0849952698
      vertex -5.38894414902 54.3530006409 29.1104164124
    endloop
  endfacet
  facet normal 0.32684352994 -0.157967552543 -0.931783020496
    outer loop
      vertex -6.58532857895 54.9029273987 29.8788108826
      vertex -5.38894414902 54.4782142639 29.848991394
      vertex -5.38894414902 54.3530006409 29.1104164124
    endloop
  endfacet
  facet normal 0.360133469105 -0.171007052064 -0.917093515396
    outer loop
      vertex -8.0979757309 55.6045265198 30.4558448792
      vertex -6.58532857895 55.0026512146 30.4136238098
      vertex -6.58532857895 54.9029273987 29.8788108826
    endloop
  endfacet
  facet normal 0.306870192289 -0.123151570559 -0.943750143051
    outer loop
      vertex -5.38894414902 54.4782142639 29.848991394
      vertex -4.19244146347 54.0855751038 29.8215370178
      vertex -4.19244146347 53.9894638062 29.0849952698
    endloop
  endfacet
  facet normal 0.325640887022 -0.173315376043 -0.929472863674
    outer loop
      vertex -6.58532857895 55.0026512146 30.4136238098
      vertex -5.38894414902 54.4782142639 29.848991394
      vertex -6.58532857895 54.9029273987 29.8788108826
    endloop
  endfacet
  facet normal 0.358164727688 -0.192303821445 -0.913639545441
    outer loop
      vertex -8.09779644012 55.7172164917 30.9915771484
      vertex -6.58532857895 55.0026512146 30.4136238098
      vertex -8.0979757309 55.6045265198 30.4558448792
    endloop
  endfacet
  facet normal 0.306500732899 -0.12926825881 -0.943051993847
    outer loop
      vertex -5.38882541656 54.6243019104 30.9150314331
      vertex -4.19244146347 54.0855751038 29.8215370178
      vertex -5.38894414902 54.4782142639 29.848991394
    endloop
  endfacet
  facet normal 0.347170591354 -0.127362623811 -0.929113209248
    outer loop
      vertex -6.58532857895 55.0026512146 30.4136238098
      vertex -5.38882541656 54.6243019104 30.9150314331
      vertex -5.38894414902 54.4782142639 29.848991394
    endloop
  endfacet
  facet normal 0.375643998384 -0.14806933701 -0.914859056473
    outer loop
      vertex -8.09779644012 55.7172164917 30.9915771484
      vertex -6.58532857895 55.0890846252 30.9476547241
      vertex -6.58532857895 55.0026512146 30.4136238098
    endloop
  endfacet
  facet normal 0.333651065826 -0.0969267562032 -0.93770045042
    outer loop
      vertex -5.38882541656 54.6243019104 30.9150314331
      vertex -4.19244146347 54.1955070496 30.8850479126
      vertex -4.19244146347 54.0855751038 29.8215370178
    endloop
  endfacet
  facet normal 0.354486137629 -0.149394989014 -0.923049688339
    outer loop
      vertex -6.58532857895 55.0890846252 30.9476547241
      vertex -5.38882541656 54.6243019104 30.9150314331
      vertex -6.58532857895 55.0026512146 30.4136238098
    endloop
  endfacet
  facet normal 0.374487668276 -0.161682799459 -0.913026630878
    outer loop
      vertex -8.09779644012 55.811882019 31.5261535645
      vertex -6.58532857895 55.0890846252 30.9476547241
      vertex -8.09779644012 55.7172164917 30.9915771484
    endloop
  endfacet
  facet normal 0.334269970655 -0.0852690637112 -0.938612163067
    outer loop
      vertex -5.38882541656 54.72082901 31.9775772095
      vertex -4.19244146347 54.1955070496 30.8850479126
      vertex -5.38882541656 54.6243019104 30.9150314331
    endloop
  endfacet
  facet normal 0.356317490339 -0.124580480158 -0.926022410393
    outer loop
      vertex -6.58521032333 55.1607246399 31.4804992676
      vertex -5.38882541656 54.6243019104 30.9150314331
      vertex -6.58532857895 55.0890846252 30.9476547241
    endloop
  endfacet
  facet normal 0.389286607504 -0.122822351754 -0.912891328335
    outer loop
      vertex -8.09779644012 55.811882019 31.5261535645
      vertex -6.58521032333 55.1607246399 31.4804992676
      vertex -6.58532857895 55.0890846252 30.9476547241
    endloop
  endfacet
  facet normal 0.374401211739 -0.0838929191232 -0.923464000225
    outer loop
      vertex -6.58521032333 55.1607246399 31.4804992676
      vertex -5.38882541656 54.72082901 31.9775772095
      vertex -5.38882541656 54.6243019104 30.9150314331
    endloop
  endfacet
  facet normal 0.388838857412 -0.128742143512 -0.91226631403
    outer loop
      vertex -8.09779644012 55.8871154785 32.0592498779
      vertex -6.58521032333 55.1607246399 31.4804992676
      vertex -8.09779644012 55.811882019 31.5261535645
    endloop
  endfacet
  facet normal 0.378639698029 -0.0967398136854 -0.920474529266
    outer loop
      vertex -6.58521032333 55.2166213989 32.0123672485
      vertex -5.38882541656 54.72082901 31.9775772095
      vertex -6.58521032333 55.1607246399 31.4804992676
    endloop
  endfacet
  facet normal 0.400901883841 -0.0957548841834 -0.911103010178
    outer loop
      vertex -8.09779644012 55.8871154785 32.0592498779
      vertex -6.58521032333 55.2166213989 32.0123672485
      vertex -6.58521032333 55.1607246399 31.4804992676
    endloop
  endfacet
  facet normal 0.380401223898 -0.0652586743236 -0.922516226768
    outer loop
      vertex -6.58521032333 55.2606735229 32.6350898743
      vertex -5.38882541656 54.72082901 31.9775772095
      vertex -6.58521032333 55.2166213989 32.0123672485
    endloop
  endfacet
  facet normal 0.401226252317 -0.0906767472625 -0.911479711533
    outer loop
      vertex -8.09779644012 55.9492034912 32.6833572388
      vertex -6.58521032333 55.2166213989 32.0123672485
      vertex -8.09779644012 55.8871154785 32.0592498779
    endloop
  endfacet
  facet normal 0.411738753319 -0.0643046796322 -0.90903031826
    outer loop
      vertex -8.09779644012 55.9492034912 32.6833572388
      vertex -6.58521032333 55.2606735229 32.6350898743
      vertex -6.58521032333 55.2166213989 32.0123672485
    endloop
  endfacet
  facet normal 0.412567764521 -0.0476153790951 -0.909681618214
    outer loop
      vertex -8.09779644012 55.981754303 33.3052444458
      vertex -6.58521032333 55.2606735229 32.6350898743
      vertex -8.09779644012 55.9492034912 32.6833572388
    endloop
  endfacet
  facet normal 0.419798523188 -0.0285892952234 -0.907166957855
    outer loop
      vertex -8.09779644012 55.981754303 33.3052444458
      vertex -6.58521032333 55.2802467346 33.2561950684
      vertex -6.58521032333 55.2606735229 32.6350898743
    endloop
  endfacet
  facet normal 0.420653611422 -0.00292978622019 -0.907216608524
    outer loop
      vertex -8.09779644012 55.983757019 33.925151825
      vertex -6.58521032333 55.2802467346 33.2561950684
      vertex -8.09779644012 55.981754303 33.3052444458
    endloop
  endfacet
  facet normal 0.424712896347 0.00827451050282 -0.905290305614
    outer loop
      vertex -8.09779644012 55.983757019 33.925151825
      vertex -6.58521032333 55.2745857239 33.8755607605
      vertex -6.58521032333 55.2802467346 33.2561950684
    endloop
  endfacet
  facet normal 0.425264239311 0.0425892621279 -0.904066622257
    outer loop
      vertex -8.09767723083 55.9546012878 34.5428619385
      vertex -6.58521032333 55.2745857239 33.8755607605
      vertex -8.09779644012 55.983757019 33.925151825
    endloop
  endfacet
  facet normal 0.426455467939 0.0460334047675 -0.903336405754
    outer loop
      vertex -8.09767723083 55.9546012878 34.5428619385
      vertex -6.58521032333 55.2431221008 34.4929885864
      vertex -6.58521032333 55.2745857239 33.8755607605
    endloop
  endfacet
  facet normal 0.426271826029 0.0971609726548 -0.899362027645
    outer loop
      vertex -8.09767723083 55.8625450134 35.3949623108
      vertex -6.58521032333 55.2431221008 34.4929885864
      vertex -8.09767723083 55.9546012878 34.5428619385
    endloop
  endfacet
  facet normal 0.423635542393 0.0914768055081 -0.901201963425
    outer loop
      vertex -8.09767723083 55.8625450134 35.3949623108
      vertex -6.58509016037 55.1565361023 35.3454589844
      vertex -6.58521032333 55.2431221008 34.4929885864
    endloop
  endfacet
  facet normal 0.421829730272 0.159242123365 -0.89258146286
    outer loop
      vertex -8.09761714935 55.7112388611 36.2429046631
      vertex -6.58509016037 55.1565361023 35.3454589844
      vertex -8.09767723083 55.8625450134 35.3949623108
    endloop
  endfacet
  facet normal 0.414696514606 0.143518075347 -0.898570716381
    outer loop
      vertex -8.09761714935 55.7112388611 36.2429046631
      vertex -6.58509016037 55.0209236145 36.1945266724
      vertex -6.58509016037 55.1565361023 35.3454589844
    endloop
  endfacet
  facet normal 0.411850243807 0.204172551632 -0.888083875179
    outer loop
      vertex -8.09761714935 55.6141242981 36.6653213501
      vertex -6.58509016037 55.0209236145 36.1945266724
      vertex -8.09761714935 55.7112388611 36.2429046631
    endloop
  endfacet
  facet normal 0.422219872475 0.219651371241 -0.87947922945
    outer loop
      vertex -8.83689403534 55.9195671082 36.8298187256
      vertex -8.09761714935 55.7112388611 36.2429046631
      vertex -8.83689403534 56.0600585938 36.2672958374
    endloop
  endfacet
  facet normal 0.409674435854 0.192690759897 -0.89164853096
    outer loop
      vertex -8.09761714935 55.6141242981 36.6653213501
      vertex -6.58497190475 54.8381004333 37.0402641296
      vertex -6.58509016037 55.0209236145 36.1945266724
    endloop
  endfacet
  facet normal 0.41227003932 0.204130008817 -0.887898862362
    outer loop
      vertex -8.83689403534 55.9195671082 36.8298187256
      vertex -8.09761714935 55.6141242981 36.6653213501
      vertex -8.09761714935 55.7112388611 36.2429046631
    endloop
  endfacet
  facet normal 0.397216558456 0.234089404345 -0.887367546558
    outer loop
      vertex -8.09761714935 55.502948761 37.0867538452
      vertex -6.58497190475 54.8381004333 37.0402641296
      vertex -8.09761714935 55.6141242981 36.6653213501
    endloop
  endfacet
  facet normal 0.417535156012 0.259517222643 -0.870812952518
    outer loop
      vertex -8.83689403534 55.7525062561 37.3903923035
      vertex -8.09761714935 55.6141242981 36.6653213501
      vertex -8.83689403534 55.9195671082 36.8298187256
    endloop
  endfacet
  facet normal 0.392406642437 0.299482196569 -0.86967086792
    outer loop
      vertex -8.83689403534 55.5600471497 37.9492797852
      vertex -8.09761714935 55.3786506653 37.5073738098
      vertex -8.83689403534 55.7525062561 37.3903923035
    endloop
  endfacet
  facet normal 0.39519649744 0.260326296091 -0.880936980247
    outer loop
      vertex -8.09761714935 55.3786506653 37.5073738098
      vertex -6.58497190475 54.8381004333 37.0402641296
      vertex -8.09761714935 55.502948761 37.0867538452
    endloop
  endfacet
  facet normal 0.395933628082 0.234230771661 -0.88790345192
    outer loop
      vertex -8.83689403534 55.7525062561 37.3903923035
      vertex -8.09761714935 55.502948761 37.0867538452
      vertex -8.09761714935 55.6141242981 36.6653213501
    endloop
  endfacet
  facet normal 0.402836710215 0.259384065866 -0.877748548985
    outer loop
      vertex -8.09761714935 55.3786506653 37.5073738098
      vertex -8.09761714935 55.502948761 37.0867538452
      vertex -8.83689403534 55.7525062561 37.3903923035
    endloop
  endfacet
  facet normal -0.00158061389811 0.224087312818 -0.974567770958
    outer loop
      vertex -12.5668935776 50.9522628784 48.1382675171
      vertex -13.3167200089 50.788028717 48.8472442627
      vertex -12.5668935776 50.7892532349 48.8471908569
    endloop
  endfacet
  facet normal -0.00250923959538 0.223154306412 -0.974779903889
    outer loop
      vertex -12.5668935776 50.9522628784 48.1382675171
      vertex -13.3168983459 50.9503593445 48.1381340027
      vertex -13.3167200089 50.788028717 48.8472442627
    endloop
  endfacet
  facet normal -0.00168804696295 0.223154500127 -0.974781632423
    outer loop
      vertex -13.3168983459 50.9503593445 48.1381340027
      vertex -14.0666046143 50.7867469788 48.84715271
      vertex -13.3167200089 50.788028717 48.8472442627
    endloop
  endfacet
  facet normal -0.00247909547761 0.284834682941 -0.958573460579
    outer loop
      vertex -12.5668935776 51.161945343 47.4326095581
      vertex -13.3168983459 50.9503593445 48.1381340027
      vertex -12.5668935776 50.9522628784 48.1382675171
    endloop
  endfacet
  facet normal -0.00347042409703 0.221362993121 -0.975185334682
    outer loop
      vertex -13.3168983459 50.9503593445 48.1381340027
      vertex -14.066783905 50.9477043152 48.1380882263
      vertex -14.0666046143 50.7867469788 48.84715271
    endloop
  endfacet
  facet normal -0.00325997848995 0.284071773291 -0.958797454834
    outer loop
      vertex -12.5668935776 51.161945343 47.4326095581
      vertex -13.3168983459 51.1594467163 47.432434082
      vertex -13.3168983459 50.9503593445 48.1381340027
    endloop
  endfacet
  facet normal -0.00145092734601 0.221363604069 -0.975190281868
    outer loop
      vertex -14.066783905 50.9477043152 48.1380882263
      vertex -14.8166103363 50.7856521606 48.847076416
      vertex -14.0666046143 50.7867469788 48.84715271
    endloop
  endfacet
  facet normal -0.00341618037783 0.284071624279 -0.958796977997
    outer loop
      vertex -13.3168983459 51.1594467163 47.432434082
      vertex -14.066783905 50.9477043152 48.1380882263
      vertex -13.3168983459 50.9503593445 48.1381340027
    endloop
  endfacet
  facet normal -0.00298591237515 0.219819232821 -0.975536048412
    outer loop
      vertex -14.066783905 50.9477043152 48.1380882263
      vertex -14.8166103363 50.9454421997 48.137928009
      vertex -14.8166103363 50.7856521606 48.847076416
    endloop
  endfacet
  facet normal -0.00535115320235 0.282180249691 -0.959346473217
    outer loop
      vertex -13.3168983459 51.1594467163 47.432434082
      vertex -14.066783905 51.1553459167 47.4321479797
      vertex -14.066783905 50.9477043152 48.1380882263
    endloop
  endfacet
  facet normal -0.00047377566807 0.219820201397 -0.975540280342
    outer loop
      vertex -14.8166103363 50.9454421997 48.137928009
      vertex -15.5664958954 50.7852935791 48.8470535278
      vertex -14.8166103363 50.7856521606 48.847076416
    endloop
  endfacet
  facet normal -0.00295052560978 0.282183051109 -0.959356069565
    outer loop
      vertex -14.066783905 51.1553459167 47.4321479797
      vertex -14.8166103363 50.9454421997 48.137928009
      vertex -14.066783905 50.9477043152 48.1380882263
    endloop
  endfacet
  facet normal -0.0016068831319 0.218679562211 -0.975795388222
    outer loop
      vertex -14.8166103363 50.9454421997 48.137928009
      vertex -15.5664958954 50.944229126 48.1378440857
      vertex -15.5664958954 50.7852935791 48.8470535278
    endloop
  endfacet
  facet normal -0.00528108188882 0.279902696609 -0.960013866425
    outer loop
      vertex -14.066783905 51.1553459167 47.4321479797
      vertex -14.8166103363 51.1513061523 47.4318656921
      vertex -14.8166103363 50.9454421997 48.137928009
    endloop
  endfacet
  facet normal 2.61003588093e-05 0.218679845333 -0.975796639919
    outer loop
      vertex -15.5664958954 50.944229126 48.1378440857
      vertex -16.1832847595 50.7852859497 48.8471603394
      vertex -15.5664958954 50.7852935791 48.8470535278
    endloop
  endfacet
  facet normal -0.00158812652808 0.279906243086 -0.960026025772
    outer loop
      vertex -14.8166103363 51.1513061523 47.4318656921
      vertex -15.5664958954 50.944229126 48.1378440857
      vertex -14.8166103363 50.9454421997 48.137928009
    endloop
  endfacet
  facet normal -0.000337291829055 0.218378946185 -0.975863993168
    outer loop
      vertex -15.5664958954 50.944229126 48.1378440857
      vertex -16.1832847595 50.9440193176 48.1378288269
      vertex -16.1832847595 50.7852859497 48.8471603394
    endloop
  endfacet
  facet normal -0.00322765205055 0.278300464153 -0.96048861742
    outer loop
      vertex -14.8166103363 51.1513061523 47.4318656921
      vertex -15.5664958954 51.1487960815 47.4318275452
      vertex -15.5664958954 50.944229126 48.1378440857
    endloop
  endfacet
  facet normal -0.000333519012202 0.278301894665 -0.96049362421
    outer loop
      vertex -15.5664958954 51.1487960815 47.4318275452
      vertex -16.1832847595 50.9440193176 48.1378288269
      vertex -15.5664958954 50.944229126 48.1378440857
    endloop
  endfacet
  facet normal -0.00137149041984 0.27746501565 -0.960734784603
    outer loop
      vertex -15.5664958954 51.1487960815 47.4318275452
      vertex -16.1832847595 51.14793396 47.43176651
      vertex -16.1832847595 50.9440193176 48.1378288269
    endloop
  endfacet
  facet normal -0.00135069701355 0.336451262236 -0.941699922085
    outer loop
      vertex -15.5666751862 51.3925361633 46.7496109009
      vertex -16.1832847595 51.14793396 47.43176651
      vertex -15.5664958954 51.1487960815 47.4318275452
    endloop
  endfacet
  facet normal -0.00232562678866 0.335669368505 -0.941977024078
    outer loop
      vertex -15.5666751862 51.3925361633 46.7496109009
      vertex -16.1832847595 51.3910140991 46.7496109009
      vertex -16.1832847595 51.14793396 47.43176651
    endloop
  endfacet
  facet normal -0.00226906291209 0.394096553326 -0.919066250324
    outer loop
      vertex -15.5666751862 51.6836090088 46.0708122253
      vertex -16.1832847595 51.3910140991 46.7496109009
      vertex -15.5666751862 51.3925361633 46.7496109009
    endloop
  endfacet
  facet normal -0.00431514065713 0.392524629831 -0.919731378555
    outer loop
      vertex -15.5666751862 51.6836090088 46.0708122253
      vertex -16.1832847595 51.6807479858 46.0707359314
      vertex -16.1832847595 51.3910140991 46.7496109009
    endloop
  endfacet
  facet normal -0.00419605197385 0.451014578342 -0.892506718636
    outer loop
      vertex -15.5666751862 52.0248527527 45.3955230713
      vertex -16.1832847595 51.6807479858 46.0707359314
      vertex -15.5666751862 51.6836090088 46.0708122253
    endloop
  endfacet
  facet normal -0.00704916892573 0.448934167624 -0.893537044525
    outer loop
      vertex -15.5666751862 52.0248527527 45.3955230713
      vertex -16.1834049225 52.0201530457 45.3951950073
      vertex -16.1832847595 51.6807479858 46.0707359314
    endloop
  endfacet
  facet normal -0.00683715939522 0.507534086704 -0.861604571342
    outer loop
      vertex -15.5666751862 52.4203948975 44.7240447998
      vertex -16.1834049225 52.0201530457 45.3951950073
      vertex -15.5666751862 52.0248527527 45.3955230713
    endloop
  endfacet
  facet normal -0.00992197357118 0.505421519279 -0.862815499306
    outer loop
      vertex -15.5666751862 52.4203948975 44.7240447998
      vertex -16.1834049225 52.4135818481 44.7235679626
      vertex -16.1834049225 52.0201530457 45.3951950073
    endloop
  endfacet
  facet normal -0.00960488151759 0.556919932365 -0.830510675907
    outer loop
      vertex -15.5666751862 52.7589569092 44.2191619873
      vertex -16.1834049225 52.4135818481 44.7235679626
      vertex -15.5666751862 52.4203948975 44.7240447998
    endloop
  endfacet
  facet normal -0.0124658495188 0.554502427578 -0.832088768482
    outer loop
      vertex -15.5666751862 52.7589569092 44.2191619873
      vertex -16.1834049225 52.750125885 44.2185440063
      vertex -16.1834049225 52.4135818481 44.7235679626
    endloop
  endfacet
  facet normal -0.0120625132695 0.598794937134 -0.80081152916
    outer loop
      vertex -15.566734314 53.1346321106 43.7167396545
      vertex -16.1834049225 52.750125885 44.2185440063
      vertex -15.5666751862 52.7589569092 44.2191619873
    endloop
  endfacet
  facet normal 0.053911395371 0.653664171696 -0.754862010479
    outer loop
      vertex -16.799955368 56.4524040222 40.4812850952
      vertex -16.1836414337 56.9143791199 39.8969612122
      vertex -16.799955368 56.7228965759 40.1689186096
    endloop
  endfacet
  facet normal 0.0954072698951 0.639436662197 -0.762901186943
    outer loop
      vertex -15.5668535233 56.8415145874 39.8918647766
      vertex -16.1836414337 56.9143791199 39.8969612122
      vertex -16.1836414337 56.4254074097 40.4803466797
    endloop
  endfacet
  facet normal -0.0150915076956 0.596400797367 -0.802544951439
    outer loop
      vertex -15.566734314 53.1346321106 43.7167396545
      vertex -16.1835823059 53.1236076355 43.7159690857
      vertex -16.1834049225 52.750125885 44.2185440063
    endloop
  endfacet
  facet normal 0.0345334000885 0.641983807087 -0.765940129757
    outer loop
      vertex -16.799955368 56.4524040222 40.4812850952
      vertex -16.1836414337 56.4254074097 40.4803466797
      vertex -16.1836414337 56.9143791199 39.8969612122
    endloop
  endfacet
  facet normal 0.0979204103351 0.640947759151 -0.761313080788
    outer loop
      vertex -15.5668535233 56.8415145874 39.8918647766
      vertex -16.1836414337 56.4254074097 40.4803466797
      vertex -15.5668535233 56.3504829407 40.4751091003
    endloop
  endfacet
  facet normal -0.0145283639431 0.640318512917 -0.767972111702
    outer loop
      vertex -15.566734314 53.5511627197 43.21717453
      vertex -16.1835823059 53.1236076355 43.7159690857
      vertex -15.566734314 53.1346321106 43.7167396545
    endloop
  endfacet
  facet normal 0.0326859727502 0.6910572052 -0.722060680389
    outer loop
      vertex -16.799955368 56.0676116943 40.8833427429
      vertex -16.1836414337 56.4254074097 40.4803466797
      vertex -16.799955368 56.4524040222 40.4812850952
    endloop
  endfacet
  facet normal 0.0931417047977 0.689155101776 -0.718602716923
    outer loop
      vertex -15.5668535233 56.3504829407 40.4751091003
      vertex -16.1836414337 56.4254074097 40.4803466797
      vertex -16.1835823059 56.0552101135 40.866355896
    endloop
  endfacet
  facet normal -0.017107276246 0.638430058956 -0.769489705563
    outer loop
      vertex -15.566734314 53.5511627197 43.21717453
      vertex -16.1835823059 53.5382003784 43.2162666321
      vertex -16.1835823059 53.1236076355 43.7159690857
    endloop
  endfacet
  facet normal 0.0335825905204 0.691778421402 -0.721328556538
    outer loop
      vertex -16.799955368 56.0676116943 40.8833427429
      vertex -16.1835823059 56.0552101135 40.866355896
      vertex -16.1836414337 56.4254074097 40.4803466797
    endloop
  endfacet
  facet normal 0.0900350213051 0.686482727528 -0.721550524235
    outer loop
      vertex -15.5668535233 56.3504829407 40.4751091003
      vertex -16.1835823059 56.0552101135 40.866355896
      vertex -15.5668535233 55.9830551147 40.8613090515
    endloop
  endfacet
  facet normal -0.0164065733552 0.679753124714 -0.73325741291
    outer loop
      vertex -15.566734314 54.0113182068 42.7207946777
      vertex -16.1835823059 53.5382003784 43.2162666321
      vertex -15.566734314 53.5511627197 43.21717453
    endloop
  endfacet
  facet normal 0.0338221602142 0.724409341812 -0.688539922237
    outer loop
      vertex -16.799955368 55.7961120605 41.1414031982
      vertex -16.1835823059 56.0552101135 40.866355896
      vertex -16.799955368 56.0676116943 40.8833427429
    endloop
  endfacet
  facet normal 0.0856329277158 0.727185189724 -0.681079030037
    outer loop
      vertex -15.5668535233 55.9830551147 40.8613090515
      vertex -16.1835823059 56.0552101135 40.866355896
      vertex -16.1835823059 55.6458778381 41.2497329712
    endloop
  endfacet
  facet normal -0.0158729907125 0.680111408234 -0.732936918736
    outer loop
      vertex -15.566734314 54.0113182068 42.7207946777
      vertex -16.1835823059 53.9987754822 42.7199172974
      vertex -16.1835823059 53.5382003784 43.2162666321
    endloop
  endfacet
  facet normal 0.0383097939193 0.729330420494 -0.683088243008
    outer loop
      vertex -16.1835823059 56.0552101135 40.866355896
      vertex -16.799955368 55.7961120605 41.1414031982
      vertex -16.1835823059 55.6458778381 41.2497329712
    endloop
  endfacet
  facet normal 0.0721759051085 0.716710090637 -0.69362616539
    outer loop
      vertex -15.5668535233 55.9830551147 40.8613090515
      vertex -16.1835823059 55.6458778381 41.2497329712
      vertex -15.5668535233 55.5861320496 41.2454452515
    endloop
  endfacet
  facet normal -0.0153248216957 0.710151910782 -0.703881680965
    outer loop
      vertex -15.566734314 54.3803405762 42.3550338745
      vertex -16.1835823059 53.9987754822 42.7199172974
      vertex -15.566734314 54.0113182068 42.7207946777
    endloop
  endfacet
  facet normal 0.0222526844591 0.765374839306 -0.643199920654
    outer loop
      vertex -16.799955368 55.2137413025 41.6308097839
      vertex -16.1835823059 55.6458778381 41.2497329712
      vertex -16.799955368 55.7961120605 41.1414031982
    endloop
  endfacet
  facet normal 0.0679614692926 0.759404480457 -0.647059559822
    outer loop
      vertex -15.5668535233 55.5861320496 41.2454452515
      vertex -16.1835823059 55.6458778381 41.2497329712
      vertex -16.1835823059 54.9877738953 41.8104782104
    endloop
  endfacet
  facet normal -0.00930870417506 0.715136647224 -0.698922634125
    outer loop
      vertex -15.566734314 54.3803405762 42.3550338745
      vertex -16.1835823059 54.3726730347 42.3544998169
      vertex -16.1835823059 53.9987754822 42.7199172974
    endloop
  endfacet
  facet normal 0.0158901344985 0.761068224907 -0.648477196693
    outer loop
      vertex -16.799955368 55.2137413025 41.6308097839
      vertex -16.1835823059 54.9877738953 41.8104782104
      vertex -16.1835823059 55.6458778381 41.2497329712
    endloop
  endfacet
  facet normal -0.0207269564271 0.697902500629 -0.715892791748
    outer loop
      vertex -16.799955368 53.7522621155 42.9725952148
      vertex -16.1835823059 54.3726730347 42.3544998169
      vertex -16.799955368 54.2089538574 42.5041313171
    endloop
  endfacet
  facet normal 0.0218332279474 0.738027274609 -0.674417555332
    outer loop
      vertex -15.5668535233 55.5861320496 41.2454452515
      vertex -16.1835823059 54.9877738953 41.8104782104
      vertex -15.5668535233 54.9692306519 41.8091812134
    endloop
  endfacet
  facet normal -0.00908649805933 0.733367264271 -0.679771900177
    outer loop
      vertex -15.5668535233 54.9692306519 41.8091812134
      vertex -16.1835823059 54.3726730347 42.3544998169
      vertex -15.566734314 54.3803405762 42.3550338745
    endloop
  endfacet
  facet normal 0.0116034559906 0.767020821571 -0.641517281532
    outer loop
      vertex -16.799955368 55.2137413025 41.6308097839
      vertex -16.799955368 54.5295257568 42.2030677795
      vertex -16.1835823059 54.9877738953 41.8104782104
    endloop
  endfacet
  facet normal -0.00487361615524 0.728932678699 -0.684568047523
    outer loop
      vertex -16.799955368 54.2089538574 42.5041313171
      vertex -16.1835823059 54.3726730347 42.3544998169
      vertex -16.799955368 54.5295257568 42.2030677795
    endloop
  endfacet
  facet normal 0.0214930791408 0.748888969421 -0.662346839905
    outer loop
      vertex -15.5668535233 54.9692306519 41.8091812134
      vertex -16.1835823059 54.9877738953 41.8104782104
      vertex -16.1835823059 54.3726730347 42.3544998169
    endloop
  endfacet
  facet normal -0.0154331177473 0.748972773552 -0.662420988083
    outer loop
      vertex -16.799955368 54.5295257568 42.2030677795
      vertex -16.1835823059 54.3726730347 42.3544998169
      vertex -16.1835823059 54.9877738953 41.8104782104
    endloop
  endfacet
  facet normal 0.1280246526 -0.455478906631 -0.880993008614
    outer loop
      vertex -12.06919384 55.0315628052 26.2203369141
      vertex -11.5707206726 54.9564094543 26.2150802612
      vertex -11.5707206726 54.6788825989 25.6782836914
    endloop
  endfacet
  facet normal 0.125543132424 -0.483182430267 -0.866471946239
    outer loop
      vertex -12.06919384 55.2350921631 26.585319519
      vertex -11.5707206726 54.9564094543 26.2150802612
      vertex -12.06919384 55.0315628052 26.2203369141
    endloop
  endfacet
  facet normal 0.146084934473 -0.461834579706 -0.874853134155
    outer loop
      vertex -12.06919384 55.2350921631 26.585319519
      vertex -11.5707206726 55.1486663818 26.5792770386
      vertex -11.5707206726 54.9564094543 26.2150802612
    endloop
  endfacet
  facet normal 0.143736124039 -0.484517604113 -0.86289203167
    outer loop
      vertex -12.06919384 55.8695335388 27.7152137756
      vertex -11.5707206726 55.1486663818 26.5792770386
      vertex -12.06919384 55.2350921631 26.585319519
    endloop
  endfacet
  facet normal 0.205462753773 -0.458519011736 -0.864607036114
    outer loop
      vertex -12.06919384 55.8695335388 27.7152137756
      vertex -11.5707206726 55.7465171814 27.7066116333
      vertex -11.5707206726 55.1486663818 26.5792770386
    endloop
  endfacet
  facet normal 0.204576402903 -0.464804917574 -0.861455082893
    outer loop
      vertex -12.06919384 56.3022193909 28.5171394348
      vertex -11.5707206726 55.7465171814 27.7066116333
      vertex -12.06919384 55.8695335388 27.7152137756
    endloop
  endfacet
  facet normal 0.246628329158 -0.440238684416 -0.863344848156
    outer loop
      vertex -12.06919384 56.3022193909 28.5171394348
      vertex -11.5706014633 56.1545219421 28.5068130493
      vertex -11.5707206726 55.7465171814 27.7066116333
    endloop
  endfacet
  facet normal 0.247936651111 -0.431891232729 -0.867177844048
    outer loop
      vertex -12.0691347122 56.6787986755 29.2732925415
      vertex -11.5706014633 56.1545219421 28.5068130493
      vertex -12.06919384 56.3022193909 28.5171394348
    endloop
  endfacet
  facet normal 0.281761258841 -0.410070568323 -0.867440342903
    outer loop
      vertex -12.0691347122 56.6787986755 29.2732925415
      vertex -11.5706014633 56.5113296509 29.2615814209
      vertex -11.5706014633 56.1545219421 28.5068130493
    endloop
  endfacet
  facet normal 0.285334616899 -0.387697100639 -0.876513063908
    outer loop
      vertex -12.0691347122 57.0119132996 30.0264053345
      vertex -11.5706014633 56.5113296509 29.2615814209
      vertex -12.0691347122 56.6787986755 29.2732925415
    endloop
  endfacet
  facet normal 0.312446713448 -0.369200140238 -0.875253260136
    outer loop
      vertex -12.0691347122 57.0119132996 30.0264053345
      vertex -11.5706014633 56.828540802 30.013584137
      vertex -11.5706014633 56.5113296509 29.2615814209
    endloop
  endfacet
  facet normal 0.316788434982 -0.34098508954 -0.885084331036
    outer loop
      vertex -12.0691347122 57.2209510803 30.5689964294
      vertex -11.5706014633 56.828540802 30.013584137
      vertex -12.0691347122 57.0119132996 30.0264053345
    endloop
  endfacet
  facet normal 0.332182347775 -0.326927691698 -0.88474470377
    outer loop
      vertex -12.0691347122 57.2209510803 30.5689964294
      vertex -11.5706014633 57.0288085938 30.5555610657
      vertex -11.5706014633 56.828540802 30.013584137
    endloop
  endfacet
  facet normal 0.336287200451 -0.297989666462 -0.893371760845
    outer loop
      vertex -12.0691347122 57.4012184143 31.1094360352
      vertex -11.5706014633 57.0288085938 30.5555610657
      vertex -12.0691347122 57.2209510803 30.5689964294
    endloop
  endfacet
  facet normal 0.348122626543 -0.286759495735 -0.892513096333
    outer loop
      vertex -12.0691347122 57.4012184143 31.1094360352
      vertex -11.5706014633 57.2022972107 31.0955276489
      vertex -11.5706014633 57.0288085938 30.5555610657
    endloop
  endfacet
  facet normal 0.352617889643 -0.251566410065 -0.901318430901
    outer loop
      vertex -12.0691347122 57.5515098572 31.6479034424
      vertex -11.5706014633 57.2022972107 31.0955276489
      vertex -12.0691347122 57.4012184143 31.1094360352
    endloop
  endfacet
  facet normal 0.361574441195 -0.2427649647 -0.900182843208
    outer loop
      vertex -12.0691347122 57.5515098572 31.6479034424
      vertex -11.5706014633 57.3474159241 31.6336326599
      vertex -11.5706014633 57.2022972107 31.0955276489
    endloop
  endfacet
  facet normal 0.36600753665 -0.202898621559 -0.908223867416
    outer loop
      vertex -12.0691347122 57.6713066101 32.1841468811
      vertex -11.5706014633 57.3474159241 31.6336326599
      vertex -12.0691347122 57.5515098572 31.6479034424
    endloop
  endfacet
  facet normal 0.372484326363 -0.196332737803 -0.907033026218
    outer loop
      vertex -12.0691347122 57.6713066101 32.1841468811
      vertex -11.5705413818 57.4634056091 32.1696090698
      vertex -11.5706014633 57.3474159241 31.6336326599
    endloop
  endfacet
  facet normal 0.376911312342 -0.148339316249 -0.914293885231
    outer loop
      vertex -12.0689554214 57.7729377747 32.8110046387
      vertex -11.5705413818 57.4634056091 32.1696090698
      vertex -12.0691347122 57.6713066101 32.1841468811
    endloop
  endfacet
  facet normal 0.382238268852 -0.143504455686 -0.912852883339
    outer loop
      vertex -12.0689554214 57.7729377747 32.8110046387
      vertex -11.5705413818 57.5619163513 32.7962493896
      vertex -11.5705413818 57.4634056091 32.1696090698
    endloop
  endfacet
  facet normal 0.386197090149 -0.0873150080442 -0.918274402618
    outer loop
      vertex -12.0689554214 57.8322601318 33.4349021912
      vertex -11.5705413818 57.5619163513 32.7962493896
      vertex -12.0689554214 57.7729377747 32.8110046387
    endloop
  endfacet
  facet normal 0.389514684677 -0.0842535272241 -0.917158484459
    outer loop
      vertex -12.0689554214 57.8322601318 33.4349021912
      vertex -11.5705413818 57.6192169189 33.4200057983
      vertex -11.5705413818 57.5619163513 32.7962493896
    endloop
  endfacet
  facet normal 0.392263054848 -0.0256991107017 -0.91949403286
    outer loop
      vertex -12.0689554214 57.8496131897 34.0557289124
      vertex -11.5705413818 57.6192169189 33.4200057983
      vertex -12.0689554214 57.8322601318 33.4349021912
    endloop
  endfacet
  facet normal 0.393758058548 -0.0243090614676 -0.918892621994
    outer loop
      vertex -12.0689554214 57.8496131897 34.0557289124
      vertex -11.5703630447 57.6355628967 34.0407600403
      vertex -11.5705413818 57.6192169189 33.4200057983
    endloop
  endfacet
  facet normal 0.395150303841 0.0362397879362 -0.917901337147
    outer loop
      vertex -12.0688371658 57.8251609802 34.6737670898
      vertex -11.5703630447 57.6355628967 34.0407600403
      vertex -12.0689554214 57.8496131897 34.0557289124
    endloop
  endfacet
  facet normal 0.395566672087 0.0366259813309 -0.917706668377
    outer loop
      vertex -12.0688371658 57.8251609802 34.6737670898
      vertex -11.5703630447 57.6108970642 34.6587867737
      vertex -11.5703630447 57.6355628967 34.0407600403
    endloop
  endfacet
  facet normal 0.395515590906 0.0957626625896 -0.913453280926
    outer loop
      vertex -12.0688371658 57.7655944824 35.2419471741
      vertex -11.5703630447 57.6108970642 34.6587867737
      vertex -12.0688371658 57.8251609802 34.6737670898
    endloop
  endfacet
  facet normal -0.00070666935062 0.22409157455 -0.974567830563
    outer loop
      vertex -12.0684194565 50.95262146 48.13829422
      vertex -12.5668935776 50.7892532349 48.8471908569
      vertex -12.0682401657 50.7896118164 48.8472175598
    endloop
  endfacet
  facet normal 4.91018977648e-17 0.22346355021 -0.974712312222
    outer loop
      vertex -11.5698270798 50.9521484375 48.1382598877
      vertex -12.0682401657 50.7896118164 48.8472175598
      vertex -11.5698270798 50.7896118164 48.8472175598
    endloop
  endfacet
  facet normal 0.395193248987 0.0954411774874 -0.913626432419
    outer loop
      vertex -12.0688371658 57.7655944824 35.2419471741
      vertex -11.5703630447 57.5515403748 35.2269821167
      vertex -11.5703630447 57.6108970642 34.6587867737
    endloop
  endfacet
  facet normal -0.000712722656317 0.224087536335 -0.974568784237
    outer loop
      vertex -12.0684194565 50.95262146 48.13829422
      vertex -12.5668935776 50.9522628784 48.1382675171
      vertex -12.5668935776 50.7892532349 48.8471908569
    endloop
  endfacet
  facet normal 0.000939823279623 0.224091127515 -0.974567711353
    outer loop
      vertex -11.5698270798 50.9521484375 48.1382598877
      vertex -12.0684194565 50.95262146 48.13829422
      vertex -12.0682401657 50.7896118164 48.8472175598
    endloop
  endfacet
  facet normal 0.393812954426 0.152798503637 -0.906401634216
    outer loop
      vertex -12.0688371658 57.6702308655 35.8076438904
      vertex -11.5703630447 57.5515403748 35.2269821167
      vertex -12.0688371658 57.7655944824 35.2419471741
    endloop
  endfacet
  facet normal -0.000704444013536 0.284240573645 -0.95875275135
    outer loop
      vertex -12.0684194565 51.1618614197 47.432510376
      vertex -12.5668935776 50.9522628784 48.1382675171
      vertex -12.0684194565 50.95262146 48.13829422
    endloop
  endfacet
  facet normal 0.000929183734115 0.282528579235 -0.959258437157
    outer loop
      vertex -11.5698270798 51.1600456238 47.432384491
      vertex -12.0684194565 50.95262146 48.13829422
      vertex -11.5698270798 50.9521484375 48.1382598877
    endloop
  endfacet
  facet normal 0.392389863729 0.151402875781 -0.907252669334
    outer loop
      vertex -12.0688371658 57.6702308655 35.8076438904
      vertex -11.5703630447 57.4571266174 35.7927436829
      vertex -11.5703630447 57.5515403748 35.2269821167
    endloop
  endfacet
  facet normal 0.000212129263673 0.284835547209 -0.958576381207
    outer loop
      vertex -12.0684194565 51.1618614197 47.432510376
      vertex -12.5668935776 51.161945343 47.4326095581
      vertex -12.5668935776 50.9522628784 48.1382675171
    endloop
  endfacet
  facet normal 0.00356336892582 0.284238815308 -0.958746910095
    outer loop
      vertex -11.5698270798 51.1600456238 47.432384491
      vertex -12.0684194565 51.1618614197 47.432510376
      vertex -12.0684194565 50.95262146 48.13829422
    endloop
  endfacet
  facet normal 0.389699101448 0.208888217807 -0.896939396858
    outer loop
      vertex -12.0688371658 57.5390739441 36.3708190918
      vertex -11.5703630447 57.4571266174 35.7927436829
      vertex -12.0688371658 57.6702308655 35.8076438904
    endloop
  endfacet
  facet normal 0.000220184214413 0.34173476696 -0.939796388149
    outer loop
      vertex -12.0684194565 51.4097900391 46.7506942749
      vertex -12.5668935776 51.161945343 47.4326095581
      vertex -12.0684194565 51.1618614197 47.432510376
    endloop
  endfacet
  facet normal 0.00351170985959 0.339099138975 -0.940744102001
    outer loop
      vertex -11.5698862076 51.4058647156 46.7504234314
      vertex -12.0684194565 51.1618614197 47.432510376
      vertex -11.5698270798 51.1600456238 47.432384491
    endloop
  endfacet
  facet normal 0.387210071087 0.206511318684 -0.898566305637
    outer loop
      vertex -12.0688371658 57.5390739441 36.3708190918
      vertex -11.5703630447 57.3276672363 36.3560371399
      vertex -11.5703630447 57.4571266174 35.7927436829
    endloop
  endfacet
  facet normal 0.00288525992073 0.343453526497 -0.939165234566
    outer loop
      vertex -12.0684194565 51.4097900391 46.7506942749
      vertex -12.5670118332 51.411239624 46.750919342
      vertex -12.5668935776 51.161945343 47.4326095581
    endloop
  endfacet
  facet normal 0.00758135505021 0.341724961996 -0.93976944685
    outer loop
      vertex -11.5698862076 51.4058647156 46.7504234314
      vertex -12.0684194565 51.4097900391 46.7506942749
      vertex -12.0684194565 51.1618614197 47.432510376
    endloop
  endfacet
  facet normal 0.38321647048 0.263985306025 -0.885131001472
    outer loop
      vertex -12.0688371658 57.3718566895 36.9314918518
      vertex -11.5703630447 57.3276672363 36.3560371399
      vertex -12.0688371658 57.5390739441 36.3708190918
    endloop
  endfacet
  facet normal 0.00284795206971 0.396228969097 -0.918147325516
    outer loop
      vertex -12.0684785843 51.702671051 46.0720214844
      vertex -12.5670118332 51.411239624 46.750919342
      vertex -12.0684194565 51.4097900391 46.7506942749
    endloop
  endfacet
  facet normal 0.00745416991413 0.39152020216 -0.920139312744
    outer loop
      vertex -11.5698862076 51.6947593689 46.071472168
      vertex -12.0684194565 51.4097900391 46.7506942749
      vertex -11.5698862076 51.4058647156 46.7504234314
    endloop
  endfacet
  facet normal 0.37926864624 0.260352730751 -0.887903034687
    outer loop
      vertex -12.0688371658 57.3718566895 36.9314918518
      vertex -11.5703630447 57.1632118225 36.9169006348
      vertex -11.5703630447 57.3276672363 36.3560371399
    endloop
  endfacet
  facet normal 0.0077142380178 0.399231642485 -0.9168176651
    outer loop
      vertex -12.0684785843 51.702671051 46.0720214844
      vertex -12.5670118332 51.706741333 46.0723075867
      vertex -12.5670118332 51.411239624 46.750919342
    endloop
  endfacet
  facet normal 0.0150052504614 0.396185070276 -0.918048024178
    outer loop
      vertex -11.5698862076 51.6947593689 46.071472168
      vertex -12.0684785843 51.702671051 46.0720214844
      vertex -12.0684194565 51.4097900391 46.7506942749
    endloop
  endfacet
  facet normal 0.374045848846 0.31729605794 -0.871443033218
    outer loop
      vertex -12.0688371658 57.168636322 37.4896278381
      vertex -11.5703630447 57.1632118225 36.9169006348
      vertex -12.0688371658 57.3718566895 36.9314918518
    endloop
  endfacet
  facet normal 0.00755982846022 0.446886628866 -0.894558668137
    outer loop
      vertex -12.0684785843 52.040145874 45.396484375
      vertex -12.5670118332 51.706741333 46.0723075867
      vertex -12.0684785843 51.702671051 46.0720214844
    endloop
  endfacet
  facet normal 0.0147316465154 0.440297931433 -0.897730886936
    outer loop
      vertex -11.5700054169 52.0262870789 45.3955154419
      vertex -12.0684785843 51.702671051 46.0720214844
      vertex -11.5698862076 51.6947593689 46.071472168
    endloop
  endfacet
  facet normal 0.368689984083 0.312596946955 -0.875414669514
    outer loop
      vertex -12.0688371658 57.168636322 37.4896278381
      vertex -11.5702438354 56.9638061523 37.4751815796
      vertex -11.5703630447 57.1632118225 36.9169006348
    endloop
  endfacet
  facet normal 0.0160293709487 0.451847910881 -0.891950964928
    outer loop
      vertex -12.0684785843 52.040145874 45.396484375
      vertex -12.5670118332 52.0487976074 45.3970909119
      vertex -12.5670118332 51.706741333 46.0723075867
    endloop
  endfacet
  facet normal 0.0257252417505 0.446751505136 -0.894288182259
    outer loop
      vertex -11.5700054169 52.0262870789 45.3955154419
      vertex -12.0684785843 52.040145874 45.396484375
      vertex -12.0684785843 51.702671051 46.0720214844
    endloop
  endfacet
  facet normal 0.362375617027 0.368468761444 -0.856104373932
    outer loop
      vertex -12.0687770844 56.9294700623 38.045249939
      vertex -11.5702438354 56.9638061523 37.4751815796
      vertex -12.0688371658 57.168636322 37.4896278381
    endloop
  endfacet
  facet normal 0.0156968683004 0.492954134941 -0.869913697243
    outer loop
      vertex -12.0684785843 52.4212341309 44.72397995
      vertex -12.5670118332 52.0487976074 45.3970909119
      vertex -12.0684785843 52.040145874 45.396484375
    endloop
  endfacet
  facet normal 0.0252551864833 0.483858078718 -0.874781966209
    outer loop
      vertex -11.5700054169 52.398601532 44.7223968506
      vertex -12.0684785843 52.040145874 45.396484375
      vertex -11.5700054169 52.0262870789 45.3955154419
    endloop
  endfacet
  facet normal 0.3549477458 0.362317413092 -0.861822605133
    outer loop
      vertex -12.0687770844 56.9294700623 38.045249939
      vertex -11.5702438354 56.730052948 38.0312004089
      vertex -11.5702438354 56.9638061523 37.4751815796
    endloop
  endfacet
  facet normal 0.0292088091373 0.500407338142 -0.8652972579
    outer loop
      vertex -12.0684785843 52.4212341309 44.72397995
      vertex -12.5670118332 52.4374084473 44.725112915
      vertex -12.5670118332 52.0487976074 45.3970909119
    endloop
  endfacet
  facet normal 0.0410271883011 0.492599785328 -0.86928832531
    outer loop
      vertex -11.5700054169 52.398601532 44.7223968506
      vertex -12.0684785843 52.4212341309 44.72397995
      vertex -12.0684785843 52.040145874 45.396484375
    endloop
  endfacet
  facet normal 0.347479403019 0.418319582939 -0.839206039906
    outer loop
      vertex -12.0687770844 56.6320457458 38.6419258118
      vertex -11.5702438354 56.730052948 38.0312004089
      vertex -12.0687770844 56.9294700623 38.045249939
    endloop
  endfacet
  facet normal 0.0287220086902 0.528717339039 -0.848311901093
    outer loop
      vertex -12.0684785843 52.7369728088 44.2173805237
      vertex -12.5670118332 52.4374084473 44.725112915
      vertex -12.0684785843 52.4212341309 44.72397995
    endloop
  endfacet
  facet normal 0.0404598712921 0.516893446445 -0.855093061924
    outer loop
      vertex -11.5700054169 52.7052230835 44.2151603699
      vertex -12.0684785843 52.4212341309 44.72397995
      vertex -11.5700054169 52.398601532 44.7223968506
    endloop
  endfacet
  facet normal 0.336478948593 0.410659968853 -0.847431600094
    outer loop
      vertex -12.0687770844 56.6320457458 38.6419258118
      vertex -11.5702438354 56.4405860901 38.6285362244
      vertex -11.5702438354 56.730052948 38.0312004089
    endloop
  endfacet
  facet normal 0.0425183959305 0.538336992264 -0.841656386852
    outer loop
      vertex -12.0684785843 52.7369728088 44.2173805237
      vertex -12.5670118332 52.7610168457 44.2191696167
      vertex -12.5670118332 52.4374084473 44.725112915
    endloop
  endfacet
  facet normal 0.0563262403011 0.528095781803 -0.847314715385
    outer loop
      vertex -11.5700054169 52.7052230835 44.2151603699
      vertex -12.0684785843 52.7369728088 44.2173805237
      vertex -12.0684785843 52.4212341309 44.72397995
    endloop
  endfacet
  facet normal 0.328086256981 0.465998321772 -0.82170855999
    outer loop
      vertex -12.0687770844 56.2951622009 39.2359619141
      vertex -11.5702438354 56.4405860901 38.6285362244
      vertex -12.0687770844 56.6320457458 38.6419258118
    endloop
  endfacet
  facet normal 0.0420661754906 0.554574251175 -0.831070303917
    outer loop
      vertex -12.0684785843 53.0739631653 43.7123756409
      vertex -12.5670118332 52.7610168457 44.2191696167
      vertex -12.0684785843 52.7369728088 44.2173805237
    endloop
  endfacet
  facet normal 0.0558678545058 0.540910542011 -0.839222609997
    outer loop
      vertex -11.5700054169 53.031211853 43.7093849182
      vertex -12.0684785843 52.7369728088 44.2173805237
      vertex -11.5700054169 52.7052230835 44.2151603699
    endloop
  endfacet
  facet normal 0.313103854656 0.45637601614 -0.832878708839
    outer loop
      vertex -12.0687770844 56.2951622009 39.2359619141
      vertex -11.5701828003 56.1146430969 39.2233390808
      vertex -11.5702438354 56.4405860901 38.6285362244
    endloop
  endfacet
  facet normal 0.0597988590598 0.56639367342 -0.821962475777
    outer loop
      vertex -12.0684785843 53.0739631653 43.7123756409
      vertex -12.5670719147 53.1085700989 43.7147941589
      vertex -12.5670118332 52.7610168457 44.2191696167
    endloop
  endfacet
  facet normal 0.074463494122 0.553524553776 -0.829497277737
    outer loop
      vertex -11.5700054169 53.031211853 43.7093849182
      vertex -12.0684785843 53.0739631653 43.7123756409
      vertex -12.0684785843 52.7369728088 44.2173805237
    endloop
  endfacet
  facet normal 0.304607629776 0.507814824581 -0.805815279484
    outer loop
      vertex -12.0687770844 55.9223976135 39.8274765015
      vertex -11.5701828003 56.1146430969 39.2233390808
      vertex -12.0687770844 56.2951622009 39.2359619141
    endloop
  endfacet
  facet normal 0.0593938045204 0.575738728046 -0.815473675728
    outer loop
      vertex -12.0684785843 53.4296607971 43.208568573
      vertex -12.5670719147 53.1085700989 43.7147941589
      vertex -12.0684785843 53.0739631653 43.7123756409
    endloop
  endfacet
  facet normal 0.0741366669536 0.559893846512 -0.825240969658
    outer loop
      vertex -11.5700054169 53.3736534119 43.2046546936
      vertex -12.0684785843 53.0739631653 43.7123756409
      vertex -11.5700054169 53.031211853 43.7093849182
    endloop
  endfacet
  facet normal 0.285728424788 0.496617555618 -0.819591522217
    outer loop
      vertex -12.0687770844 55.9223976135 39.8274765015
      vertex -11.5701828003 55.7556419373 39.8158149719
      vertex -11.5701828003 56.1146430969 39.2233390808
    endloop
  endfacet
  facet normal 0.0805313810706 0.589239060879 -0.803935348988
    outer loop
      vertex -12.0684785843 53.4296607971 43.208568573
      vertex -12.5670719147 53.4771728516 43.2118911743
      vertex -12.5670719147 53.1085700989 43.7147941589
    endloop
  endfacet
  facet normal 0.0958742126822 0.574100077152 -0.81315267086
    outer loop
      vertex -11.5700054169 53.3736534119 43.2046546936
      vertex -12.0684785843 53.4296607971 43.208568573
      vertex -12.0684785843 53.0739631653 43.7123756409
    endloop
  endfacet
  facet normal 0.277756273746 0.542925000191 -0.79251742363
    outer loop
      vertex -12.0687770844 55.5186576843 40.4168205261
      vertex -11.5701828003 55.7556419373 39.8158149719
      vertex -12.0687770844 55.9223976135 39.8274765015
    endloop
  endfacet
  facet normal 0.0804187580943 0.591034173965 -0.802627801895
    outer loop
      vertex -12.0685987473 53.7999343872 42.7057533264
      vertex -12.5670719147 53.4771728516 43.2118911743
      vertex -12.0684785843 53.4296607971 43.208568573
    endloop
  endfacet
  facet normal 0.0959375053644 0.573201656342 -0.813778758049
    outer loop
      vertex -11.5700054169 53.7285804749 42.7007637024
      vertex -12.0684785843 53.4296607971 43.208568573
      vertex -11.5700054169 53.3736534119 43.2046546936
    endloop
  endfacet
  facet normal 0.10480401665 0.606040418148 -0.788499295712
    outer loop
      vertex -12.0685987473 53.7999343872 42.7057533264
      vertex -12.5670719147 53.8628082275 42.7101516724
      vertex -12.5670719147 53.4771728516 43.2118911743
    endloop
  endfacet
  facet normal 0.254516750574 0.530084073544 -0.808846175671
    outer loop
      vertex -12.0687770844 55.5186576843 40.4168205261
      vertex -11.5701828003 55.3686408997 40.4063339233
      vertex -11.5701828003 55.7556419373 39.8158149719
    endloop
  endfacet
  facet normal 0.120294094086 0.588642597198 -0.799393057823
    outer loop
      vertex -11.5700054169 53.7285804749 42.7007637024
      vertex -12.0685987473 53.7999343872 42.7057533264
      vertex -12.0684785843 53.4296607971 43.208568573
    endloop
  endfacet
  facet normal 0.105167403817 0.601822555065 -0.79167509079
    outer loop
      vertex -12.0685987473 54.5062904358 41.7765655518
      vertex -12.5670719147 53.8628082275 42.7101516724
      vertex -12.0685987473 53.7999343872 42.7057533264
    endloop
  endfacet
  facet normal 0.247175440192 0.572919785976 -0.781452000141
    outer loop
      vertex -12.0687770844 54.944152832 41.2004318237
      vertex -11.5701828003 55.3686408997 40.4063339233
      vertex -12.0687770844 55.5186576843 40.4168205261
    endloop
  endfacet
  facet normal 0.157287940383 0.616006553173 -0.771878540516
    outer loop
      vertex -12.0685987473 54.5062904358 41.7765655518
      vertex -12.5672502518 54.6024284363 41.7834243774
      vertex -12.5670719147 53.8628082275 42.7101516724
    endloop
  endfacet
  facet normal 0.119132339954 0.600868701935 -0.790420293808
    outer loop
      vertex -12.0685987473 54.5062904358 41.7765655518
      vertex -12.0685987473 53.7999343872 42.7057533264
      vertex -11.5700054169 53.7285804749 42.7007637024
    endloop
  endfacet
  facet normal 0.198079168797 0.555909395218 -0.807297587395
    outer loop
      vertex -12.0687770844 54.944152832 41.2004318237
      vertex -11.5701828003 55.0980415344 40.7993011475
      vertex -11.5701828003 55.3686408997 40.4063339233
    endloop
  endfacet
  facet normal 0.159745424986 0.597283005714 -0.785960793495
    outer loop
      vertex -12.0687770844 54.944152832 41.2004318237
      vertex -12.5672502518 54.6024284363 41.7834243774
      vertex -12.0685987473 54.5062904358 41.7765655518
    endloop
  endfacet
  facet normal 0.173263058066 0.57772988081 -0.797626554966
    outer loop
      vertex -11.5700054169 53.7285804749 42.7007637024
      vertex -11.5701828003 54.5379981995 41.5833129883
      vertex -12.0685987473 54.5062904358 41.7765655518
    endloop
  endfacet
  facet normal 0.211591571569 0.568099737167 -0.795293450356
    outer loop
      vertex -11.5701828003 54.5379981995 41.5833129883
      vertex -11.5701828003 55.0980415344 40.7993011475
      vertex -12.0687770844 54.944152832 41.2004318237
    endloop
  endfacet
  facet normal 0.180911704898 0.595064938068 -0.783050894737
    outer loop
      vertex -12.0685987473 54.5062904358 41.7765655518
      vertex -11.5701828003 54.5379981995 41.5833129883
      vertex -12.0687770844 54.944152832 41.2004318237
    endloop
  endfacet
  facet normal 0.354753375053 -0.0601510778069 -0.933022975922
    outer loop
      vertex -5.38882541656 54.72082901 31.9775772095
      vertex -4.19244146347 54.2638816833 31.9456253052
      vertex -4.19244146347 54.1955070496 30.8850479126
    endloop
  endfacet
  facet normal 0.355355739594 -0.0458995625377 -0.933603525162
    outer loop
      vertex -5.38882541656 54.7514038086 32.5994796753
      vertex -4.19244146347 54.2638816833 31.9456253052
      vertex -5.38882541656 54.72082901 31.9775772095
    endloop
  endfacet
  facet normal 0.390124857426 -0.0452136136591 -0.919651210308
    outer loop
      vertex -6.58521032333 55.2606735229 32.6350898743
      vertex -5.38882541656 54.7514038086 32.5994796753
      vertex -5.38882541656 54.72082901 31.9775772095
    endloop
  endfacet
  facet normal 0.364314168692 -0.0274704471231 -0.930870890617
    outer loop
      vertex -5.38882541656 54.7514038086 32.5994796753
      vertex -4.19232130051 54.2821578979 32.5665435791
      vertex -4.19244146347 54.2638816833 31.9456253052
    endloop
  endfacet
  facet normal 0.390769600868 -0.0289947278798 -0.92003172636
    outer loop
      vertex -6.58521032333 55.2802467346 33.2561950684
      vertex -5.38882541656 54.7514038086 32.5994796753
      vertex -6.58521032333 55.2606735229 32.6350898743
    endloop
  endfacet
  facet normal 0.340145945549 -0.00159817084204 -0.940371274948
    outer loop
      vertex -4.19232130051 54.2832107544 33.1863861084
      vertex -2.99575972557 53.8503456116 33.1561164856
      vertex -4.19232130051 54.2821578979 32.5665435791
    endloop
  endfacet
  facet normal 0.364711642265 -0.0148907946423 -0.931001424789
    outer loop
      vertex -5.38882541656 54.7613258362 33.2198181152
      vertex -4.19232130051 54.2821578979 32.5665435791
      vertex -5.38882541656 54.7514038086 32.5994796753
    endloop
  endfacet
  facet normal 0.397503644228 -0.0146745797247 -0.917483270168
    outer loop
      vertex -6.58521032333 55.2802467346 33.2561950684
      vertex -5.38882541656 54.7613258362 33.2198181152
      vertex -5.38882541656 54.7514038086 32.5994796753
    endloop
  endfacet
  facet normal 0.371026784182 -0.00157820084132 -0.928620815277
    outer loop
      vertex -5.38882541656 54.7613258362 33.2198181152
      vertex -4.19232130051 54.2832107544 33.1863861084
      vertex -4.19232130051 54.2821578979 32.5665435791
    endloop
  endfacet
  facet normal 0.398122638464 0.00838422589004 -0.917293906212
    outer loop
      vertex -6.58521032333 55.2745857239 33.8755607605
      vertex -5.38882541656 54.7613258362 33.2198181152
      vertex -6.58521032333 55.2802467346 33.2561950684
    endloop
  endfacet
  facet normal 0.371421873569 0.0170385297388 -0.928307831287
    outer loop
      vertex -5.38870573044 54.7499198914 33.8387374878
      vertex -4.19232130051 54.2832107544 33.1863861084
      vertex -5.38882541656 54.7613258362 33.2198181152
    endloop
  endfacet
  facet normal 0.401964396238 0.0167965628207 -0.915501236916
    outer loop
      vertex -6.58521032333 55.2745857239 33.8755607605
      vertex -5.38870573044 54.7499198914 33.8387374878
      vertex -5.38882541656 54.7613258362 33.2198181152
    endloop
  endfacet
  facet normal 0.375198632479 0.0251851640642 -0.926602244377
    outer loop
      vertex -5.38870573044 54.7499198914 33.8387374878
      vertex -4.19232130051 54.2663993835 33.8049278259
      vertex -4.19232130051 54.2832107544 33.1863861084
    endloop
  endfacet
  facet normal 0.402353733778 0.0465919934213 -0.914297938347
    outer loop
      vertex -6.58521032333 55.2431221008 34.4929885864
      vertex -5.38870573044 54.7499198914 33.8387374878
      vertex -6.58521032333 55.2745857239 33.8755607605
    endloop
  endfacet
  facet normal 0.345165878534 0.0527733899653 -0.937056839466
    outer loop
      vertex -4.19214391708 54.2315750122 34.4221343994
      vertex -2.99575972557 53.7926139832 34.3914413452
      vertex -4.19232130051 54.2663993835 33.8049278259
    endloop
  endfacet
  facet normal 0.375451982021 0.0501115769148 -0.925486147404
    outer loop
      vertex -5.38870573044 54.7164878845 34.4561653137
      vertex -4.19232130051 54.2663993835 33.8049278259
      vertex -5.38870573044 54.7499198914 33.8387374878
    endloop
  endfacet
  facet normal 0.403631329536 0.0494670905173 -0.91358345747
    outer loop
      vertex -6.58521032333 55.2431221008 34.4929885864
      vertex -5.38870573044 54.7164878845 34.4561653137
      vertex -5.38870573044 54.7499198914 33.8387374878
    endloop
  endfacet
  facet normal 0.376348167658 0.0520848818123 -0.925013124943
    outer loop
      vertex -5.38870573044 54.7164878845 34.4561653137
      vertex -4.19214391708 54.2315750122 34.4221343994
      vertex -4.19232130051 54.2663993835 33.8049278259
    endloop
  endfacet
  facet normal 0.403506964445 0.0924036279321 -0.910298705101
    outer loop
      vertex -6.58509016037 55.1565361023 35.3454589844
      vertex -5.38870573044 54.7164878845 34.4561653137
      vertex -6.58521032333 55.2431221008 34.4929885864
    endloop
  endfacet
  facet normal 0.00348484027199 0.140242412686 -0.99011105299
    outer loop
      vertex -5.38805150986 50.7823410034 48.6863594055
      vertex -6.58449459076 50.6966819763 49.32081604
      vertex -5.38805150986 50.6925315857 49.3203887939
    endloop
  endfacet
  facet normal 0.376268714666 0.0889866352081 -0.922227323055
    outer loop
      vertex -5.38858747482 54.6341552734 35.3089294434
      vertex -4.19214391708 54.2315750122 34.4221343994
      vertex -5.38870573044 54.7164878845 34.4561653137
    endloop
  endfacet
  facet normal 0.400821626186 0.0879881903529 -0.911921083927
    outer loop
      vertex -6.58509016037 55.1565361023 35.3454589844
      vertex -5.38858747482 54.6341552734 35.3089294434
      vertex -5.38870573044 54.7164878845 34.4561653137
    endloop
  endfacet
  facet normal 0.00941549707204 0.151203110814 -0.988457858562
    outer loop
      vertex -5.38805150986 50.7823410034 48.6863594055
      vertex -6.58461332321 50.7936019897 48.6872520447
      vertex -6.58449459076 50.6966819763 49.32081604
    endloop
  endfacet
  facet normal 0.373874902725 0.0851510092616 -0.923562049866
    outer loop
      vertex -5.38858747482 54.6341552734 35.3089294434
      vertex -4.19214391708 54.1529273987 35.2751579285
      vertex -4.19214391708 54.2315750122 34.4221343994
    endloop
  endfacet
  facet normal 0.399618536234 0.14457821846 -0.905208349228
    outer loop
      vertex -6.58509016037 55.0209236145 36.1945266724
      vertex -5.38858747482 54.6341552734 35.3089294434
      vertex -6.58509016037 55.1565361023 35.3454589844
    endloop
  endfacet
  facet normal 0.0179108642042 0.173355847597 -0.984696388245
    outer loop
      vertex -4.19172620773 50.8990592957 47.8997535706
      vertex -5.38805150986 50.8936958313 48.0538215637
      vertex -5.38805150986 50.7823410034 48.6863594055
    endloop
  endfacet
  facet normal 0.00939771905541 0.173376008868 -0.984810888767
    outer loop
      vertex -5.38805150986 50.8936958313 48.0538215637
      vertex -6.58461332321 50.7936019897 48.6872520447
      vertex -5.38805150986 50.7823410034 48.6863594055
    endloop
  endfacet
  facet normal 0.373053491116 0.133874610066 -0.918100595474
    outer loop
      vertex -5.38858747482 54.5102272034 36.1588172913
      vertex -4.19214391708 54.1529273987 35.2751579285
      vertex -5.38858747482 54.6341552734 35.3089294434
    endloop
  endfacet
  facet normal 0.392437070608 0.132715821266 -0.910153627396
    outer loop
      vertex -6.58509016037 55.0209236145 36.1945266724
      vertex -5.38858747482 54.5102272034 36.1588172913
      vertex -5.38858747482 54.6341552734 35.3089294434
    endloop
  endfacet
  facet normal 0.0196673516184 0.186907231808 -0.982180655003
    outer loop
      vertex -4.19172620773 50.9903106689 47.4202537537
      vertex -5.38805150986 50.8936958313 48.0538215637
      vertex -4.19172620773 50.8990592957 47.8997535706
    endloop
  endfacet
  facet normal 0.0181067585945 0.189342901111 -0.98174405098
    outer loop
      vertex -5.38805150986 50.8936958313 48.0538215637
      vertex -6.58461332321 50.9154510498 48.0554656982
      vertex -6.58461332321 50.7936019897 48.6872520447
    endloop
  endfacet
  facet normal 0.366171389818 0.122815132141 -0.922407150269
    outer loop
      vertex -5.38858747482 54.5102272034 36.1588172913
      vertex -4.19214391708 54.0396690369 36.1257743835
      vertex -4.19214391708 54.1529273987 35.2751579285
    endloop
  endfacet
  facet normal 0.389968961477 0.19450968504 -0.900050103664
    outer loop
      vertex -6.58497190475 54.8381004333 37.0402641296
      vertex -5.38858747482 54.5102272034 36.1588172913
      vertex -6.58509016037 55.0209236145 36.1945266724
    endloop
  endfacet
  facet normal 0.0292076673359 0.204354405403 -0.978461146355
    outer loop
      vertex -4.19172620773 50.9903106689 47.4202537537
      vertex -5.38822889328 51.0255126953 47.4227180481
      vertex -5.38805150986 50.8936958313 48.0538215637
    endloop
  endfacet
  facet normal 0.0180724617094 0.204411238432 -0.978718280792
    outer loop
      vertex -5.38822889328 51.0255126953 47.4227180481
      vertex -6.58461332321 50.9154510498 48.0554656982
      vertex -5.38805150986 50.8936958313 48.0538215637
    endloop
  endfacet
  facet normal 0.364466577768 0.176775977015 -0.914283514023
    outer loop
      vertex -5.38858747482 54.3464698792 37.0057640076
      vertex -4.19214391708 54.0396690369 36.1257743835
      vertex -5.38858747482 54.5102272034 36.1588172913
    endloop
  endfacet
  facet normal 0.378506809473 0.175709500909 -0.908767700195
    outer loop
      vertex -6.58497190475 54.8381004333 37.0402641296
      vertex -5.38858747482 54.3464698792 37.0057640076
      vertex -5.38858747482 54.5102272034 36.1588172913
    endloop
  endfacet
  facet normal 0.0291848126799 0.209836304188 -0.977300882339
    outer loop
      vertex -4.19172620773 51.1381950378 46.7314758301
      vertex -5.38822889328 51.0255126953 47.4227180481
      vertex -4.19172620773 50.9903106689 47.4202537537
    endloop
  endfacet
  facet normal 0.0297231785953 0.225579559803 -0.973771214485
    outer loop
      vertex -5.38822889328 51.0255126953 47.4227180481
      vertex -6.58461332321 51.061416626 47.425365448
      vertex -6.58461332321 50.9154510498 48.0554656982
    endloop
  endfacet
  facet normal 0.353399783373 0.159093260765 -0.92184484005
    outer loop
      vertex -5.38858747482 54.3464698792 37.0057640076
      vertex -4.19214391708 53.8932685852 36.9740753174
      vertex -4.19214391708 54.0396690369 36.1257743835
    endloop
  endfacet
  facet normal 0.374858140945 0.240510597825 -0.895341277122
    outer loop
      vertex -6.58497190475 54.6117286682 37.8829727173
      vertex -5.38858747482 54.3464698792 37.0057640076
      vertex -6.58497190475 54.8381004333 37.0402641296
    endloop
  endfacet
  facet normal 0.372440040112 0.315978974104 -0.872608542442
    outer loop
      vertex -8.09761714935 55.0232887268 38.5293426514
      vertex -6.58497190475 54.6117286682 37.8829727173
      vertex -8.09761714935 55.2414016724 37.9270019531
    endloop
  endfacet
  facet normal 0.0441640838981 0.234746083617 -0.97105294466
    outer loop
      vertex -4.19172620773 51.1381950378 46.7314758301
      vertex -5.38822889328 51.1917114258 46.7352180481
      vertex -5.38822889328 51.0255126953 47.4227180481
    endloop
  endfacet
  facet normal 0.0296777933836 0.234871849418 -0.971573174
    outer loop
      vertex -5.38822889328 51.1917114258 46.7352180481
      vertex -6.58461332321 51.061416626 47.425365448
      vertex -5.38822889328 51.0255126953 47.4227180481
    endloop
  endfacet
  facet normal 0.350840032101 0.216450050473 -0.911076664925
    outer loop
      vertex -5.38858747482 54.1458396912 37.8502578735
      vertex -4.19214391708 53.8932685852 36.9740753174
      vertex -5.38858747482 54.3464698792 37.0057640076
    endloop
  endfacet
  facet normal 0.359446018934 0.215694323182 -0.907895684242
    outer loop
      vertex -6.58497190475 54.6117286682 37.8829727173
      vertex -5.38858747482 54.1458396912 37.8502578735
      vertex -5.38858747482 54.3464698792 37.0057640076
    endloop
  endfacet
  facet normal 0.360412657261 0.276131778955 -0.890984833241
    outer loop
      vertex -8.09761714935 55.0232887268 38.5293426514
      vertex -6.58497190475 54.4243850708 38.4874649048
      vertex -6.58497190475 54.6117286682 37.8829727173
    endloop
  endfacet
  facet normal 0.044171590358 0.233764067292 -0.971289455891
    outer loop
      vertex -4.19178533554 51.3036804199 46.0438957214
      vertex -5.38822889328 51.1917114258 46.7352180481
      vertex -4.19172620773 51.1381950378 46.7314758301
    endloop
  endfacet
  facet normal 0.0450542606413 0.260192781687 -0.964504957199
    outer loop
      vertex -5.38822889328 51.1917114258 46.7352180481
      vertex -6.58461332321 51.2465591431 46.7390518188
      vertex -6.58461332321 51.061416626 47.425365448
    endloop
  endfacet
  facet normal 0.336128264666 0.193278118968 -0.921770751476
    outer loop
      vertex -5.38858747482 54.1458396912 37.8502578735
      vertex -4.19208288193 53.7158317566 37.8201904297
      vertex -4.19214391708 53.8932685852 36.9740753174
    endloop
  endfacet
  facet normal 0.355263292789 0.276715934277 -0.892869710922
    outer loop
      vertex -6.58497190475 54.4243850708 38.4874649048
      vertex -5.38858747482 54.1458396912 37.8502578735
      vertex -6.58497190475 54.6117286682 37.8829727173
    endloop
  endfacet
  facet normal 0.353450268507 0.347816169262 -0.868387520313
    outer loop
      vertex -8.09761714935 54.7826728821 39.1300811768
      vertex -6.58497190475 54.4243850708 38.4874649048
      vertex -8.09761714935 55.0232887268 38.5293426514
    endloop
  endfacet
  facet normal 0.0617374032736 0.262801349163 -0.962872743607
    outer loop
      vertex -4.19178533554 51.3036804199 46.0438957214
      vertex -5.38822889328 51.3789596558 46.0491600037
      vertex -5.38822889328 51.1917114258 46.7352180481
    endloop
  endfacet
  facet normal 0.0450280569494 0.263036578894 -0.963734507561
    outer loop
      vertex -5.38822889328 51.3789596558 46.0491600037
      vertex -6.58461332321 51.2465591431 46.7390518188
      vertex -5.38822889328 51.1917114258 46.7352180481
    endloop
  endfacet
  facet normal 0.333166658878 0.247824087739 -0.909716010094
    outer loop
      vertex -5.38858747482 53.9807395935 38.4563064575
      vertex -4.19208288193 53.7158317566 37.8201904297
      vertex -5.38858747482 54.1458396912 37.8502578735
    endloop
  endfacet
  facet normal 0.342566907406 0.246937125921 -0.906460106373
    outer loop
      vertex -6.58497190475 54.4243850708 38.4874649048
      vertex -5.38858747482 53.9807395935 38.4563064575
      vertex -5.38858747482 54.1458396912 37.8502578735
    endloop
  endfacet
  facet normal 0.339753299952 0.303393602371 -0.890235960484
    outer loop
      vertex -8.09761714935 54.7826728821 39.1300811768
      vertex -6.58497190475 54.2188529968 39.090549469
      vertex -6.58497190475 54.4243850708 38.4874649048
    endloop
  endfacet
  facet normal 0.0618342496455 0.255023866892 -0.964955627918
    outer loop
      vertex -4.19178533554 51.4851036072 45.3574295044
      vertex -5.38822889328 51.3789596558 46.0491600037
      vertex -4.19178533554 51.3036804199 46.0438957214
    endloop
  endfacet
  facet normal 0.0632117241621 0.292722046375 -0.954105913639
    outer loop
      vertex -5.38822889328 51.3789596558 46.0491600037
      vertex -6.58461332321 51.4565582275 46.0545845032
      vertex -6.58461332321 51.2465591431 46.7390518188
    endloop
  endfacet
  facet normal 0.320766180754 0.219660669565 -0.921335041523
    outer loop
      vertex -5.38858747482 53.9807395935 38.4563064575
      vertex -4.19208288193 53.5710029602 38.4276542664
      vertex -4.19208288193 53.7158317566 37.8201904297
    endloop
  endfacet
  facet normal 0.338219642639 0.303571850061 -0.890758991241
    outer loop
      vertex -6.58497190475 54.2188529968 39.090549469
      vertex -5.38858747482 53.9807395935 38.4563064575
      vertex -6.58497190475 54.4243850708 38.4874649048
    endloop
  endfacet
  facet normal 0.332337379456 0.375236809254 -0.865302979946
    outer loop
      vertex -8.09743881226 54.5226707458 39.7294921875
      vertex -6.58497190475 54.2188529968 39.090549469
      vertex -8.09761714935 54.7826728821 39.1300811768
    endloop
  endfacet
  facet normal 0.0814096406102 0.287260502577 -0.954386651516
    outer loop
      vertex -4.19178533554 51.4851036072 45.3574295044
      vertex -5.38822889328 51.5850601196 45.3644180298
      vertex -5.38822889328 51.3789596558 46.0491600037
    endloop
  endfacet
  facet normal 0.0632885247469 0.287639379501 -0.955645382404
    outer loop
      vertex -5.38822889328 51.5850601196 45.3644180298
      vertex -6.58461332321 51.4565582275 46.0545845032
      vertex -5.38822889328 51.3789596558 46.0491600037
    endloop
  endfacet
  facet normal 0.278119087219 0.241691038013 -0.929642498493
    outer loop
      vertex -4.19208288193 53.4133377075 39.0340995789
      vertex -2.99551916122 53.061756134 39.0095176697
      vertex -4.19208288193 53.5710029602 38.4276542664
    endloop
  endfacet
  facet normal 0.317661672831 0.270883470774 -0.908687651157
    outer loop
      vertex -5.38846731186 53.8003501892 39.0612869263
      vertex -4.19208288193 53.5710029602 38.4276542664
      vertex -5.38858747482 53.9807395935 38.4563064575
    endloop
  endfacet
  facet normal 0.323752433062 0.270293086767 -0.906711637974
    outer loop
      vertex -6.58497190475 54.2188529968 39.090549469
      vertex -5.38846731186 53.8003501892 39.0612869263
      vertex -5.38858747482 53.9807395935 38.4563064575
    endloop
  endfacet
  facet normal 0.316994786263 0.327055335045 -0.890252292156
    outer loop
      vertex -8.09743881226 54.5226707458 39.7294921875
      vertex -6.58497190475 53.9976539612 39.6926574707
      vertex -6.58497190475 54.2188529968 39.090549469
    endloop
  endfacet
  facet normal 0.0816841199994 0.272397071123 -0.958711385727
    outer loop
      vertex -4.19178533554 51.6799125671 44.6717910767
      vertex -5.38822889328 51.5850601196 45.3644180298
      vertex -4.19178533554 51.4851036072 45.3574295044
    endloop
  endfacet
  facet normal 0.0837898850441 0.320897996426 -0.943400084972
    outer loop
      vertex -5.38822889328 51.5850601196 45.3644180298
      vertex -6.58461332321 51.6888504028 45.3716773987
      vertex -6.58461332321 51.4565582275 46.0545845032
    endloop
  endfacet
  facet normal 0.30373442173 0.239730969071 -0.922103285789
    outer loop
      vertex -5.38846731186 53.8003501892 39.0612869263
      vertex -4.19208288193 53.4133377075 39.0340995789
      vertex -4.19208288193 53.5710029602 38.4276542664
    endloop
  endfacet
  facet normal 0.319141238928 0.326806992292 -0.88957631588
    outer loop
      vertex -6.58497190475 53.9976539612 39.6926574707
      vertex -5.38846731186 53.8003501892 39.0612869263
      vertex -6.58497190475 54.2188529968 39.090549469
    endloop
  endfacet
  facet normal 0.309422582388 0.398428052664 -0.863430798054
    outer loop
      vertex -8.09743881226 54.2466545105 40.3276481628
      vertex -6.58497190475 53.9976539612 39.6926574707
      vertex -8.09743881226 54.5226707458 39.7294921875
    endloop
  endfacet
  facet normal 0.103014811873 0.307496875525 -0.945956468582
    outer loop
      vertex -5.38822889328 51.5850601196 45.3644180298
      vertex -4.19178533554 51.6799125671 44.6717910767
      vertex -5.38822889328 51.8072738647 44.6808204651
    endloop
  endfacet
  facet normal 0.0840804949403 0.308046877384 -0.947648465633
    outer loop
      vertex -5.38822889328 51.8072738647 44.6808204651
      vertex -6.58461332321 51.6888504028 45.3716773987
      vertex -5.38822889328 51.5850601196 45.3644180298
    endloop
  endfacet
  facet normal 0.300426334143 0.291216880083 -0.908260285854
    outer loop
      vertex -5.38846731186 53.606678009 39.6653213501
      vertex -4.19208288193 53.4133377075 39.0340995789
      vertex -5.38846731186 53.8003501892 39.0612869263
    endloop
  endfacet
  facet normal 0.303166091442 0.290952086449 -0.907434403896
    outer loop
      vertex -6.58497190475 53.9976539612 39.6926574707
      vertex -5.38846731186 53.606678009 39.6653213501
      vertex -5.38846731186 53.8003501892 39.0612869263
    endloop
  endfacet
  facet normal 0.292501837015 0.347331345081 -0.890956580639
    outer loop
      vertex -8.09743881226 54.2466545105 40.3276481628
      vertex -6.58485174179 53.7632484436 40.2938461304
      vertex -6.58497190475 53.9976539612 39.6926574707
    endloop
  endfacet
  facet normal 0.103495299816 0.288727343082 -0.95180106163
    outer loop
      vertex -5.38822889328 51.8072738647 44.6808204651
      vertex -4.19178533554 51.6799125671 44.6717910767
      vertex -4.19178533554 51.9939651489 43.636505127
    endloop
  endfacet
  facet normal 0.106379009783 0.344130009413 -0.932876229286
    outer loop
      vertex -5.38822889328 51.8072738647 44.6808204651
      vertex -6.58473348618 51.9402809143 44.690120697
      vertex -6.58461332321 51.6888504028 45.3716773987
    endloop
  endfacet
  facet normal 0.287918925285 0.263723284006 -0.920626282692
    outer loop
      vertex -5.38846731186 53.606678009 39.6653213501
      vertex -4.19196462631 53.0664253235 40.2449989319
      vertex -4.19208288193 53.4133377075 39.0340995789
    endloop
  endfacet
  facet normal 0.298490643501 0.346657395363 -0.889231145382
    outer loop
      vertex -6.58485174179 53.7632484436 40.2938461304
      vertex -5.38846731186 53.606678009 39.6653213501
      vertex -6.58497190475 53.9976539612 39.6926574707
    endloop
  endfacet
  facet normal 0.284692168236 0.420658111572 -0.861392557621
    outer loop
      vertex -8.09743881226 53.7604675293 41.3232269287
      vertex -6.58485174179 53.7632484436 40.2938461304
      vertex -8.09743881226 54.2466545105 40.3276481628
    endloop
  endfacet
  facet normal 0.138506576419 0.32587325573 -0.935212552547
    outer loop
      vertex -5.38822889328 51.8072738647 44.6808204651
      vertex -4.19178533554 51.9939651489 43.636505127
      vertex -5.38834905624 52.1669654846 43.648601532
    endloop
  endfacet
  facet normal 0.10691678524 0.327161997557 -0.938900351524
    outer loop
      vertex -5.38834905624 52.1669654846 43.648601532
      vertex -6.58473348618 51.9402809143 44.690120697
      vertex -5.38822889328 51.8072738647 44.6808204651
    endloop
  endfacet
  facet normal 0.262349009514 0.310122519732 -0.913781702518
    outer loop
      vertex -5.38846731186 53.4019813538 40.2684631348
      vertex -4.19196462631 53.0664253235 40.2449989319
      vertex -5.38846731186 53.606678009 39.6653213501
    endloop
  endfacet
  facet normal 0.280970782042 0.308433115482 -0.90880382061
    outer loop
      vertex -6.58485174179 53.7632484436 40.2938461304
      vertex -5.38846731186 53.4019813538 40.2684631348
      vertex -5.38846731186 53.606678009 39.6653213501
    endloop
  endfacet
  facet normal 0.249244764447 0.368663400412 -0.89552462101
    outer loop
      vertex -8.09743881226 53.7604675293 41.3232269287
      vertex -6.58485174179 53.3513031006 41.2945098877
      vertex -6.58485174179 53.7632484436 40.2938461304
    endloop
  endfacet
  facet normal 0.139446660876 0.300676435232 -0.943476736546
    outer loop
      vertex -5.38834905624 52.1669654846 43.648601532
      vertex -4.19178533554 51.9939651489 43.636505127
      vertex -4.19196462631 52.4456558228 42.2192611694
    endloop
  endfacet
  facet normal 0.144047990441 0.365604162216 -0.919556319714
    outer loop
      vertex -5.38834905624 52.1669654846 43.648601532
      vertex -6.58473348618 52.3492622375 43.6614723206
      vertex -6.58473348618 51.9402809143 44.690120697
    endloop
  endfacet
  facet normal 0.261365860701 0.323759883642 -0.909322500229
    outer loop
      vertex -5.38846731186 53.1157646179 41.0723381042
      vertex -4.19196462631 53.0664253235 40.2449989319
      vertex -5.38846731186 53.4019813538 40.2684631348
    endloop
  endfacet
  facet normal 0.276135206223 0.365876197815 -0.888754189014
    outer loop
      vertex -6.58485174179 53.3513031006 41.2945098877
      vertex -5.38846731186 53.4019813538 40.2684631348
      vertex -6.58485174179 53.7632484436 40.2938461304
    endloop
  endfacet
  facet normal 0.236054554582 0.285998940468 -0.928699553013
    outer loop
      vertex -5.38846731186 53.1157646179 41.0723381042
      vertex -4.19196462631 52.8180503845 41.0515213013
      vertex -4.19196462631 53.0664253235 40.2449989319
    endloop
  endfacet
  facet normal 0.192315384746 0.298157662153 -0.934942126274
    outer loop
      vertex -5.38846731186 52.6864051819 42.2360954285
      vertex -4.19196462631 52.4456558228 42.2192611694
      vertex -4.19196462631 52.8180503845 41.0515213013
    endloop
  endfacet
  facet normal 0.242575064301 0.437142699957 -0.866062104702
    outer loop
      vertex -8.09743881226 53.0878181458 42.6558685303
      vertex -6.58485174179 53.3513031006 41.2945098877
      vertex -8.09743881226 53.7604675293 41.3232269287
    endloop
  endfacet
  facet normal 0.190168380737 0.338832348585 -0.921427488327
    outer loop
      vertex -5.38834905624 52.1669654846 43.648601532
      vertex -4.19196462631 52.4456558228 42.2192611694
      vertex -5.38846731186 52.6864051819 42.2360954285
    endloop
  endfacet
  facet normal 0.143168136477 0.383092612028 -0.912547469139
    outer loop
      vertex -6.58485174179 52.7805175781 42.6342430115
      vertex -6.58473348618 52.3492622375 43.6614723206
      vertex -5.38834905624 52.1669654846 43.648601532
    endloop
  endfacet
  facet normal 0.240485101938 0.325575500727 -0.914421975613
    outer loop
      vertex -6.58485174179 53.3513031006 41.2945098877
      vertex -5.38846731186 53.1157646179 41.0723381042
      vertex -5.38846731186 53.4019813538 40.2684631348
    endloop
  endfacet
  facet normal 0.232876986265 0.336621314287 -0.912389397621
    outer loop
      vertex -5.38846731186 52.6864051819 42.2360954285
      vertex -4.19196462631 52.8180503845 41.0515213013
      vertex -5.38846731186 53.1157646179 41.0723381042
    endloop
  endfacet
  facet normal 0.189040616155 0.384887069464 -0.90339666605
    outer loop
      vertex -8.09743881226 53.0878181458 42.6558685303
      vertex -6.58485174179 52.7805175781 42.6342430115
      vertex -6.58485174179 53.3513031006 41.2945098877
    endloop
  endfacet
  facet normal 0.185415357351 0.339146345854 -0.92228025198
    outer loop
      vertex -5.38834905624 52.1669654846 43.648601532
      vertex -5.38846731186 52.6864051819 42.2360954285
      vertex -6.58485174179 52.7805175781 42.6342430115
    endloop
  endfacet
  facet normal 0.241605445743 0.33588346839 -0.91038954258
    outer loop
      vertex -5.38846731186 52.6864051819 42.2360954285
      vertex -5.38846731186 53.1157646179 41.0723381042
      vertex -6.58485174179 53.3513031006 41.2945098877
    endloop
  endfacet
  facet normal 0.19876229763 0.384133934975 -0.901628911495
    outer loop
      vertex -6.58485174179 52.7805175781 42.6342430115
      vertex -5.38846731186 52.6864051819 42.2360954285
      vertex -6.58485174179 53.3513031006 41.2945098877
    endloop
  endfacet
  facet normal 0 0.765564441681 -0.64335924387
    outer loop
      vertex -16.799955368 55.7961120605 41.1414031982
      vertex -21.5999755859 55.2137413025 41.6308097839
      vertex -16.799955368 55.2137413025 41.6308097839
    endloop
  endfacet
  facet normal -1 0 -0
    outer loop
      vertex -21.5999755859 7.0791759491 41.2355384827
      vertex -21.5999755859 55.2137413025 41.6308097839
      vertex -21.5999755859 55.6906814575 41.2354240417
    endloop
  endfacet
  facet normal 0.00106212182436 0.769858539104 -0.638213634491
    outer loop
      vertex -16.799955368 55.7961120605 41.1414031982
      vertex -21.5999755859 55.6906814575 41.2354240417
      vertex -21.5999755859 55.2137413025 41.6308097839
    endloop
  endfacet
  facet normal -1 0 0
    outer loop
      vertex -21.5999755859 55.6906814575 41.2354240417
      vertex -21.5999755859 7.07913351059 26.9847869873
      vertex -21.5999755859 7.0791759491 41.2355384827
    endloop
  endfacet
  facet normal -0.000934085110202 0.724823713303 -0.68893378973
    outer loop
      vertex -16.799955368 56.0676116943 40.8833427429
      vertex -21.5999755859 55.6906814575 41.2354240417
      vertex -16.799955368 55.7961120605 41.1414031982
    endloop
  endfacet
  facet normal -1 -0 0
    outer loop
      vertex -21.5999755859 55.6906814575 41.2354240417
      vertex -21.5999755859 55.8671073914 26.9847488403
      vertex -21.5999755859 7.07913351059 26.9847869873
    endloop
  endfacet
  facet normal -0.000205543576158 0.729478299618 -0.684003949165
    outer loop
      vertex -16.799955368 56.0676116943 40.8833427429
      vertex -21.5999755859 56.0950546265 40.856262207
      vertex -21.5999755859 55.6906814575 41.2354240417
    endloop
  endfacet
  facet normal -1 0 0
    outer loop
      vertex -21.5999755859 56.0950546265 40.856262207
      vertex -21.5999755859 55.8671073914 26.9847488403
      vertex -21.5999755859 55.6906814575 41.2354240417
    endloop
  endfacet
  facet normal 0.000228917386266 0.691426634789 -0.722446680069
    outer loop
      vertex -16.799955368 56.4524040222 40.4812850952
      vertex -21.5999755859 56.0950546265 40.856262207
      vertex -16.799955368 56.0676116943 40.8833427429
    endloop
  endfacet
  facet normal -1 -0 0
    outer loop
      vertex -21.5999755859 56.0950546265 40.856262207
      vertex -21.5999755859 56.2119789124 27.3548164368
      vertex -21.5999755859 55.8671073914 26.9847488403
    endloop
  endfacet
  facet normal -0.000174231929122 0.688722848892 -0.725024700165
    outer loop
      vertex -16.799955368 56.4524040222 40.4812850952
      vertex -21.5999755859 56.4759712219 40.4552650452
      vertex -21.5999755859 56.0950546265 40.856262207
    endloop
  endfacet
  facet normal -1 0 0
    outer loop
      vertex -21.5999755859 56.4759712219 40.4552650452
      vertex -21.5999755859 56.2119789124 27.3548164368
      vertex -21.5999755859 56.0950546265 40.856262207
    endloop
  endfacet
  facet normal 0.000162544500199 0.654616177082 -0.755961418152
    outer loop
      vertex -16.799955368 56.7228965759 40.1689186096
      vertex -21.5999755859 56.4759712219 40.4552650452
      vertex -16.799955368 56.4524040222 40.4812850952
    endloop
  endfacet
  facet normal 0.0333764143288 0.518755793571 -0.85427069664
    outer loop
      vertex -16.799955368 57.3623352051 39.3021697998
      vertex -16.1836414337 57.3342018127 39.30884552
      vertex -16.1837615967 57.6939468384 38.7164382935
    endloop
  endfacet
  facet normal 0.0371500402689 0.580599606037 -0.813341200352
    outer loop
      vertex -16.799955368 56.9774971008 39.8479766846
      vertex -16.1836414337 56.9143791199 39.8969612122
      vertex -16.1836414337 57.3342018127 39.30884552
    endloop
  endfacet
  facet normal -1 0 0
    outer loop
      vertex -21.5999755859 57.4929466248 28.9965362549
      vertex -21.5999755859 57.4774665833 39.1214866638
      vertex -21.5999755859 57.6899414062 38.7634239197
    endloop
  endfacet
  facet normal -0.00117434130516 -0.566185891628 -0.824276745319
    outer loop
      vertex -16.799955368 57.0569496155 28.3518371582
      vertex -21.5999755859 57.4929466248 28.9965362549
      vertex -16.799955368 57.4192314148 28.8792610168
    endloop
  endfacet
  facet normal 0 -0.675682961941 -0.737192332745
    outer loop
      vertex -21.5999755859 56.2119789124 27.3548164368
      vertex -16.799955368 56.6085243225 27.7874603271
      vertex -16.799955368 56.2119789124 27.3548164368
    endloop
  endfacet
  facet normal -1 -0 0
    outer loop
      vertex -21.5999755859 56.4759712219 40.4552650452
      vertex -21.5999755859 56.4972724915 27.6614112854
      vertex -21.5999755859 56.2119789124 27.3548164368
    endloop
  endfacet
  facet normal -0.000195960965357 0.651168882847 -0.758932828903
    outer loop
      vertex -16.799955368 56.7228965759 40.1689186096
      vertex -21.5999755859 56.7484092712 40.1377410889
      vertex -21.5999755859 56.4759712219 40.4552650452
    endloop
  endfacet
  facet normal 0.0308222547174 0.621189117432 -0.783054292202
    outer loop
      vertex -16.799955368 56.7228965759 40.1689186096
      vertex -16.1836414337 56.9143791199 39.8969612122
      vertex -16.799955368 56.9774971008 39.8479766846
    endloop
  endfacet
  facet normal 0.0310502201319 0.575968980789 -0.816881656647
    outer loop
      vertex -16.799955368 56.9774971008 39.8479766846
      vertex -16.1836414337 57.3342018127 39.30884552
      vertex -16.799955368 57.3623352051 39.3021697998
    endloop
  endfacet
  facet normal -1 0 0
    outer loop
      vertex -21.5999755859 57.2666244507 28.647731781
      vertex -21.5999755859 57.4774665833 39.1214866638
      vertex -21.5999755859 57.4929466248 28.9965362549
    endloop
  endfacet
  facet normal 0.00309044518508 -0.544308483601 -0.838879406452
    outer loop
      vertex -16.799955368 57.0569496155 28.3518371582
      vertex -21.5999755859 57.2666244507 28.647731781
      vertex -21.5999755859 57.4929466248 28.9965362549
    endloop
  endfacet
  facet normal 0.000921035127249 -0.681216776371 -0.73208117485
    outer loop
      vertex -21.5999755859 56.4972724915 27.6614112854
      vertex -16.799955368 56.6085243225 27.7874603271
      vertex -21.5999755859 56.2119789124 27.3548164368
    endloop
  endfacet
  facet normal -1 0 0
    outer loop
      vertex -21.5999755859 56.7484092712 40.1377410889
      vertex -21.5999755859 56.4972724915 27.6614112854
      vertex -21.5999755859 56.4759712219 40.4552650452
    endloop
  endfacet
  facet normal 0.000127030987642 0.621484398842 -0.783426523209
    outer loop
      vertex -16.799955368 56.9774971008 39.8479766846
      vertex -21.5999755859 56.7484092712 40.1377410889
      vertex -16.799955368 56.7228965759 40.1689186096
    endloop
  endfacet
  facet normal -0.000511554593686 0.547002673149 -0.837130665779
    outer loop
      vertex -21.5999755859 57.4774665833 39.1214866638
      vertex -21.5999755859 57.2495727539 39.4702529907
      vertex -16.799955368 57.3623352051 39.3021697998
    endloop
  endfacet
  facet normal 0.000274857244221 0.576246798038 -0.817275702953
    outer loop
      vertex -16.799955368 57.3623352051 39.3021697998
      vertex -21.5999755859 57.006439209 39.8092193604
      vertex -16.799955368 56.9774971008 39.8479766846
    endloop
  endfacet
  facet normal -1 0 0
    outer loop
      vertex -21.5999755859 57.2666244507 28.647731781
      vertex -21.5999755859 57.2495727539 39.4702529907
      vertex -21.5999755859 57.4774665833 39.1214866638
    endloop
  endfacet
  facet normal -0.000178704241989 -0.580098152161 -0.814546525478
    outer loop
      vertex -21.5999755859 57.0250015259 28.3084564209
      vertex -21.5999755859 57.2666244507 28.647731781
      vertex -16.799955368 57.0569496155 28.3518371582
    endloop
  endfacet
  facet normal -0.000599329534452 -0.648804605007 -0.760954797268
    outer loop
      vertex -21.5999755859 56.4972724915 27.6614112854
      vertex -21.5999755859 56.7684326172 27.9794425964
      vertex -16.799955368 56.6085243225 27.7874603271
    endloop
  endfacet
  facet normal 0.000411111279391 -0.622088849545 -0.782946527004
    outer loop
      vertex -16.799955368 56.6085243225 27.7874603271
      vertex -21.5999755859 57.0250015259 28.3084564209
      vertex -16.799955368 57.0569496155 28.3518371582
    endloop
  endfacet
  facet normal -1 -0 0
    outer loop
      vertex -21.5999755859 56.7484092712 40.1377410889
      vertex -21.5999755859 56.7684326172 27.9794425964
      vertex -21.5999755859 56.4972724915 27.6614112854
    endloop
  endfacet
  facet normal -0.000245709088631 0.61768245697 -0.786427557468
    outer loop
      vertex -16.799955368 56.9774971008 39.8479766846
      vertex -21.5999755859 57.006439209 39.8092193604
      vertex -21.5999755859 56.7484092712 40.1377410889
    endloop
  endfacet
  facet normal 0.00132040027529 0.582848489285 -0.812579751015
    outer loop
      vertex -16.799955368 57.3623352051 39.3021697998
      vertex -21.5999755859 57.2495727539 39.4702529907
      vertex -21.5999755859 57.006439209 39.8092193604
    endloop
  endfacet
  facet normal -1 0 0
    outer loop
      vertex -21.5999755859 57.0250015259 28.3084564209
      vertex -21.5999755859 57.2495727539 39.4702529907
      vertex -21.5999755859 57.2666244507 28.647731781
    endloop
  endfacet
  facet normal 0.00167516421061 -0.614939987659 -0.788572132587
    outer loop
      vertex -16.799955368 56.6085243225 27.7874603271
      vertex -21.5999755859 56.7684326172 27.9794425964
      vertex -21.5999755859 57.0250015259 28.3084564209
    endloop
  endfacet
  facet normal -1 0 0
    outer loop
      vertex -21.5999755859 57.006439209 39.8092193604
      vertex -21.5999755859 56.7684326172 27.9794425964
      vertex -21.5999755859 56.7484092712 40.1377410889
    endloop
  endfacet
  facet normal -1 0 0
    outer loop
      vertex -21.5999755859 57.0250015259 28.3084564209
      vertex -21.5999755859 57.006439209 39.8092193604
      vertex -21.5999755859 57.2495727539 39.4702529907
    endloop
  endfacet
  facet normal -1 0 0
    outer loop
      vertex -21.5999755859 56.7684326172 27.9794425964
      vertex -21.5999755859 57.006439209 39.8092193604
      vertex -21.5999755859 57.0250015259 28.3084564209
    endloop
  endfacet
  facet normal -0.99280411005 -0.11974953115 4.24577156082e-05
    outer loop
      vertex -22.0959453583 53.730430603 5.50029277802
      vertex -22.1841011047 7.07914400101 6.24770689011
      vertex -22.1814785004 53.6808395386 6.20943880081
    endloop
  endfacet
  facet normal -0.999831736088 -0.0183444060385 -4.12092049373e-05
    outer loop
      vertex -22.1814785004 53.6808395386 6.20943880081
      vertex -22.1841011047 7.07914400101 6.24770689011
      vertex -22.1968574524 7.07913780212 6.9429936409
    endloop
  endfacet
  facet normal -0.99357521534 -0.113173604012 -6.43543025944e-05
    outer loop
      vertex -22.1841011047 7.07914400101 6.24770689011
      vertex -22.0959453583 53.730430603 5.50029277802
      vertex -22.1054229736 7.07907533646 5.55698060989
    endloop
  endfacet
  facet normal -0.999749898911 -0.0223644785583 2.20975380216e-05
    outer loop
      vertex -22.1814785004 53.6808395386 6.20943880081
      vertex -22.1968574524 7.07913780212 6.9429936409
      vertex -22.1974525452 53.6309051514 6.92360591888
    endloop
  endfacet
  facet normal -0.00113472633529 -3.00577939925e-05 0.999999344349
    outer loop
      vertex -22.1054229736 7.07907533646 5.55698060989
      vertex -22.1968574524 7.07913780212 6.9429936409
      vertex -22.1841011047 7.07914400101 6.24770689011
    endloop
  endfacet
  facet normal -0.976469814777 -0.215654194355 6.36500408291e-05
    outer loop
      vertex -22.1054229736 7.07907533646 5.55698060989
      vertex -22.0959453583 53.730430603 5.50029277802
      vertex -21.9418678284 53.7792129517 4.80262708664
    endloop
  endfacet
  facet normal -0.997061789036 0.076601408422 -1.91539838852e-05
    outer loop
      vertex -22.1974525452 53.6309051514 6.92360591888
      vertex -22.1968574524 7.07913780212 6.9429936409
      vertex -22.1435699463 7.07912683487 7.63660383224
    endloop
  endfacet
  facet normal -0.96586894989 0.259031265974 -2.16251783058e-06
    outer loop
      vertex -21.8411369324 53.4861831665 8.99324703217
      vertex -21.7077407837 7.07910966873 9.49103736877
      vertex -21.7076206207 53.4513702393 9.49109649658
    endloop
  endfacet
  facet normal -0.000421816279413 1.69723662111e-05 0.999999940395
    outer loop
      vertex -22.1435699463 7.07912683487 7.63660383224
      vertex -22.1968574524 7.07913780212 6.9429936409
      vertex -22.1054229736 7.07907533646 5.55698060989
    endloop
  endfacet
  facet normal -0.977282464504 -0.211940973997 8.23797620342e-07
    outer loop
      vertex -22.1054229736 7.07907533646 5.55698060989
      vertex -21.9418678284 53.7792129517 4.80262708664
      vertex -21.9419879913 7.07910966873 4.80336141586
    endloop
  endfacet
  facet normal -0.997164309025 0.0752552002668 1.58359762281e-06
    outer loop
      vertex -22.1974525452 53.6309051514 6.92360591888
      vertex -22.1435699463 7.07912683487 7.63660383224
      vertex -22.1436901093 53.5810928345 7.63599348068
    endloop
  endfacet
  facet normal -0.91285443306 -0.408285170794 -6.32459050394e-05
    outer loop
      vertex -21.7000522614 7.07905387878 4.07089233398
      vertex -21.7201976776 53.8267211914 4.12317609787
      vertex -21.3822975159 53.8795471191 3.36769843102
    endloop
  endfacet
  facet normal -0.950684547424 -0.310159385204 2.43666386268e-06
    outer loop
      vertex -21.9419879913 7.07910966873 4.80336141586
      vertex -21.9418678284 53.7792129517 4.80262708664
      vertex -21.7201976776 53.8267211914 4.12317609787
    endloop
  endfacet
  facet normal -0.965900421143 0.258913815022 -8.12307803244e-07
    outer loop
      vertex -21.7077407837 7.07910966873 9.49103736877
      vertex -21.8411369324 53.4861831665 8.99324703217
      vertex -21.8411369324 7.07916307449 8.99339199066
    endloop
  endfacet
  facet normal -0.985260546207 0.171060234308 -8.98815301298e-07
    outer loop
      vertex -22.1436901093 53.5810928345 7.63599348068
      vertex -22.0245990753 7.07907342911 8.32216930389
      vertex -22.0245990753 53.5331268311 8.32192611694
    endloop
  endfacet
  facet normal -0.96462726593 0.263617515564 -8.27065036901e-07
    outer loop
      vertex -22.0245990753 53.5331268311 8.32192611694
      vertex -21.8411369324 7.07916307449 8.99339199066
      vertex -21.8411369324 53.4861831665 8.99324703217
    endloop
  endfacet
  facet normal 0.000353444047505 3.11928160954e-05 0.999999940395
    outer loop
      vertex -21.9419879913 7.07910966873 4.80336141586
      vertex -22.1435699463 7.07912683487 7.63660383224
      vertex -22.1054229736 7.07907533646 5.55698060989
    endloop
  endfacet
  facet normal -0.985274255276 0.170981571078 2.96778665643e-07
    outer loop
      vertex -22.1436901093 53.5810928345 7.63599348068
      vertex -22.1435699463 7.07912683487 7.63660383224
      vertex -22.0245990753 7.07907342911 8.32216930389
    endloop
  endfacet
  facet normal -0.949543535709 -0.313635230064 5.84243025514e-05
    outer loop
      vertex -21.9419879913 7.07910966873 4.80336141586
      vertex -21.7201976776 53.8267211914 4.12317609787
      vertex -21.7000522614 7.07905387878 4.07089233398
    endloop
  endfacet
  facet normal -0.000437273090938 9.65046638157e-06 0.999999880791
    outer loop
      vertex -21.8411369324 7.07916307449 8.99339199066
      vertex -21.7000522614 7.07905387878 4.07089233398
      vertex -21.7077407837 7.07910966873 9.49103736877
    endloop
  endfacet
  facet normal -0.964617490768 0.263653457165 -1.38533516747e-06
    outer loop
      vertex -22.0245990753 53.5331268311 8.32192611694
      vertex -22.0245990753 7.07907342911 8.32216930389
      vertex -21.8411369324 7.07916307449 8.99339199066
    endloop
  endfacet
  facet normal -0.000343804480508 -1.84155778697e-05 0.999999940395
    outer loop
      vertex -22.0245990753 7.07907342911 8.32216930389
      vertex -22.1435699463 7.07912683487 7.63660383224
      vertex -21.9419879913 7.07910966873 4.80336141586
    endloop
  endfacet
  facet normal -0.000178420072189 1.70694947883e-05 1
    outer loop
      vertex -21.8411369324 7.07916307449 8.99339199066
      vertex -21.9419879913 7.07910966873 4.80336141586
      vertex -21.7000522614 7.07905387878 4.07089233398
    endloop
  endfacet
  facet normal 0.000486247328809 1.07145740458e-06 0.999999880791
    outer loop
      vertex -22.0245990753 7.07907342911 8.32216930389
      vertex -21.9419879913 7.07910966873 4.80336141586
      vertex -21.8411369324 7.07916307449 8.99339199066
    endloop
  endfacet
  facet normal -0.945746064186 0.324906766415 -1.81364214313e-06
    outer loop
      vertex -21.9080123901 49.7015075684 63.1184844971
      vertex -21.68318367 7.07921695709 63.7731628418
      vertex -21.68318367 49.65574646 63.7729263306
    endloop
  endfacet
  facet normal -0.945829033852 0.324665039778 2.33687546825e-06
    outer loop
      vertex -21.9080123901 49.7015075684 63.1184844971
      vertex -21.9077720642 7.07925748825 63.1188774109
      vertex -21.68318367 7.07921695709 63.7731628418
    endloop
  endfacet
  facet normal -0.000156929745572 -8.30877252156e-06 1
    outer loop
      vertex -21.9077720642 7.07925748825 63.1188774109
      vertex -21.7077407837 7.07926607132 58.3100585938
      vertex -21.68318367 7.07921695709 63.7731628418
    endloop
  endfacet
  facet normal -0.972580373287 0.232567101717 3.33403750119e-06
    outer loop
      vertex -22.0732364655 49.7498245239 62.427532196
      vertex -21.9077720642 7.07925748825 63.1188774109
      vertex -21.9080123901 49.7015075684 63.1184844971
    endloop
  endfacet
  facet normal 0.000258134037722 8.95656830835e-06 0.999999940395
    outer loop
      vertex -21.9077720642 7.07925748825 63.1188774109
      vertex -21.8411369324 7.07923603058 58.8078384399
      vertex -21.7077407837 7.07926607132 58.3100585938
    endloop
  endfacet
  facet normal -0.972220540047 0.234066620469 -2.23562365136e-05
    outer loop
      vertex -22.0732364655 49.7498245239 62.427532196
      vertex -22.0696601868 7.07922124863 62.4464607239
      vertex -21.9077720642 7.07925748825 63.1188774109
    endloop
  endfacet
  facet normal -0.965868115425 -0.25903442502 8.65715662712e-07
    outer loop
      vertex -22.0397987366 7.07915258408 59.5485916138
      vertex -21.8411369324 50.0029373169 58.8076934814
      vertex -21.8411369324 7.07923603058 58.8078384399
    endloop
  endfacet
  facet normal 0.00019189179875 7.93266099208e-06 1
    outer loop
      vertex -22.0696601868 7.07922124863 62.4464607239
      vertex -21.8411369324 7.07923603058 58.8078384399
      vertex -21.9077720642 7.07925748825 63.1188774109
    endloop
  endfacet
  facet normal -0.990519225597 0.137374281883 2.20670990529e-05
    outer loop
      vertex -22.1708087921 49.7990188599 61.7240066528
      vertex -22.0696601868 7.07922124863 62.4464607239
      vertex -22.0732364655 49.7498245239 62.427532196
    endloop
  endfacet
  facet normal -0.966861188412 -0.255302727222 -6.81426536175e-05
    outer loop
      vertex -22.0397987366 7.07915258408 59.5485916138
      vertex -22.0511837006 49.9473190308 59.6031455994
      vertex -21.8411369324 50.0029373169 58.8076934814
    endloop
  endfacet
  facet normal 0.000528810021933 2.90927837341e-05 0.999999880791
    outer loop
      vertex -22.0696601868 7.07922124863 62.4464607239
      vertex -22.0397987366 7.07915258408 59.5485916138
      vertex -21.8411369324 7.07923603058 58.8078384399
    endloop
  endfacet
  facet normal -0.989976942539 0.141229256988 -4.44102406618e-05
    outer loop
      vertex -22.1708087921 49.7990188599 61.7240066528
      vertex -22.1672935486 7.07918691635 61.7620811462
      vertex -22.0696601868 7.07922124863 62.4464607239
    endloop
  endfacet
  facet normal -0.999171376228 0.0407014004886 4.59502516605e-05
    outer loop
      vertex -22.1997184753 49.8486404419 61.0143699646
      vertex -22.1672935486 7.07918691635 61.7620811462
      vertex -22.1708087921 49.7990188599 61.7240066528
    endloop
  endfacet
  facet normal -0.988247156143 -0.15286450088 -1.83696386102e-07
    outer loop
      vertex -22.1599025726 7.07925128937 60.3059501648
      vertex -22.1597824097 49.898223877 60.3052253723
      vertex -22.0511837006 49.9473190308 59.6031455994
    endloop
  endfacet
  facet normal -0.9984177351 -0.0562315881252 6.83270700392e-05
    outer loop
      vertex -22.2000160217 7.07924890518 61.0716247559
      vertex -22.1997184753 49.8486404419 61.0143699646
      vertex -22.1597824097 49.898223877 60.3052253723
    endloop
  endfacet
  facet normal -0.987658143044 -0.156624957919 6.29613132332e-05
    outer loop
      vertex -22.1599025726 7.07925128937 60.3059501648
      vertex -22.0511837006 49.9473190308 59.6031455994
      vertex -22.0397987366 7.07915258408 59.5485916138
    endloop
  endfacet
  facet normal 0.000172677639057 2.54228925769e-05 1
    outer loop
      vertex -22.1672935486 7.07918691635 61.7620811462
      vertex -22.0397987366 7.07915258408 59.5485916138
      vertex -22.0696601868 7.07922124863 62.4464607239
    endloop
  endfacet
  facet normal -0.998878836632 0.0473395474255 -7.03220939613e-05
    outer loop
      vertex -22.1672935486 7.07918691635 61.7620811462
      vertex -22.1997184753 49.8486404419 61.0143699646
      vertex -22.2000160217 7.07924890518 61.0716247559
    endloop
  endfacet
  facet normal -0.998630464077 -0.052318457514 -1.91213257494e-06
    outer loop
      vertex -22.2000160217 7.07924890518 61.0716247559
      vertex -22.1597824097 49.898223877 60.3052253723
      vertex -22.1599025726 7.07925128937 60.3059501648
    endloop
  endfacet
  facet normal -0.0011345326202 -4.98711015098e-05 0.999999344349
    outer loop
      vertex -22.1672935486 7.07918691635 61.7620811462
      vertex -22.1599025726 7.07925128937 60.3059501648
      vertex -22.0397987366 7.07915258408 59.5485916138
    endloop
  endfacet
  facet normal -0.000873223529197 -4.85447417304e-05 0.999999642372
    outer loop
      vertex -22.2000160217 7.07924890518 61.0716247559
      vertex -22.1599025726 7.07925128937 60.3059501648
      vertex -22.1672935486 7.07918691635 61.7620811462
    endloop
  endfacet
  facet normal -0.00164396665059 0.767071425915 -0.64155960083
    outer loop
      vertex -16.799955368 55.2137413025 41.6308097839
      vertex -21.5999755859 54.8186645508 41.9509544373
      vertex -16.799955368 54.5295257568 42.2030677795
    endloop
  endfacet
  facet normal 0 0.77693593502 -0.629579663277
    outer loop
      vertex -21.5999755859 55.2137413025 41.6308097839
      vertex -21.5999755859 54.8186645508 41.9509544373
      vertex -16.799955368 55.2137413025 41.6308097839
    endloop
  endfacet
  facet normal 0.000518945569638 0.749429643154 -0.662083804607
    outer loop
      vertex -21.5999755859 54.8186645508 41.9509544373
      vertex -21.5999755859 54.4384994507 42.2868118286
      vertex -16.799955368 54.5295257568 42.2030677795
    endloop
  endfacet
  facet normal -1 0 0
    outer loop
      vertex -21.5999755859 7.0791759491 41.2355384827
      vertex -21.5999755859 54.8186645508 41.9509544373
      vertex -21.5999755859 55.2137413025 41.6308097839
    endloop
  endfacet
  facet normal 0.0136359268799 0.715101182461 -0.698887944221
    outer loop
      vertex -16.799955368 53.7522621155 42.9725952148
      vertex -16.1835823059 53.9987754822 42.7199172974
      vertex -16.1835823059 54.3726730347 42.3544998169
    endloop
  endfacet
  facet normal 0.000966994091868 0.728940963745 -0.684575855732
    outer loop
      vertex -16.799955368 54.5295257568 42.2030677795
      vertex -21.5999755859 54.0734062195 42.6377944946
      vertex -16.799955368 54.2089538574 42.5041313171
    endloop
  endfacet
  facet normal -0.000565940106753 0.720897436142 -0.693041563034
    outer loop
      vertex -16.799955368 54.5295257568 42.2030677795
      vertex -21.5999755859 54.4384994507 42.2868118286
      vertex -21.5999755859 54.0734062195 42.6377944946
    endloop
  endfacet
  facet normal -1 0 0
    outer loop
      vertex -21.5999755859 7.0791759491 41.2355384827
      vertex -21.5999755859 54.4384994507 42.2868118286
      vertex -21.5999755859 54.8186645508 41.9509544373
    endloop
  endfacet
  facet normal 0.00357697578147 0.680192708969 -0.733024597168
    outer loop
      vertex -16.799955368 53.4294891357 43.3366622925
      vertex -16.1835823059 53.5382003784 43.2162666321
      vertex -16.1835823059 53.9987754822 42.7199172974
    endloop
  endfacet
  facet normal -0.0272989571095 0.663148880005 -0.747989535332
    outer loop
      vertex -16.799955368 53.4294891357 43.3366622925
      vertex -16.1835823059 53.9987754822 42.7199172974
      vertex -16.799955368 53.7522621155 42.9725952148
    endloop
  endfacet
  facet normal 0.000240904701059 0.698052406311 -0.716046631336
    outer loop
      vertex -16.799955368 54.2089538574 42.5041313171
      vertex -21.5999755859 53.7239151001 43.0033302307
      vertex -16.799955368 53.7522621155 42.9725952148
    endloop
  endfacet
  facet normal -0.00116668746341 0.691068410873 -0.722788393497
    outer loop
      vertex -16.799955368 54.2089538574 42.5041313171
      vertex -21.5999755859 54.0734062195 42.6377944946
      vertex -21.5999755859 53.7239151001 43.0033302307
    endloop
  endfacet
  facet normal -1 0 0
    outer loop
      vertex -21.5999755859 7.0791759491 41.2355384827
      vertex -21.5999755859 54.0734062195 42.6377944946
      vertex -21.5999755859 54.4384994507 42.2868118286
    endloop
  endfacet
  facet normal -0.00489477626979 0.638515889645 -0.769593060017
    outer loop
      vertex -16.799955368 53.1239700317 43.7108078003
      vertex -16.1835823059 53.1236076355 43.7159690857
      vertex -16.1835823059 53.5382003784 43.2162666321
    endloop
  endfacet
  facet normal -0.0130650820211 0.632441282272 -0.774498105049
    outer loop
      vertex -16.799955368 53.1239700317 43.7108078003
      vertex -16.1835823059 53.5382003784 43.2162666321
      vertex -16.799955368 53.4294891357 43.3366622925
    endloop
  endfacet
  facet normal 0.000326696987031 0.663396060467 -0.74826836586
    outer loop
      vertex -16.799955368 53.7522621155 42.9725952148
      vertex -21.5999755859 53.3904876709 43.3830184937
      vertex -16.799955368 53.4294891357 43.3366622925
    endloop
  endfacet
  facet normal -0.000212540617213 0.659848630428 -0.75139850378
    outer loop
      vertex -16.799955368 53.7522621155 42.9725952148
      vertex -21.5999755859 53.7239151001 43.0033302307
      vertex -21.5999755859 53.3904876709 43.3830184937
    endloop
  endfacet
  facet normal -1 0 0
    outer loop
      vertex -21.5999755859 7.0791759491 41.2355384827
      vertex -21.5999755859 53.7239151001 43.0033302307
      vertex -21.5999755859 54.0734062195 42.6377944946
    endloop
  endfacet
  facet normal -0.00448214402422 0.591794967651 -0.806076049805
    outer loop
      vertex -16.799955368 52.6831092834 44.3112945557
      vertex -16.1835823059 53.1236076355 43.7159690857
      vertex -16.799955368 53.1239700317 43.7108078003
    endloop
  endfacet
  facet normal 0.0004711880174 0.632495164871 -0.774564146996
    outer loop
      vertex -16.799955368 53.4294891357 43.3366622925
      vertex -21.5999755859 53.073474884 43.7762184143
      vertex -16.799955368 53.1239700317 43.7108078003
    endloop
  endfacet
  facet normal -0.000264136702754 0.627649724483 -0.778495848179
    outer loop
      vertex -16.799955368 53.4294891357 43.3366622925
      vertex -21.5999755859 53.3904876709 43.3830184937
      vertex -21.5999755859 53.073474884 43.7762184143
    endloop
  endfacet
  facet normal -1 0 0
    outer loop
      vertex -21.5999755859 7.0791759491 41.2355384827
      vertex -21.5999755859 53.3904876709 43.3830184937
      vertex -21.5999755859 53.7239151001 43.0033302307
    endloop
  endfacet
  facet normal 0.00248419865966 0.596462845802 -0.802636802197
    outer loop
      vertex -16.799955368 52.6831092834 44.3112945557
      vertex -16.1834049225 52.750125885 44.2185440063
      vertex -16.1835823059 53.1236076355 43.7159690857
    endloop
  endfacet
  facet normal 0.0120001621544 0.554505586624 -0.832093477249
    outer loop
      vertex -16.799955368 52.283367157 44.932308197
      vertex -16.1834049225 52.4135818481 44.7235679626
      vertex -16.1834049225 52.750125885 44.2185440063
    endloop
  endfacet
  facet normal -0.000782575691119 0.591800749302 -0.806083917618
    outer loop
      vertex -16.799955368 53.1239700317 43.7108078003
      vertex -21.5999755859 52.77318573 44.1822547913
      vertex -16.799955368 52.6831092834 44.3112945557
    endloop
  endfacet
  facet normal -0.000354763265932 0.594614207745 -0.804011046886
    outer loop
      vertex -16.799955368 53.1239700317 43.7108078003
      vertex -21.5999755859 53.073474884 43.7762184143
      vertex -21.5999755859 52.77318573 44.1822547913
    endloop
  endfacet
  facet normal -1 0 0
    outer loop
      vertex -21.5999755859 7.0791759491 41.2355384827
      vertex -21.5999755859 53.073474884 43.7762184143
      vertex -21.5999755859 53.3904876709 43.3830184937
    endloop
  endfacet
  facet normal -0.01110592857 0.505415260792 -0.86280477047
    outer loop
      vertex -16.1834049225 52.0201530457 45.3951950073
      vertex -16.1834049225 52.4135818481 44.7235679626
      vertex -16.799955368 52.283367157 44.932308197
    endloop
  endfacet
  facet normal -0.00997503474355 0.54122787714 -0.840816795826
    outer loop
      vertex -16.799955368 52.283367157 44.932308197
      vertex -16.1834049225 52.750125885 44.2185440063
      vertex -16.799955368 52.6831092834 44.3112945557
    endloop
  endfacet
  facet normal 0.000486780743813 0.560153305531 -0.828388810158
    outer loop
      vertex -21.5999755859 52.77318573 44.1822547913
      vertex -21.5999755859 52.4903945923 44.6004676819
      vertex -16.799955368 52.6831092834 44.3112945557
    endloop
  endfacet
  facet normal -1 0 0
    outer loop
      vertex -21.5999755859 7.0791759491 41.2355384827
      vertex -21.5999755859 52.77318573 44.1822547913
      vertex -21.5999755859 53.073474884 43.7762184143
    endloop
  endfacet
  facet normal 0.00922783371061 0.48497107625 -0.874481499195
    outer loop
      vertex -16.799955368 51.8804969788 45.6587524414
      vertex -16.1834049225 52.0201530457 45.3951950073
      vertex -16.799955368 52.283367157 44.932308197
    endloop
  endfacet
  facet normal 0.000894963450264 0.541254580021 -0.840858280659
    outer loop
      vertex -16.799955368 52.6831092834 44.3112945557
      vertex -21.5999755859 52.2252731323 45.0305023193
      vertex -16.799955368 52.283367157 44.932308197
    endloop
  endfacet
  facet normal -0.0025603226386 0.524793565273 -0.851225674152
    outer loop
      vertex -16.799955368 52.6831092834 44.3112945557
      vertex -21.5999755859 52.4903945923 44.6004676819
      vertex -21.5999755859 52.2252731323 45.0305023193
    endloop
  endfacet
  facet normal -1 0 0
    outer loop
      vertex -21.5999755859 7.0791759491 41.2355384827
      vertex -21.5999755859 52.4903945923 44.6004676819
      vertex -21.5999755859 52.77318573 44.1822547913
    endloop
  endfacet
  facet normal -0.01049276907 0.448921084404 -0.893509805202
    outer loop
      vertex -16.1832847595 51.6807479858 46.0707359314
      vertex -16.1834049225 52.0201530457 45.3951950073
      vertex -16.799955368 51.8804969788 45.6587524414
    endloop
  endfacet
  facet normal -0.00976142287254 0.392509579659 -0.919696092606
    outer loop
      vertex -16.799955368 51.5226402283 46.425868988
      vertex -16.1832847595 51.3910140991 46.7496109009
      vertex -16.1832847595 51.6807479858 46.0707359314
    endloop
  endfacet
  facet normal -0.0010931158904 0.484991431236 -0.874518215656
    outer loop
      vertex -16.799955368 52.283367157 44.932308197
      vertex -21.5999755859 51.9783821106 45.4714317322
      vertex -16.799955368 51.8804969788 45.6587524414
    endloop
  endfacet
  facet normal -0.000566413451452 0.488557100296 -0.872531712055
    outer loop
      vertex -16.799955368 52.283367157 44.932308197
      vertex -21.5999755859 52.2252731323 45.0305023193
      vertex -21.5999755859 51.9783821106 45.4714317322
    endloop
  endfacet
  facet normal -1 0 0
    outer loop
      vertex -21.5999755859 7.0791759491 41.2355384827
      vertex -21.5999755859 52.2252731323 45.0305023193
      vertex -21.5999755859 52.4903945923 44.6004676819
    endloop
  endfacet
  facet normal -0.00761757651344 0.335660547018 -0.941952228546
    outer loop
      vertex -16.799955368 51.2217407227 47.2106513977
      vertex -16.1832847595 51.14793396 47.43176651
      vertex -16.1832847595 51.3910140991 46.7496109009
    endloop
  endfacet
  facet normal 0.011108241044 0.422733932734 -0.906185746193
    outer loop
      vertex -16.799955368 51.5226402283 46.425868988
      vertex -16.1832847595 51.6807479858 46.0707359314
      vertex -16.799955368 51.8804969788 45.6587524414
    endloop
  endfacet
  facet normal 0.011346087791 0.357981026173 -0.933659911156
    outer loop
      vertex -16.1832847595 51.3910140991 46.7496109009
      vertex -16.799955368 51.5226402283 46.425868988
      vertex -16.799955368 51.2217407227 47.2106513977
    endloop
  endfacet
  facet normal 0.000581548549235 0.451385945082 -0.892328619957
    outer loop
      vertex -21.5999755859 51.9783821106 45.4714317322
      vertex -21.5999755859 51.7501678467 45.922580719
      vertex -16.799955368 51.8804969788 45.6587524414
    endloop
  endfacet
  facet normal -1 0 0
    outer loop
      vertex -21.5999755859 7.0791759491 41.2355384827
      vertex -21.5999755859 51.9783821106 45.4714317322
      vertex -21.5999755859 52.2252731323 45.0305023193
    endloop
  endfacet
  facet normal 0.00981006957591 0.291880458593 -0.95640450716
    outer loop
      vertex -16.1832847595 51.14793396 47.43176651
      vertex -16.799955368 51.2217407227 47.2106513977
      vertex -16.799955368 50.9778213501 48.0099029541
    endloop
  endfacet
  facet normal -0.000278880383121 0.422759979963 -0.90624165535
    outer loop
      vertex -16.799955368 51.8804969788 45.6587524414
      vertex -21.5999755859 51.5410003662 46.3833427429
      vertex -16.799955368 51.5226402283 46.425868988
    endloop
  endfacet
  facet normal 0.000215085747186 0.358004063368 -0.933719992638
    outer loop
      vertex -16.799955368 51.5226402283 46.425868988
      vertex -21.5999755859 51.2133789062 47.2353363037
      vertex -16.799955368 51.2217407227 47.2106513977
    endloop
  endfacet
  facet normal -0.00200367183425 0.413360059261 -0.910565435886
    outer loop
      vertex -16.799955368 51.8804969788 45.6587524414
      vertex -21.5999755859 51.7501678467 45.922580719
      vertex -21.5999755859 51.5410003662 46.3833427429
    endloop
  endfacet
  facet normal -1 0 0
    outer loop
      vertex -21.5999755859 7.0791759491 41.2355384827
      vertex -21.5999755859 51.7501678467 45.922580719
      vertex -21.5999755859 51.9783821106 45.4714317322
    endloop
  endfacet
  facet normal -0.0048990198411 0.277461946011 -0.960724115372
    outer loop
      vertex -16.1832847595 51.14793396 47.43176651
      vertex -16.799955368 50.9778213501 48.0099029541
      vertex -16.1832847595 50.9440193176 48.1378288269
    endloop
  endfacet
  facet normal -0.000164477649378 0.291894495487 -0.956450521946
    outer loop
      vertex -16.799955368 51.2217407227 47.2106513977
      vertex -21.5999755859 51.2133789062 47.2353363037
      vertex -16.799955368 50.9778213501 48.0099029541
    endloop
  endfacet
  facet normal 0.000390530505683 0.358911305666 -0.933371603489
    outer loop
      vertex -16.799955368 51.5226402283 46.425868988
      vertex -21.5999755859 51.5410003662 46.3833427429
      vertex -21.5999755859 51.2133789062 47.2353363037
    endloop
  endfacet
  facet normal -1 0 0
    outer loop
      vertex -21.5999755859 7.0791759491 41.2355384827
      vertex -21.5999755859 51.5410003662 46.3833427429
      vertex -21.5999755859 51.7501678467 45.922580719
    endloop
  endfacet
  facet normal -0.965873718262 -0.25901350379 8.65645802151e-07
    outer loop
      vertex -21.7076206207 50.0377540588 58.3098068237
      vertex -21.8411369324 7.07923603058 58.8078384399
      vertex -21.8411369324 50.0029373169 58.8076934814
    endloop
  endfacet
  facet normal 0.00679264450446 0.224716722965 -0.97440046072
    outer loop
      vertex -16.1832847595 50.9440193176 48.1378288269
      vertex -16.799955368 50.9778213501 48.0099029541
      vertex -16.799955368 50.7908859253 48.820476532
    endloop
  endfacet
  facet normal 0.000778149813414 0.286544471979 -0.958066642284
    outer loop
      vertex -21.5999755859 51.2133789062 47.2353363037
      vertex -21.5999755859 50.9513626099 48.1113929749
      vertex -16.799955368 50.9778213501 48.0099029541
    endloop
  endfacet
  facet normal -1 0 0
    outer loop
      vertex -21.5999755859 7.0791759491 41.2355384827
      vertex -21.5999755859 51.2133789062 47.2353363037
      vertex -21.5999755859 51.5410003662 46.3833427429
    endloop
  endfacet
  facet normal -0.96591770649 -0.258849412203 -1.17362594665e-06
    outer loop
      vertex -21.7076206207 50.0377540588 58.3098068237
      vertex -21.7077407837 7.07926607132 58.3100585938
      vertex -21.8411369324 7.07923603058 58.8078384399
    endloop
  endfacet
  facet normal -0.000619154190645 0.224721863866 -0.974422752857
    outer loop
      vertex -16.799955368 50.9778213501 48.0099029541
      vertex -21.5999755859 50.9513626099 48.1113929749
      vertex -16.799955368 50.7908859253 48.820476532
    endloop
  endfacet
  facet normal -0.000586628681049 0.218378916383 -0.975863873959
    outer loop
      vertex -16.1832847595 50.9440193176 48.1378288269
      vertex -16.799955368 50.7908859253 48.820476532
      vertex -16.1832847595 50.7852859497 48.8471603394
    endloop
  endfacet
  facet normal -1 0 0
    outer loop
      vertex -21.5999755859 7.0791759491 41.2355384827
      vertex -21.5999755859 50.9513626099 48.1113929749
      vertex -21.5999755859 51.2133789062 47.2353363037
    endloop
  endfacet
  facet normal -0.987661898136 -0.156601384282 -1.83566783107e-06
    outer loop
      vertex -21.6269168854 50.0733451843 57.8008117676
      vertex -21.7077407837 7.07926607132 58.3100585938
      vertex -21.7076206207 50.0377540588 58.3098068237
    endloop
  endfacet
  facet normal 0.00123325339518 0.212787732482 -0.977097690105
    outer loop
      vertex -21.5999755859 50.9513626099 48.1113929749
      vertex -21.5999755859 50.7564697266 49.0063323975
      vertex -16.799955368 50.7908859253 48.820476532
    endloop
  endfacet
  facet normal 0.00201480439864 0.160595074296 -0.987018346786
    outer loop
      vertex -16.1832847595 50.7852859497 48.8471603394
      vertex -16.799955368 50.7908859253 48.820476532
      vertex -16.799955368 50.6730117798 49.5449295044
    endloop
  endfacet
  facet normal -1 0 0
    outer loop
      vertex -21.5999755859 7.0791759491 41.2355384827
      vertex -21.5999755859 50.7564697266 49.0063323975
      vertex -21.5999755859 50.9513626099 48.1113929749
    endloop
  endfacet
  facet normal -0.98763614893 -0.156763494015 1.32716337475e-07
    outer loop
      vertex -21.6269168854 50.0733451843 57.8008117676
      vertex -21.6269168854 7.07917165756 57.8008499146
      vertex -21.7077407837 7.07926607132 58.3100585938
    endloop
  endfacet
  facet normal -0.000858762883581 0.160595342517 -0.987019956112
    outer loop
      vertex -16.799955368 50.7908859253 48.820476532
      vertex -21.5999755859 50.7564697266 49.0063323975
      vertex -16.799955368 50.6730117798 49.5449295044
    endloop
  endfacet
  facet normal -1 0 0
    outer loop
      vertex -21.5999755859 7.0791759491 41.2355384827
      vertex -21.5999755859 50.630191803 49.9146232605
      vertex -21.5999755859 50.7564697266 49.0063323975
    endloop
  endfacet
  facet normal -0.99863243103 -0.052280139178 4.42604886075e-08
    outer loop
      vertex -21.5999755859 50.1093292236 57.2861862183
      vertex -21.6269168854 7.07917165756 57.8008499146
      vertex -21.6269168854 50.0733451843 57.8008117676
    endloop
  endfacet
  facet normal 0.0017699416494 0.137703046203 -0.990471959114
    outer loop
      vertex -16.799955368 50.6730117798 49.5449295044
      vertex -21.5999755859 50.7564697266 49.0063323975
      vertex -21.5999755859 50.630191803 49.9146232605
    endloop
  endfacet
  facet normal -1 0 0
    outer loop
      vertex -21.5999755859 7.0791759491 41.2355384827
      vertex -21.5999755859 7.07917165756 49.9146842957
      vertex -21.5999755859 50.630191803 49.9146232605
    endloop
  endfacet
  facet normal -0.99863243103 -0.0522810034454 5.46299219195e-08
    outer loop
      vertex -21.6269168854 7.07917165756 57.8008499146
      vertex -21.5999755859 50.1093292236 57.2861862183
      vertex -21.5999755859 7.07918691635 57.2862281799
    endloop
  endfacet
  facet normal -0.00141097698361 0.0969604402781 -0.995287239552
    outer loop
      vertex -21.5999755859 50.630191803 49.9146232605
      vertex -21.5999755859 50.6258392334 49.9593048096
      vertex -16.799955368 50.6730117798 49.5449295044
    endloop
  endfacet
  facet normal -1 0 -0
    outer loop
      vertex -21.5999755859 7.07917165756 49.9146842957
      vertex -21.5999755859 50.6258392334 49.9593048096
      vertex -21.5999755859 50.630191803 49.9146232605
    endloop
  endfacet
  facet normal -1 0 0
    outer loop
      vertex -21.5999755859 50.5996284485 50.2743148804
      vertex -21.5999755859 7.07918691635 57.2862281799
      vertex -21.5999755859 50.1093292236 57.2861862183
    endloop
  endfacet
  facet normal -0.00263650505804 0.0829084143043 -0.996553659439
    outer loop
      vertex -16.799955368 50.6730117798 49.5449295044
      vertex -21.5999755859 50.6258392334 49.9593048096
      vertex -21.5999755859 50.5996284485 50.2743148804
    endloop
  endfacet
  facet normal -1 -0 -0
    outer loop
      vertex -21.5999755859 7.07919120789 49.9593009949
      vertex -21.5999755859 50.6258392334 49.9593048096
      vertex -21.5999755859 7.07917165756 49.9146842957
    endloop
  endfacet
  facet normal -1 0 0
    outer loop
      vertex -21.5999755859 50.5996284485 50.2743148804
      vertex -21.5999755859 7.07919120789 49.9593009949
      vertex -21.5999755859 7.07918691635 57.2862281799
    endloop
  endfacet
  facet normal -1 0 0
    outer loop
      vertex -21.5999755859 50.6258392334 49.9593048096
      vertex -21.5999755859 7.07919120789 49.9593009949
      vertex -21.5999755859 50.5996284485 50.2743148804
    endloop
  endfacet
  facet normal -0.0872155278921 0.0696193650365 -0.993753790855
    outer loop
      vertex -1.41397082806 49.314125061 69.107131958
      vertex -1.38315570354 50.6360244751 50.2768592834
      vertex -1.7998521328 50.5996284485 50.2743148804
    endloop
  endfacet
  facet normal -0.239892333746 0.0675927177072 -0.968443512917
    outer loop
      vertex -1.03756701946 49.4059867859 69.126914978
      vertex -1.38315570354 50.6360244751 50.2768592834
      vertex -1.41397082806 49.314125061 69.107131958
    endloop
  endfacet
  facet normal -0.424981147051 0.0740814581513 -0.902165710926
    outer loop
      vertex -0.887601733208 50.8760452271 49.1851387024
      vertex -0.599830567837 50.9203262329 50.2967414856
      vertex -0.673860490322 50.975856781 49.1957588196
    endloop
  endfacet
  facet normal -0.258695244789 0.0676206797361 -0.963589251041
    outer loop
      vertex -1.03756701946 49.4059867859 69.126914978
      vertex -0.979095339775 50.7439727783 50.2844085693
      vertex -1.38315570354 50.6360244751 50.2768592834
    endloop
  endfacet
  facet normal -0.422458291054 0.0733788982034 -0.903407156467
    outer loop
      vertex -0.887601733208 50.8760452271 49.1851387024
      vertex -0.979095339775 50.7439727783 50.2844085693
      vertex -0.599830567837 50.9203262329 50.2967414856
    endloop
  endfacet
  facet normal -0.393193006516 0.0639115348458 -0.917232036591
    outer loop
      vertex -0.681251466274 49.5574264526 69.1455688477
      vertex -0.979095339775 50.7439727783 50.2844085693
      vertex -1.03756701946 49.4059867859 69.126914978
    endloop
  endfacet
  facet normal -0.594331085682 0.0688917264342 -0.801264286041
    outer loop
      vertex -0.471084535122 51.0961151123 49.208480835
      vertex -0.25722309947 51.1597480774 50.3133583069
      vertex -0.281303375959 51.2356185913 49.22315979
    endloop
  endfacet
  facet normal -0.422480165958 0.0635505020618 -0.904141485691
    outer loop
      vertex -0.681251466274 49.5574264526 69.1455688477
      vertex -0.599830567837 50.9203262329 50.2967414856
      vertex -0.979095339775 50.7439727783 50.2844085693
    endloop
  endfacet
  facet normal -0.573725402355 0.0640233904123 -0.816541612148
    outer loop
      vertex -0.471084535122 51.0961151123 49.208480835
      vertex -0.599830567837 50.9203262329 50.2967414856
      vertex -0.25722309947 51.1597480774 50.3133583069
    endloop
  endfacet
  facet normal -0.536024868488 0.0585788786411 -0.842167377472
    outer loop
      vertex -0.599830567837 50.9203262329 50.2967414856
      vertex -0.681251466274 49.5574264526 69.1455688477
      vertex -0.353723496199 49.7647018433 69.162689209
    endloop
  endfacet
  facet normal -0.57374060154 0.0575301349163 -0.817014038563
    outer loop
      vertex -0.353723496199 49.7647018433 69.162689209
      vertex -0.25722309947 51.1597480774 50.3133583069
      vertex -0.599830567837 50.9203262329 50.2967414856
    endloop
  endfacet
  facet normal -0.707139253616 0.053543727845 -0.705044090748
    outer loop
      vertex -0.106065735221 51.3928833008 49.239818573
      vertex -0.25722309947 51.1597480774 50.3133583069
      vertex 0.0385341607034 51.4548149109 50.3339920044
    endloop
  endfacet
  facet normal -0.665322542191 0.0517139360309 -0.744762778282
    outer loop
      vertex -0.25722309947 51.1597480774 50.3133583069
      vertex -0.353723496199 49.7647018433 69.162689209
      vertex -0.0642242357135 50.0222663879 69.1779327393
    endloop
  endfacet
  facet normal -0.739698827267 0.0598146915436 -0.670274496078
    outer loop
      vertex -0.106065735221 51.3928833008 49.239818573
      vertex 0.0385341607034 51.4548149109 50.3339920044
      vertex 0.0528392717242 51.5666160583 49.2580986023
    endloop
  endfacet
  facet normal -0.802005469799 0.0399177782238 -0.595981359482
    outer loop
      vertex 0.0528392717242 51.5666160583 49.2580986023
      vertex 0.278562515974 51.7967071533 50.3578987122
      vertex 0.193744629622 51.7548942566 49.278011322
    endloop
  endfacet
  facet normal -0.707145512104 0.0497632026672 -0.705314695835
    outer loop
      vertex -0.0642242357135 50.0222663879 69.1779327393
      vertex 0.0385341607034 51.4548149109 50.3339920044
      vertex -0.25722309947 51.1597480774 50.3133583069
    endloop
  endfacet
  facet normal -0.819065630436 0.0485106259584 -0.571645200253
    outer loop
      vertex 0.0528392717242 51.5666160583 49.2580986023
      vertex 0.0385341607034 51.4548149109 50.3339920044
      vertex 0.278562515974 51.7967071533 50.3578987122
    endloop
  endfacet
  facet normal -0.776599168777 0.0435439869761 -0.62848842144
    outer loop
      vertex 0.0385341607034 51.4548149109 50.3339920044
      vertex -0.0642242357135 50.0222663879 69.1779327393
      vertex 0.180154785514 50.323348999 69.1906890869
    endloop
  endfacet
  facet normal -0.998787522316 0.00430539343506 -0.0490397624671
    outer loop
      vertex 0.588388383389 52.8490562439 49.3936157227
      vertex 0.600009858608 52.9937400818 50.4416007996
      vertex 0.600009858608 53.083568573 49.4184265137
    endloop
  endfacet
  facet normal -0.819095253944 0.0404872708023 -0.57222700119
    outer loop
      vertex 0.180154785514 50.323348999 69.1906890869
      vertex 0.278562515974 51.7967071533 50.3578987122
      vertex 0.0385341607034 51.4548149109 50.3339920044
    endloop
  endfacet
  facet normal -0.903728961945 0.0304248724133 -0.427022606134
    outer loop
      vertex 0.315397232771 51.9561157227 49.2993011475
      vertex 0.455289781094 52.1748657227 50.3843421936
      vertex 0.416427582502 52.1683311462 49.3217086792
    endloop
  endfacet
  facet normal -1 0 0
    outer loop
      vertex 0.600009858608 67.0791625977 67.3670272827
      vertex 0.600009858608 52.9937400818 50.4416007996
      vertex 0.600009858608 51.681186676 69.2127380371
    endloop
  endfacet
  facet normal -0.996165335178 -0.00103138177656 -0.0874843373895
    outer loop
      vertex 0.588388383389 52.8490562439 49.3936157227
      vertex 0.563531756401 52.5780296326 50.4125328064
      vertex 0.600009858608 52.9937400818 50.4416007996
    endloop
  endfacet
  facet normal -0.867908775806 0.0342329144478 -0.495542615652
    outer loop
      vertex 0.278562515974 51.7967071533 50.3578987122
      vertex 0.180154785514 50.323348999 69.1906890869
      vertex 0.372917145491 50.6602630615 69.2007598877
    endloop
  endfacet
  facet normal -0.906344532967 0.0319091789424 -0.421332925558
    outer loop
      vertex 0.315397232771 51.9561157227 49.2993011475
      vertex 0.278562515974 51.7967071533 50.3578987122
      vertex 0.455289781094 52.1748657227 50.3843421936
    endloop
  endfacet
  facet normal -0.996190667152 0.00608263770118 -0.0869891270995
    outer loop
      vertex 0.563531756401 52.5780296326 50.4125328064
      vertex 0.600009858608 51.681186676 69.2127380371
      vertex 0.600009858608 52.9937400818 50.4416007996
    endloop
  endfacet
  facet normal -0.969840526581 0.0182042494416 -0.243059545755
    outer loop
      vertex 0.496179491282 52.3892440796 49.3449745178
      vertex 0.563531756401 52.5780296326 50.4125328064
      vertex 0.553697526455 52.6169395447 49.3690795898
    endloop
  endfacet
  facet normal -0.906347095966 0.029957998544 -0.421470552683
    outer loop
      vertex 0.278562515974 51.7967071533 50.3578987122
      vertex 0.372917145491 50.6602630615 69.2007598877
      vertex 0.455289781094 52.1748657227 50.3843421936
    endloop
  endfacet
  facet normal -0.998351216316 0.00466630514711 -0.057211227715
    outer loop
      vertex 0.563531756401 52.5780296326 50.4125328064
      vertex 0.584155976772 51.4045982361 69.2119369507
      vertex 0.600009858608 51.681186676 69.2127380371
    endloop
  endfacet
  facet normal -0.965951442719 0.0152685940266 -0.258272558451
    outer loop
      vertex 0.496179491282 52.3892440796 49.3449745178
      vertex 0.455289781094 52.1748657227 50.3843421936
      vertex 0.563531756401 52.5780296326 50.4125328064
    endloop
  endfacet
  facet normal -0.936773061752 0.0240005105734 -0.349113434553
    outer loop
      vertex 0.372917145491 50.6602630615 69.2007598877
      vertex 0.508577287197 51.0237884521 69.207901001
      vertex 0.455289781094 52.1748657227 50.3843421936
    endloop
  endfacet
  facet normal -0.98080933094 0.0132177388296 -0.1945207268
    outer loop
      vertex 0.508577287197 51.0237884521 69.207901001
      vertex 0.584155976772 51.4045982361 69.2119369507
      vertex 0.563531756401 52.5780296326 50.4125328064
    endloop
  endfacet
  facet normal -0.965955078602 0.0185142997652 -0.25804656744
    outer loop
      vertex 0.455289781094 52.1748657227 50.3843421936
      vertex 0.508577287197 51.0237884521 69.207901001
      vertex 0.563531756401 52.5780296326 50.4125328064
    endloop
  endfacet
  facet normal -0.995181143284 0.00647052843124 -0.0978396385908
    outer loop
      vertex 0.570207536221 56.2415275574 -1.4102101326
      vertex 0.553876817226 54.7726974487 18.2880134583
      vertex 0.600009858608 55.2397842407 18.3206748962
    endloop
  endfacet
  facet normal -0.972170174122 0.016619188711 -0.233685597777
    outer loop
      vertex 0.481635987759 55.8727302551 -1.40558743477
      vertex 0.553876817226 54.7726974487 18.2880134583
      vertex 0.570207536221 56.2415275574 -1.4102101326
    endloop
  endfacet
  facet normal -0.956986367702 0.0196791552007 -0.289464652538
    outer loop
      vertex 0.481635987759 55.8727302551 -1.40558743477
      vertex 0.417381256819 54.3235702515 18.2566070557
      vertex 0.553876817226 54.7726974487 18.2880134583
    endloop
  endfacet
  facet normal -0.923252403736 0.0271771550179 -0.383231520653
    outer loop
      vertex 0.417381256819 54.3235702515 18.2566070557
      vertex 0.481635987759 55.8727302551 -1.40558743477
      vertex 0.336439073086 55.5223922729 -1.39796507359
    endloop
  endfacet
  facet normal -0.881933093071 0.0323155894876 -0.470265597105
    outer loop
      vertex 0.417381256819 54.3235702515 18.2566070557
      vertex 0.336439073086 55.5223922729 -1.39796507359
      vertex 0.195651993155 53.9097290039 18.2276725769
    endloop
  endfacet
  facet normal -0.64631664753 0.0531900711358 -0.761213243008
    outer loop
      vertex -0.102966301143 53.5469169617 18.2023010254
      vertex -0.108808502555 54.9099006653 -1.37462699413
      vertex -0.397651642561 54.6635971069 -1.35948932171
    endloop
  endfacet
  facet normal -0.851397752762 0.0368861220777 -0.523222029209
    outer loop
      vertex 0.336439073086 55.5223922729 -1.39796507359
      vertex 0.137954697013 55.198677063 -1.38750576973
      vertex 0.195651993155 53.9097290039 18.2276725769
    endloop
  endfacet
  facet normal -0.758451521397 0.0454903878272 -0.650139927864
    outer loop
      vertex 0.137954697013 55.198677063 -1.38750576973
      vertex -0.108808502555 54.9099006653 -1.37462699413
      vertex -0.102966301143 53.5469169617 18.2023010254
    endloop
  endfacet
  facet normal -0.772867381573 0.043872050941 -0.633049190044
    outer loop
      vertex 0.195651993155 53.9097290039 18.2276725769
      vertex 0.137954697013 55.198677063 -1.38750576973
      vertex -0.102966301143 53.5469169617 18.2023010254
    endloop
  endfacet
  facet normal 0.000239023240283 -0.0239479988813 -0.999713182449
    outer loop
      vertex -16.1844768524 52.8343772888 19.6563873291
      vertex -15.5677471161 52.8342323303 19.656375885
      vertex -15.5677471161 52.8161888123 18.9031600952
    endloop
  endfacet
  facet normal 0.00023698034056 -0.0869841203094 -0.996209681034
    outer loop
      vertex -16.1844768524 52.9004364014 20.4129562378
      vertex -15.5677471161 52.8342323303 19.656375885
      vertex -16.1844768524 52.8343772888 19.6563873291
    endloop
  endfacet
  facet normal -0.000573744357098 -0.0876399427652 -0.996152043343
    outer loop
      vertex -16.1844768524 52.9004364014 20.4129562378
      vertex -15.5677471161 52.9007949829 20.4129829407
      vertex -15.5677471161 52.8342323303 19.656375885
    endloop
  endfacet
  facet normal -0.000566638133023 -0.150541737676 -0.98860347271
    outer loop
      vertex -16.1843585968 53.0161743164 21.1730041504
      vertex -15.5677471161 52.9007949829 20.4129829407
      vertex -16.1844768524 52.9004364014 20.4129562378
    endloop
  endfacet
  facet normal -0.0015101772733 -0.151289761066 -0.988488316536
    outer loop
      vertex -16.1843585968 53.0161743164 21.1730041504
      vertex -15.5675678253 53.0171279907 21.1730728149
      vertex -15.5677471161 52.9007949829 20.4129829407
    endloop
  endfacet
  facet normal -0.00148593424819 -0.212374538183 -0.977187216282
    outer loop
      vertex -16.1843585968 53.1727218628 21.8933181763
      vertex -15.5675678253 53.0171279907 21.1730728149
      vertex -16.1843585968 53.0161743164 21.1730041504
    endloop
  endfacet
  facet normal -0.00296738208272 -0.213585436344 -0.97691988945
    outer loop
      vertex -16.1843585968 53.1727218628 21.8933181763
      vertex -15.5675678253 53.1746253967 21.8934555054
      vertex -15.5675678253 53.0171279907 21.1730728149
    endloop
  endfacet
  facet normal -0.00290824472904 -0.272930383682 -0.962029397488
    outer loop
      vertex -16.1842975616 53.3780059814 22.6169052124
      vertex -15.5675678253 53.1746253967 21.8934555054
      vertex -16.1843585968 53.1727218628 21.8933181763
    endloop
  endfacet
  facet normal -0.00490741245449 -0.274506270885 -0.961572766304
    outer loop
      vertex -16.1842975616 53.3780059814 22.6169052124
      vertex -15.5675678253 53.3812179565 22.6171302795
      vertex -15.5675678253 53.1746253967 21.8934555054
    endloop
  endfacet
  facet normal -0.00478814635426 -0.33335351944 -0.94278973341
    outer loop
      vertex -16.1842975616 53.6351890564 23.3442611694
      vertex -15.5675678253 53.3812179565 22.6171302795
      vertex -16.1842975616 53.3780059814 22.6169052124
    endloop
  endfacet
  facet normal -0.00753394886851 -0.335420042276 -0.942038536072
    outer loop
      vertex -16.1842975616 53.6351890564 23.3442611694
      vertex -15.5675678253 53.6402435303 23.3446140289
      vertex -15.5675678253 53.3812179565 22.6171302795
    endloop
  endfacet
  facet normal -0.00731074437499 -0.394390791655 -0.918913722038
    outer loop
      vertex -16.1842975616 53.949016571 24.075466156
      vertex -15.5675678253 53.6402435303 23.3446140289
      vertex -16.1842975616 53.6351890564 23.3442611694
    endloop
  endfacet
  facet normal -0.0107272863388 -0.396817952394 -0.917834639549
    outer loop
      vertex -16.1842975616 53.949016571 24.075466156
      vertex -15.5675678253 53.9564476013 24.0759887695
      vertex -15.5675678253 53.6402435303 23.3446140289
    endloop
  endfacet
  facet normal -0.0104028070346 -0.447055071592 -0.894445955753
    outer loop
      vertex -16.1842975616 54.2169685364 24.6115760803
      vertex -15.5675678253 53.9564476013 24.0759887695
      vertex -16.1842975616 53.949016571 24.075466156
    endloop
  endfacet
  facet normal -0.0133127309382 -0.44973346591 -0.893063604832
    outer loop
      vertex -16.1842975616 54.2169685364 24.6115760803
      vertex -15.5674495697 54.226436615 24.6121139526
      vertex -15.5675678253 53.9564476013 24.0759887695
    endloop
  endfacet
  facet normal -0.0129272928461 -0.492246240377 -0.870360016823
    outer loop
      vertex -16.1842975616 54.5215606689 25.150138855
      vertex -15.5674495697 54.226436615 24.6121139526
      vertex -16.1842975616 54.2169685364 24.6115760803
    endloop
  endfacet
  facet normal -0.0155200194567 -0.494495600462 -0.86904156208
    outer loop
      vertex -16.1842975616 54.5215606689 25.150138855
      vertex -15.5674495697 54.5330352783 25.1509437561
      vertex -15.5674495697 54.226436615 24.6121139526
    endloop
  endfacet
  facet normal -0.0149845695123 -0.537298202515 -0.843259215355
    outer loop
      vertex -16.1842975616 54.8666000366 25.69165802
      vertex -15.5674495697 54.5330352783 25.1509437561
      vertex -16.1842975616 54.5215606689 25.150138855
    endloop
  endfacet
  facet normal -0.0171164963394 -0.539025008678 -0.842115819454
    outer loop
      vertex -16.1842975616 54.8666000366 25.69165802
      vertex -15.5674495697 54.8796310425 25.6924285889
      vertex -15.5674495697 54.5330352783 25.1509437561
    endloop
  endfacet
  facet normal -0.0164411477745 -0.582433104515 -0.812712311745
    outer loop
      vertex -16.1842975616 55.2568435669 26.2361946106
      vertex -15.5674495697 54.8796310425 25.6924285889
      vertex -16.1842975616 54.8666000366 25.69165802
    endloop
  endfacet
  facet normal -0.0147200655192 -0.58114361763 -0.81366789341
    outer loop
      vertex -16.1842975616 55.2568435669 26.2361946106
      vertex -15.5673904419 55.2685928345 26.2370147705
      vertex -15.5674495697 54.8796310425 25.6924285889
    endloop
  endfacet
  facet normal -0.0141200674698 -0.619541585445 -0.784836828709
    outer loop
      vertex -16.1841182709 55.5499229431 26.607460022
      vertex -15.5673904419 55.2685928345 26.2370147705
      vertex -16.1842975616 55.2568435669 26.2361946106
    endloop
  endfacet
  facet normal -0.0161581318825 -0.621642053127 -0.783134758472
    outer loop
      vertex -16.1841182709 55.5499229431 26.607460022
      vertex -15.5673904419 55.8581886292 26.9797821045
      vertex -15.5673904419 55.2685928345 26.2370147705
    endloop
  endfacet
  facet normal 0.00998125225306 -0.647465646267 -0.762029290199
    outer loop
      vertex -16.1841182709 55.8667793274 26.9803848267
      vertex -15.5673904419 55.8581886292 26.9797821045
      vertex -16.1841182709 55.5499229431 26.607460022
    endloop
  endfacet
  facet normal -0.0107932444662 -0.64746016264 -0.762022852898
    outer loop
      vertex -16.1841182709 55.5499229431 26.607460022
      vertex -16.799955368 55.7272186279 26.8263969421
      vertex -16.1841182709 55.8667793274 26.9803848267
    endloop
  endfacet
  facet normal 0.00203995127231 -0.676007270813 -0.736892104149
    outer loop
      vertex -16.799955368 56.2119789124 27.3548164368
      vertex -16.1841182709 55.8667793274 26.9803848267
      vertex -16.799955368 55.7272186279 26.8263969421
    endloop
  endfacet
  facet normal 0.0252807103097 -0.566005289555 -0.824013888836
    outer loop
      vertex -16.799955368 57.4192314148 28.8792610168
      vertex -16.1841182709 57.1946296692 28.5797843933
      vertex -16.799955368 57.0569496155 28.3518371582
    endloop
  endfacet
  facet normal 0.0124861393124 -0.666593313217 -0.745317041874
    outer loop
      vertex -16.799955368 56.2119789124 27.3548164368
      vertex -16.1841182709 56.3843803406 27.5591125488
      vertex -16.1841182709 55.8667793274 26.9803848267
    endloop
  endfacet
  facet normal 0.0387960039079 -0.59133297205 -0.805493712425
    outer loop
      vertex -16.1841182709 57.1946296692 28.5797843933
      vertex -16.1841182709 56.8959999084 28.1730003357
      vertex -16.799955368 57.0569496155 28.3518371582
    endloop
  endfacet
  facet normal 0.0177731662989 -0.675576210022 -0.737075924873
    outer loop
      vertex -16.799955368 56.2119789124 27.3548164368
      vertex -16.799955368 56.6085243225 27.7874603271
      vertex -16.1841182709 56.3843803406 27.5591125488
    endloop
  endfacet
  facet normal 0.0239649992436 -0.621910274029 -0.782721757889
    outer loop
      vertex -16.799955368 57.0569496155 28.3518371582
      vertex -16.1841182709 56.8959999084 28.1730003357
      vertex -16.799955368 56.6085243225 27.7874603271
    endloop
  endfacet
  facet normal 0.0421714559197 -0.639649093151 -0.76750934124
    outer loop
      vertex -16.799955368 56.6085243225 27.7874603271
      vertex -16.1841182709 56.8959999084 28.1730003357
      vertex -16.1841182709 56.3843803406 27.5591125488
    endloop
  endfacet
  facet normal 0.0105074672028 -0.0239522214979 -0.999657869339
    outer loop
      vertex -16.799955368 52.8447227478 19.8181762695
      vertex -16.1844768524 52.8343772888 19.6563873291
      vertex -16.1844768524 52.8163299561 18.9031677246
    endloop
  endfacet
  facet normal -0.00611939607188 -0.0869824960828 -0.99619102478
    outer loop
      vertex -16.1844768524 52.9004364014 20.4129562378
      vertex -16.1844768524 52.8343772888 19.6563873291
      vertex -16.799955368 52.8447227478 19.8181762695
    endloop
  endfacet
  facet normal 0.0102893523872 -0.103808023036 -0.994544148445
    outer loop
      vertex -16.799955368 52.9315795898 20.6503162384
      vertex -16.1844768524 52.9004364014 20.4129562378
      vertex -16.799955368 52.8447227478 19.8181762695
    endloop
  endfacet
  facet normal 0.000551821896806 -0.0689294189215 -0.997621357441
    outer loop
      vertex -21.5999755859 52.8310623169 19.5820426941
      vertex -21.5999755859 52.8638801575 20.056974411
      vertex -16.799955368 52.8447227478 19.8181762695
    endloop
  endfacet
  facet normal -1 0 0
    outer loop
      vertex -21.5999755859 7.07913351059 26.9847869873
      vertex -21.5999755859 52.8310623169 19.5820426941
      vertex -21.5999755859 52.8170547485 19.1060333252
    endloop
  endfacet
  facet normal -0.00803334452212 -0.150535777211 -0.988571941853
    outer loop
      vertex -16.1843585968 53.0161743164 21.1730041504
      vertex -16.1844768524 52.9004364014 20.4129562378
      vertex -16.799955368 52.9315795898 20.6503162384
    endloop
  endfacet
  facet normal -0.000726395461243 -0.103813491762 -0.994596540928
    outer loop
      vertex -16.799955368 52.8447227478 19.8181762695
      vertex -21.5999755859 52.9154891968 20.5297241211
      vertex -16.799955368 52.9315795898 20.6503162384
    endloop
  endfacet
  facet normal -0.00143202824984 -0.108523525298 -0.994092822075
    outer loop
      vertex -16.799955368 52.8447227478 19.8181762695
      vertex -21.5999755859 52.8638801575 20.056974411
      vertex -21.5999755859 52.9154891968 20.5297241211
    endloop
  endfacet
  facet normal -1 0 0
    outer loop
      vertex -21.5999755859 7.07913351059 26.9847869873
      vertex -21.5999755859 52.8638801575 20.056974411
      vertex -21.5999755859 52.8310623169 19.5820426941
    endloop
  endfacet
  facet normal -0.00901311635971 -0.212366148829 -0.977148592472
    outer loop
      vertex -16.1843585968 53.1727218628 21.8933181763
      vertex -16.1843585968 53.0161743164 21.1730041504
      vertex -16.799955368 53.0768814087 21.4784603119
    endloop
  endfacet
  facet normal 0.0113805197179 -0.172804579139 -0.984890401363
    outer loop
      vertex -16.799955368 53.0768814087 21.4784603119
      vertex -16.1843585968 53.0161743164 21.1730041504
      vertex -16.799955368 52.9315795898 20.6503162384
    endloop
  endfacet
  facet normal 0.000398922711611 -0.147860109806 -0.989008188248
    outer loop
      vertex -21.5999755859 52.9154891968 20.5297241211
      vertex -21.5999755859 52.9857521057 20.9996986389
      vertex -16.799955368 52.9315795898 20.6503162384
    endloop
  endfacet
  facet normal -1 0 0
    outer loop
      vertex -21.5999755859 7.07913351059 26.9847869873
      vertex -21.5999755859 52.9154891968 20.5297241211
      vertex -21.5999755859 52.8638801575 20.056974411
    endloop
  endfacet
  facet normal 0.0101309875026 -0.239326745272 -0.970886230469
    outer loop
      vertex -16.799955368 53.2648658752 22.2410507202
      vertex -16.1843585968 53.1727218628 21.8933181763
      vertex -16.799955368 53.0768814087 21.4784603119
    endloop
  endfacet
  facet normal -4.18337258452e-05 -0.172815769911 -0.984954178333
    outer loop
      vertex -16.799955368 52.9315795898 20.6503162384
      vertex -21.5999755859 53.0744972229 21.4660263062
      vertex -16.799955368 53.0768814087 21.4784603119
    endloop
  endfacet
  facet normal -0.00252165785059 -0.1869546175 -0.982365310192
    outer loop
      vertex -16.799955368 52.9315795898 20.6503162384
      vertex -21.5999755859 52.9857521057 20.9996986389
      vertex -21.5999755859 53.0744972229 21.4660263062
    endloop
  endfacet
  facet normal -1 0 0
    outer loop
      vertex -21.5999755859 7.07913351059 26.9847869873
      vertex -21.5999755859 52.9857521057 20.9996986389
      vertex -21.5999755859 52.9154891968 20.5297241211
    endloop
  endfacet
  facet normal -0.0101755456999 -0.272916823626 -0.961983799934
    outer loop
      vertex -16.1842975616 53.3780059814 22.6169052124
      vertex -16.1843585968 53.1727218628 21.8933181763
      vertex -16.799955368 53.2648658752 22.2410507202
    endloop
  endfacet
  facet normal -0.00126531766728 -0.239338830113 -0.970935285091
    outer loop
      vertex -16.799955368 53.0768814087 21.4784603119
      vertex -21.5999755859 53.1814880371 21.9281959534
      vertex -16.799955368 53.2648658752 22.2410507202
    endloop
  endfacet
  facet normal 0.000100036661024 -0.225534036756 -0.974235296249
    outer loop
      vertex -16.799955368 53.0768814087 21.4784603119
      vertex -21.5999755859 53.0744972229 21.4660263062
      vertex -21.5999755859 53.1814880371 21.9281959534
    endloop
  endfacet
  facet normal -1 0 0
    outer loop
      vertex -21.5999755859 7.07913351059 26.9847869873
      vertex -21.5999755859 53.0744972229 21.4660263062
      vertex -21.5999755859 52.9857521057 20.9996986389
    endloop
  endfacet
  facet normal 0.00952155329287 -0.302506685257 -0.953099727631
    outer loop
      vertex -16.799955368 53.5040969849 22.9947910309
      vertex -16.1842975616 53.3780059814 22.6169052124
      vertex -16.799955368 53.2648658752 22.2410507202
    endloop
  endfacet
  facet normal 0.000453840038972 -0.264005869627 -0.964520990849
    outer loop
      vertex -21.5999755859 53.1814880371 21.9281959534
      vertex -21.5999755859 53.3066062927 22.3853034973
      vertex -16.799955368 53.2648658752 22.2410507202
    endloop
  endfacet
  facet normal -1 0 0
    outer loop
      vertex -21.5999755859 7.07913351059 26.9847869873
      vertex -21.5999755859 53.1814880371 21.9281959534
      vertex -21.5999755859 53.0744972229 21.4660263062
    endloop
  endfacet
  facet normal -0.0115227885544 -0.333335220814 -0.942737936974
    outer loop
      vertex -16.799955368 53.5040969849 22.9947910309
      vertex -16.1842975616 53.6351890564 23.3442611694
      vertex -16.1842975616 53.3780059814 22.6169052124
    endloop
  endfacet
  facet normal -0.00086205615662 -0.302520304918 -0.953142523766
    outer loop
      vertex -16.799955368 53.2648658752 22.2410507202
      vertex -21.5999755859 53.4496002197 22.8367767334
      vertex -16.799955368 53.5040969849 22.9947910309
    endloop
  endfacet
  facet normal -0.000783716910519 -0.301945626736 -0.953324854374
    outer loop
      vertex -16.799955368 53.2648658752 22.2410507202
      vertex -21.5999755859 53.3066062927 22.3853034973
      vertex -21.5999755859 53.4496002197 22.8367767334
    endloop
  endfacet
  facet normal -1 0 0
    outer loop
      vertex -21.5999755859 7.07913351059 26.9847869873
      vertex -21.5999755859 53.3066062927 22.3853034973
      vertex -21.5999755859 53.1814880371 21.9281959534
    endloop
  endfacet
  facet normal 0.0110175954178 -0.368153333664 -0.929699778557
    outer loop
      vertex -16.1842975616 53.6351890564 23.3442611694
      vertex -16.799955368 53.5040969849 22.9947910309
      vertex -16.799955368 53.8276863098 23.8119506836
    endloop
  endfacet
  facet normal 0.000495409301948 -0.339440405369 -0.940627455711
    outer loop
      vertex -21.5999755859 53.4496002197 22.8367767334
      vertex -21.5999755859 53.6136169434 23.2912826538
      vertex -16.799955368 53.5040969849 22.9947910309
    endloop
  endfacet
  facet normal -1 0 0
    outer loop
      vertex -21.5999755859 7.07913351059 26.9847869873
      vertex -21.5999755859 53.4496002197 22.8367767334
      vertex -21.5999755859 53.3066062927 22.3853034973
    endloop
  endfacet
  facet normal -0.0122857764363 -0.394371569157 -0.91886895895
    outer loop
      vertex -16.1842975616 53.6351890564 23.3442611694
      vertex -16.799955368 53.8276863098 23.8119506836
      vertex -16.1842975616 53.949016571 24.075466156
    endloop
  endfacet
  facet normal -0.00053585623391 -0.368175625801 -0.929756104946
    outer loop
      vertex -16.799955368 53.5040969849 22.9947910309
      vertex -21.5999755859 53.7958831787 23.7386322021
      vertex -16.799955368 53.8276863098 23.8119506836
    endloop
  endfacet
  facet normal -0.00217625661753 -0.37731936574 -0.926080644131
    outer loop
      vertex -16.799955368 53.5040969849 22.9947910309
      vertex -21.5999755859 53.6136169434 23.2912826538
      vertex -21.5999755859 53.7958831787 23.7386322021
    endloop
  endfacet
  facet normal -1 0 0
    outer loop
      vertex -21.5999755859 7.07913351059 26.9847869873
      vertex -21.5999755859 53.6136169434 23.2912826538
      vertex -21.5999755859 53.4496002197 22.8367767334
    endloop
  endfacet
  facet normal -0.00373703334481 -0.447076141834 -0.894488096237
    outer loop
      vertex -16.1842975616 53.949016571 24.075466156
      vertex -16.799955368 54.2141113281 24.6110076904
      vertex -16.1842975616 54.2169685364 24.6115760803
    endloop
  endfacet
  facet normal 0.0089298421517 -0.43535014987 -0.900216937065
    outer loop
      vertex -16.1842975616 53.949016571 24.075466156
      vertex -16.799955368 53.8276863098 23.8119506836
      vertex -16.799955368 54.2141113281 24.6110076904
    endloop
  endfacet
  facet normal 0.000297145510558 -0.414219021797 -0.91017717123
    outer loop
      vertex -21.5999755859 53.7958831787 23.7386322021
      vertex -21.5999755859 53.9958839417 24.1780929565
      vertex -16.799955368 53.8276863098 23.8119506836
    endloop
  endfacet
  facet normal -1 0 0
    outer loop
      vertex -21.5999755859 7.07913351059 26.9847869873
      vertex -21.5999755859 53.7958831787 23.7386322021
      vertex -21.5999755859 53.6136169434 23.2912826538
    endloop
  endfacet
  facet normal -0.00355252809823 -0.500986278057 -0.865447938442
    outer loop
      vertex -16.1842975616 54.2169685364 24.6115760803
      vertex -16.799955368 54.2141113281 24.6110076904
      vertex -16.799955368 54.6637039185 25.3876724243
    endloop
  endfacet
  facet normal 3.00006540783e-05 -0.435367494822 -0.900252819061
    outer loop
      vertex -16.799955368 53.8276863098 23.8119506836
      vertex -21.5999755859 54.2133216858 24.6090431213
      vertex -16.799955368 54.2141113281 24.6110076904
    endloop
  endfacet
  facet normal -0.00307716871612 -0.450466960669 -0.89278781414
    outer loop
      vertex -16.799955368 53.8276863098 23.8119506836
      vertex -21.5999755859 53.9958839417 24.1780929565
      vertex -21.5999755859 54.2133216858 24.6090431213
    endloop
  endfacet
  facet normal -1 0 0
    outer loop
      vertex -21.5999755859 7.07913351059 26.9847869873
      vertex -21.5999755859 53.9958839417 24.1780929565
      vertex -21.5999755859 53.7958831787 23.7386322021
    endloop
  endfacet
  facet normal 0.0110296765342 -0.492257446051 -0.870379805565
    outer loop
      vertex -16.1842975616 54.2169685364 24.6115760803
      vertex -16.799955368 54.6637039185 25.3876724243
      vertex -16.1842975616 54.5215606689 25.150138855
    endloop
  endfacet
  facet normal -0.00168461748399 -0.500988721848 -0.865452170372
    outer loop
      vertex -16.799955368 54.2141113281 24.6110076904
      vertex -21.5999755859 54.4478607178 25.0309410095
      vertex -16.799955368 54.6637039185 25.3876724243
    endloop
  endfacet
  facet normal 5.49891592527e-05 -0.485877245665 -0.874027073383
    outer loop
      vertex -16.799955368 54.2141113281 24.6110076904
      vertex -21.5999755859 54.2133216858 24.6090431213
      vertex -21.5999755859 54.4478607178 25.0309410095
    endloop
  endfacet
  facet normal -1 0 0
    outer loop
      vertex -21.5999755859 7.07913351059 26.9847869873
      vertex -21.5999755859 54.2133216858 24.6090431213
      vertex -21.5999755859 53.9958839417 24.1780929565
    endloop
  endfacet
  facet normal -0.00201629824005 -0.537357449532 -0.843352198601
    outer loop
      vertex -16.1842975616 54.5215606689 25.150138855
      vertex -16.799955368 54.9127044678 25.7663269043
      vertex -16.1842975616 54.8666000366 25.69165802
    endloop
  endfacet
  facet normal -0.019074941054 -0.549341142178 -0.83538043499
    outer loop
      vertex -16.1842975616 54.5215606689 25.150138855
      vertex -16.799955368 54.6637039185 25.3876724243
      vertex -16.799955368 54.9127044678 25.7663269043
    endloop
  endfacet
  facet normal 0.000291781063424 -0.520550608635 -0.853830754757
    outer loop
      vertex -21.5999755859 54.4478607178 25.0309410095
      vertex -21.5999755859 54.6991996765 25.4431991577
      vertex -16.799955368 54.6637039185 25.3876724243
    endloop
  endfacet
  facet normal -1 0 0
    outer loop
      vertex -21.5999755859 7.07913351059 26.9847869873
      vertex -21.5999755859 54.4478607178 25.0309410095
      vertex -21.5999755859 54.2133216858 24.6090431213
    endloop
  endfacet
  facet normal -0.00939461030066 -0.580289304256 -0.814356207848
    outer loop
      vertex -16.1842975616 54.8666000366 25.69165802
      vertex -16.799955368 54.9127044678 25.7663269043
      vertex -16.799955368 55.1774711609 26.1378898621
    endloop
  endfacet
  facet normal 0.000425318983616 -0.549441039562 -0.835532367229
    outer loop
      vertex -16.799955368 54.6637039185 25.3876724243
      vertex -21.5999755859 54.967086792 25.8453102112
      vertex -16.799955368 54.9127044678 25.7663269043
    endloop
  endfacet
  facet normal -0.000259974709479 -0.554436802864 -0.832225799561
    outer loop
      vertex -16.799955368 54.6637039185 25.3876724243
      vertex -21.5999755859 54.6991996765 25.4431991577
      vertex -21.5999755859 54.967086792 25.8453102112
    endloop
  endfacet
  facet normal -1 0 0
    outer loop
      vertex -21.5999755859 7.07913351059 26.9847869873
      vertex -21.5999755859 54.6991996765 25.4431991577
      vertex -21.5999755859 54.4478607178 25.0309410095
    endloop
  endfacet
  facet normal -0.011779313907 -0.582471430302 -0.812765836716
    outer loop
      vertex -16.1842975616 54.8666000366 25.69165802
      vertex -16.799955368 55.1774711609 26.1378898621
      vertex -16.1842975616 55.2568435669 26.2361946106
    endloop
  endfacet
  facet normal 0 -0.676008701324 -0.73689365387
    outer loop
      vertex -16.799955368 55.7272186279 26.8263969421
      vertex -21.5999755859 56.2119789124 27.3548164368
      vertex -16.799955368 56.2119789124 27.3548164368
    endloop
  endfacet
  facet normal -0.00969565007836 -0.619575560093 -0.784877121449
    outer loop
      vertex -16.1842975616 55.2568435669 26.2361946106
      vertex -16.799955368 55.5005607605 26.5545692444
      vertex -16.1841182709 55.5499229431 26.607460022
    endloop
  endfacet
  facet normal 0.000605982728302 -0.580314815044 -0.814392030239
    outer loop
      vertex -16.799955368 54.9127044678 25.7663269043
      vertex -21.5999755859 55.2513313293 26.2365264893
      vertex -16.799955368 55.1774711609 26.1378898621
    endloop
  endfacet
  facet normal -0.00050623860443 -0.587793529034 -0.809010863304
    outer loop
      vertex -16.799955368 54.9127044678 25.7663269043
      vertex -21.5999755859 54.967086792 25.8453102112
      vertex -21.5999755859 55.2513313293 26.2365264893
    endloop
  endfacet
  facet normal -1 0 0
    outer loop
      vertex -21.5999755859 7.07913351059 26.9847869873
      vertex -21.5999755859 54.967086792 25.8453102112
      vertex -21.5999755859 54.6991996765 25.4431991577
    endloop
  endfacet
  facet normal -0.00404114834964 -0.612760484219 -0.790258347988
    outer loop
      vertex -16.1842975616 55.2568435669 26.2361946106
      vertex -16.799955368 55.1774711609 26.1378898621
      vertex -16.799955368 55.5005607605 26.5545692444
    endloop
  endfacet
  facet normal -0.00117135792971 -0.681765258312 -0.731570065022
    outer loop
      vertex -16.799955368 55.7272186279 26.8263969421
      vertex -21.5999755859 55.8671073914 26.9847488403
      vertex -21.5999755859 56.2119789124 27.3548164368
    endloop
  endfacet
  facet normal -0.00655616121367 -0.640395998955 -0.768016934395
    outer loop
      vertex -16.1841182709 55.5499229431 26.607460022
      vertex -16.799955368 55.5005607605 26.5545692444
      vertex -16.799955368 55.7272186279 26.8263969421
    endloop
  endfacet
  facet normal -0.000659568817355 -0.619745075703 -0.784802913666
    outer loop
      vertex -16.799955368 55.1774711609 26.1378898621
      vertex -21.5999755859 55.2513313293 26.2365264893
      vertex -21.5999755859 55.5513572693 26.6164588928
    endloop
  endfacet
  facet normal -1 0 0
    outer loop
      vertex -21.5999755859 7.07913351059 26.9847869873
      vertex -21.5999755859 55.2513313293 26.2365264893
      vertex -21.5999755859 54.967086792 25.8453102112
    endloop
  endfacet
  facet normal 0.0004617467348 -0.612765431404 -0.790264725685
    outer loop
      vertex -16.799955368 55.1774711609 26.1378898621
      vertex -21.5999755859 55.5513572693 26.6164588928
      vertex -16.799955368 55.5005607605 26.5545692444
    endloop
  endfacet
  facet normal 0.00125559093431 -0.640409231186 -0.768032848835
    outer loop
      vertex -16.799955368 55.5005607605 26.5545692444
      vertex -21.5999755859 55.8671073914 26.9847488403
      vertex -16.799955368 55.7272186279 26.8263969421
    endloop
  endfacet
  facet normal -1 0 0
    outer loop
      vertex -21.5999755859 7.07913351059 26.9847869873
      vertex -21.5999755859 55.5513572693 26.6164588928
      vertex -21.5999755859 55.2513313293 26.2365264893
    endloop
  endfacet
  facet normal -0.000358595250873 -0.650878727436 -0.75918161869
    outer loop
      vertex -16.799955368 55.5005607605 26.5545692444
      vertex -21.5999755859 55.5513572693 26.6164588928
      vertex -21.5999755859 55.8671073914 26.9847488403
    endloop
  endfacet
  facet normal -1 0 0
    outer loop
      vertex -21.5999755859 7.07913351059 26.9847869873
      vertex -21.5999755859 55.8671073914 26.9847488403
      vertex -21.5999755859 55.5513572693 26.6164588928
    endloop
  endfacet
  facet normal -0.00158434640616 -0.0257225576788 -0.999667882919
    outer loop
      vertex -14.8176822662 52.8347320557 19.6564102173
      vertex -14.0679159164 52.8359222412 19.6564941406
      vertex -14.0679159164 52.8165397644 18.9031848907
    endloop
  endfacet
  facet normal -0.000669497239869 -0.0246141459793 -0.999696791172
    outer loop
      vertex -15.5677471161 52.8342323303 19.656375885
      vertex -14.8176822662 52.8347320557 19.6564102173
      vertex -14.8178606033 52.8161888123 18.9031600952
    endloop
  endfacet
  facet normal -0.00157151406165 -0.0886819884181 -0.996058762074
    outer loop
      vertex -14.8176822662 52.9021034241 20.4130764008
      vertex -14.0679159164 52.8359222412 19.6564941406
      vertex -14.8176822662 52.8347320557 19.6564102173
    endloop
  endfacet
  facet normal -0.000664240680635 -0.0876399427652 -0.996151983738
    outer loop
      vertex -15.5677471161 52.9007949829 20.4129829407
      vertex -14.8176822662 52.8347320557 19.6564102173
      vertex -15.5677471161 52.8342323303 19.656375885
    endloop
  endfacet
  facet normal -0.00172354129609 -0.0886819660664 -0.996058523655
    outer loop
      vertex -15.5677471161 52.9007949829 20.4129829407
      vertex -14.8176822662 52.9021034241 20.4130764008
      vertex -14.8176822662 52.8347320557 19.6564102173
    endloop
  endfacet
  facet normal -0.00170267396607 -0.151289656758 -0.988488018513
    outer loop
      vertex -15.5675678253 53.0171279907 21.1730728149
      vertex -14.8176822662 52.9021034241 20.4130764008
      vertex -15.5677471161 52.9007949829 20.4129829407
    endloop
  endfacet
  facet normal -0.00360090937465 -0.153119236231 -0.988201141357
    outer loop
      vertex -15.5675678253 53.0171279907 21.1730728149
      vertex -14.8176822662 53.0198898315 21.1732635498
      vertex -14.8176822662 52.9021034241 20.4130764008
    endloop
  endfacet
  facet normal -0.00354398507625 -0.213585048914 -0.976918041706
    outer loop
      vertex -15.5675678253 53.1746253967 21.8934555054
      vertex -14.8176822662 53.0198898315 21.1732635498
      vertex -15.5675678253 53.0171279907 21.1730728149
    endloop
  endfacet
  facet normal -0.00622159801424 -0.216244444251 -0.976319432259
    outer loop
      vertex -15.5675678253 53.1746253967 21.8934555054
      vertex -14.8176822662 53.1794548035 21.8936691284
      vertex -14.8176822662 53.0198898315 21.1732635498
    endloop
  endfacet
  facet normal -0.00611001672223 -0.274504452944 -0.961566388607
    outer loop
      vertex -15.5675678253 53.3812179565 22.6171302795
      vertex -14.8176822662 53.1794548035 21.8936691284
      vertex -15.5675678253 53.1746253967 21.8934555054
    endloop
  endfacet
  facet normal -0.00918088108301 -0.277445167303 -0.960697591305
    outer loop
      vertex -15.5675678253 53.3812179565 22.6171302795
      vertex -14.8176822662 53.3885345459 22.617641449
      vertex -14.8176822662 53.1794548035 21.8936691284
    endloop
  endfacet
  facet normal -0.00895922072232 -0.33541610837 -0.942027449608
    outer loop
      vertex -15.5675678253 53.6402435303 23.3446140289
      vertex -14.8176822662 53.3885345459 22.617641449
      vertex -15.5675678253 53.3812179565 22.6171302795
    endloop
  endfacet
  facet normal -0.0129199065268 -0.339036613703 -0.940684437752
    outer loop
      vertex -15.5675678253 53.6402435303 23.3446140289
      vertex -14.8175640106 53.6507720947 23.345243454
      vertex -14.8176822662 53.3885345459 22.617641449
    endloop
  endfacet
  facet normal -0.0125503987074 -0.396809518337 -0.91781514883
    outer loop
      vertex -15.5675678253 53.9564476013 24.0759887695
      vertex -14.8175640106 53.6507720947 23.345243454
      vertex -15.5675678253 53.6402435303 23.3446140289
    endloop
  endfacet
  facet normal -0.01648048684 -0.400200724602 -0.916279315948
    outer loop
      vertex -15.5675678253 53.9564476013 24.0759887695
      vertex -14.8175640106 53.9703636169 24.0769577026
      vertex -14.8175640106 53.6507720947 23.345243454
    endloop
  endfacet
  facet normal -0.0159852150828 -0.4497153759 -0.893028855324
    outer loop
      vertex -15.5674495697 54.226436615 24.6121139526
      vertex -14.8175640106 53.9703636169 24.0769577026
      vertex -15.5675678253 53.9564476013 24.0759887695
    endloop
  endfacet
  facet normal -0.0181390140206 -0.452129870653 -0.891767680645
    outer loop
      vertex -15.5674495697 54.226436615 24.6121139526
      vertex -14.8175640106 54.2422485352 24.6132202148
      vertex -14.8175640106 53.9703636169 24.0769577026
    endloop
  endfacet
  facet normal -0.0175966005772 -0.494478583336 -0.869011640549
    outer loop
      vertex -15.5674495697 54.5330352783 25.1509437561
      vertex -14.8175640106 54.2422485352 24.6132202148
      vertex -15.5674495697 54.226436615 24.6121139526
    endloop
  endfacet
  facet normal -0.0176000893116 -0.494482278824 -0.869009494781
    outer loop
      vertex -15.5674495697 54.5330352783 25.1509437561
      vertex -14.8175640106 54.5488548279 25.1520500183
      vertex -14.8175640106 54.2422485352 24.6132202148
    endloop
  endfacet
  facet normal -0.0169672388583 -0.539026379585 -0.842117965221
    outer loop
      vertex -15.5674495697 54.8796310425 25.6924285889
      vertex -14.8175640106 54.5488548279 25.1520500183
      vertex -15.5674495697 54.5330352783 25.1509437561
    endloop
  endfacet
  facet normal -0.0121392002329 -0.534240722656 -0.845245242119
    outer loop
      vertex -15.5674495697 54.8796310425 25.6924285889
      vertex -14.8175640106 54.8908996582 25.6932182312
      vertex -14.8175640106 54.5488548279 25.1520500183
    endloop
  endfacet
  facet normal -0.0116157699376 -0.581167578697 -0.813700973988
    outer loop
      vertex -15.5673904419 55.2685928345 26.2370147705
      vertex -14.8175640106 54.8908996582 25.6932182312
      vertex -15.5674495697 54.8796310425 25.6924285889
    endloop
  endfacet
  facet normal 0.00173788215034 -0.568832337856 -0.822451651096
    outer loop
      vertex -15.5673904419 55.2685928345 26.2370147705
      vertex -14.8175640106 55.2669258118 26.2369003296
      vertex -14.8175640106 54.8908996582 25.6932182312
    endloop
  endfacet
  facet normal 0.00164279399905 -0.621722400188 -0.783235967159
    outer loop
      vertex -15.5673904419 55.8581886292 26.9797821045
      vertex -14.8175640106 55.2669258118 26.2369003296
      vertex -15.5673904419 55.2685928345 26.2370147705
    endloop
  endfacet
  facet normal 0.0501812286675 -0.590456545353 -0.805507898331
    outer loop
      vertex -15.5673904419 55.8581886292 26.9797821045
      vertex -14.8175640106 55.537940979 26.6066207886
      vertex -14.8175640106 55.2669258118 26.2369003296
    endloop
  endfacet
  facet normal 0.0101126423106 -0.639442980289 -0.768772006035
    outer loop
      vertex -15.5673904419 56.3373222351 27.5558204651
      vertex -14.8175640106 55.537940979 26.6066207886
      vertex -15.5673904419 55.8581886292 26.9797821045
    endloop
  endfacet
  facet normal 0.0817563384771 -0.6034309268 -0.793213069439
    outer loop
      vertex -15.5673904419 56.3373222351 27.5558204651
      vertex -14.817442894 56.2556838989 27.550113678
      vertex -14.8175640106 55.537940979 26.6066207886
    endloop
  endfacet
  facet normal 0.0801705941558 -0.620798408985 -0.779860258102
    outer loop
      vertex -15.5673904419 56.8246498108 28.1680107117
      vertex -14.817442894 56.2556838989 27.550113678
      vertex -15.5673904419 56.3373222351 27.5558204651
    endloop
  endfacet
  facet normal 0.119004502892 -0.590539813042 -0.798185884953
    outer loop
      vertex -15.5673904419 56.8246498108 28.1680107117
      vertex -14.817442894 56.7067375183 28.1597671509
      vertex -14.817442894 56.2556838989 27.550113678
    endloop
  endfacet
  facet normal 0.146985903382 -0.563518762589 -0.812921702862
    outer loop
      vertex -14.817325592 56.9877738953 28.5652160645
      vertex -14.0675582886 56.564163208 28.1496887207
      vertex -14.817442894 56.7067375183 28.1597671509
    endloop
  endfacet
  facet normal 0.143354281783 -0.588623285294 -0.795595467091
    outer loop
      vertex -14.817442894 56.7067375183 28.1597671509
      vertex -14.0675582886 56.564163208 28.1496887207
      vertex -14.817442894 56.2556838989 27.550113678
    endloop
  endfacet
  facet normal -0.00158390612341 -0.0279675070196 -0.999607563019
    outer loop
      vertex -13.3179702759 52.837387085 19.6564750671
      vertex -12.5680856705 52.8385772705 19.6565551758
      vertex -12.5680856705 52.8175010681 18.9031448364
    endloop
  endfacet
  facet normal -0.00195281929336 -0.0269785542041 -0.999634087086
    outer loop
      vertex -14.0679159164 52.8359222412 19.6564941406
      vertex -13.3179702759 52.837387085 19.6564750671
      vertex -13.3179702759 52.8170547485 18.9031143188
    endloop
  endfacet
  facet normal -0.00333732157014 -0.0904178619385 -0.99589830637
    outer loop
      vertex -14.8176822662 52.9021034241 20.4130764008
      vertex -14.067855835 52.9046287537 20.4132518768
      vertex -14.0679159164 52.8359222412 19.6564941406
    endloop
  endfacet
  facet normal -0.00157090928406 -0.0921146944165 -0.995747148991
    outer loop
      vertex -13.3179702759 52.9074020386 20.4133224487
      vertex -12.5680856705 52.8385772705 19.6565551758
      vertex -13.3179702759 52.837387085 19.6564750671
    endloop
  endfacet
  facet normal -0.00194716115948 -0.0904183015227 -0.995902001858
    outer loop
      vertex -14.067855835 52.9046287537 20.4132518768
      vertex -13.3179702759 52.837387085 19.6564750671
      vertex -14.0679159164 52.8359222412 19.6564941406
    endloop
  endfacet
  facet normal -0.00329668610357 -0.153119385242 -0.988202214241
    outer loop
      vertex -14.8176822662 53.0198898315 21.1732635498
      vertex -14.067855835 52.9046287537 20.4132518768
      vertex -14.8176822662 52.9021034241 20.4130764008
    endloop
  endfacet
  facet normal -0.00266890483908 -0.0931933671236 -0.995644450188
    outer loop
      vertex -13.3179702759 52.9074020386 20.4133224487
      vertex -12.5680856705 52.9094276428 20.4134635925
      vertex -12.5680856705 52.8385772705 19.6565551758
    endloop
  endfacet
  facet normal -0.00367300328799 -0.092114187777 -0.995741665363
    outer loop
      vertex -14.067855835 52.9046287537 20.4132518768
      vertex -13.3179702759 52.9074020386 20.4133224487
      vertex -13.3179702759 52.837387085 19.6564750671
    endloop
  endfacet
  facet normal -0.00581604614854 -0.15554574132 -0.987811565399
    outer loop
      vertex -14.8176822662 53.0198898315 21.1732635498
      vertex -14.067855835 53.024356842 21.1735782623
      vertex -14.067855835 52.9046287537 20.4132518768
    endloop
  endfacet
  facet normal -0.00263470271602 -0.157742381096 -0.987476766109
    outer loop
      vertex -13.3179702759 53.028881073 21.1737709045
      vertex -12.5680856705 52.9094276428 20.4134635925
      vertex -13.3179702759 52.9074020386 20.4133224487
    endloop
  endfacet
  facet normal -0.00363765144721 -0.155547350645 -0.987821757793
    outer loop
      vertex -14.067855835 53.024356842 21.1735782623
      vertex -13.3179702759 52.9074020386 20.4133224487
      vertex -14.067855835 52.9046287537 20.4132518768
    endloop
  endfacet
  facet normal -0.0057222507894 -0.216245085001 -0.976322352886
    outer loop
      vertex -14.8176822662 53.1794548035 21.8936691284
      vertex -14.067855835 53.024356842 21.1735782623
      vertex -14.8176822662 53.0198898315 21.1732635498
    endloop
  endfacet
  facet normal -0.00325244362466 -0.158336430788 -0.987379848957
    outer loop
      vertex -13.3179702759 53.028881073 21.1737709045
      vertex -12.5679655075 53.0313796997 21.1739463806
      vertex -12.5680856705 52.9094276428 20.4134635925
    endloop
  endfacet
  facet normal -0.00591676263139 -0.157740175724 -0.987462937832
    outer loop
      vertex -14.067855835 53.024356842 21.1735782623
      vertex -13.3179702759 53.028881073 21.1737709045
      vertex -13.3179702759 52.9074020386 20.4133224487
    endloop
  endfacet
  facet normal -0.00859503820539 -0.219095051289 -0.975665688515
    outer loop
      vertex -14.8176822662 53.1794548035 21.8936691284
      vertex -14.0676765442 53.186164856 21.8941383362
      vertex -14.067855835 53.024356842 21.1735782623
    endloop
  endfacet
  facet normal -0.00319754472002 -0.220878913999 -0.975296020508
    outer loop
      vertex -13.3179702759 53.1921195984 21.8945560455
      vertex -12.5679655075 53.0313796997 21.1739463806
      vertex -13.3179702759 53.028881073 21.1737709045
    endloop
  endfacet
  facet normal -0.00582984881476 -0.21910007298 -0.97568500042
    outer loop
      vertex -14.0676765442 53.186164856 21.8941383362
      vertex -13.3179702759 53.028881073 21.1737709045
      vertex -14.067855835 53.024356842 21.1735782623
    endloop
  endfacet
  facet normal -0.00842465180904 -0.277447015047 -0.960704028606
    outer loop
      vertex -14.8176822662 53.3885345459 22.617641449
      vertex -14.0676765442 53.186164856 21.8941383362
      vertex -14.8176822662 53.1794548035 21.8936691284
    endloop
  endfacet
  facet normal -0.00292965699919 -0.220613673329 -0.97535687685
    outer loop
      vertex -13.3179702759 53.1921195984 21.8945560455
      vertex -12.5679655075 53.1944084167 21.8947143555
      vertex -12.5679655075 53.0313796997 21.1739463806
    endloop
  endfacet
  facet normal -0.00762049714103 -0.220873624086 -0.975272655487
    outer loop
      vertex -14.0676765442 53.186164856 21.8941383362
      vertex -13.3179702759 53.1921195984 21.8945560455
      vertex -13.3179702759 53.028881073 21.1737709045
    endloop
  endfacet
  facet normal -0.0115139912814 -0.28040060401 -0.959814012051
    outer loop
      vertex -14.8176822662 53.3885345459 22.617641449
      vertex -14.0676765442 53.3977203369 22.6182861328
      vertex -14.0676765442 53.186164856 21.8941383362
    endloop
  endfacet
  facet normal -0.00286841532215 -0.281567126513 -0.959537267685
    outer loop
      vertex -13.3177919388 53.4045944214 22.6186447144
      vertex -12.5679655075 53.1944084167 21.8947143555
      vertex -13.3179702759 53.1921195984 21.8945560455
    endloop
  endfacet
  facet normal -0.0074649839662 -0.280411362648 -0.959850907326
    outer loop
      vertex -14.0676765442 53.3977203369 22.6182861328
      vertex -13.3179702759 53.1921195984 21.8945560455
      vertex -14.0676765442 53.186164856 21.8941383362
    endloop
  endfacet
  facet normal -0.0112295523286 -0.33904376626 -0.940703570843
    outer loop
      vertex -14.8175640106 53.6507720947 23.345243454
      vertex -14.0676765442 53.3977203369 22.6182861328
      vertex -14.8176822662 53.3885345459 22.617641449
    endloop
  endfacet
  facet normal -0.000555984734092 -0.279360383749 -0.960186183453
    outer loop
      vertex -13.3177919388 53.4045944214 22.6186447144
      vertex -12.5679655075 53.405040741 22.6186771393
      vertex -12.5679655075 53.1944084167 21.8947143555
    endloop
  endfacet
  facet normal -0.00866505596787 -0.281556397676 -0.959505558014
    outer loop
      vertex -14.0676765442 53.3977203369 22.6182861328
      vertex -13.3177919388 53.4045944214 22.6186447144
      vertex -13.3179702759 53.1921195984 21.8945560455
    endloop
  endfacet
  facet normal -0.0137638896704 -0.341355204582 -0.939833581448
    outer loop
      vertex -14.8175640106 53.6507720947 23.345243454
      vertex -14.0676765442 53.6620407104 23.346031189
      vertex -14.0676765442 53.3977203369 22.6182861328
    endloop
  endfacet
  facet normal -0.000541716406588 -0.34030264616 -0.940315783024
    outer loop
      vertex -13.3177919388 53.6679878235 23.3464488983
      vertex -12.5679655075 53.405040741 22.6186771393
      vertex -13.3177919388 53.4045944214 22.6186447144
    endloop
  endfacet
  facet normal -0.00845654215664 -0.341375350952 -0.939889013767
    outer loop
      vertex -14.0676765442 53.6620407104 23.346031189
      vertex -13.3177919388 53.4045944214 22.6186447144
      vertex -14.0676765442 53.3977203369 22.6182861328
    endloop
  endfacet
  facet normal -0.0133486445993 -0.40021944046 -0.916322112083
    outer loop
      vertex -14.8175640106 53.9703636169 24.0769577026
      vertex -14.0676765442 53.6620407104 23.346031189
      vertex -14.8175640106 53.6507720947 23.345243454
    endloop
  endfacet
  facet normal 0.00524326972663 -0.335021644831 -0.942195832729
    outer loop
      vertex -13.3177919388 53.6679878235 23.3464488983
      vertex -12.5679655075 53.6637077332 23.3461456299
      vertex -12.5679655075 53.405040741 22.6186771393
    endloop
  endfacet
  facet normal -0.00726932100952 -0.340293705463 -0.940291106701
    outer loop
      vertex -14.0676765442 53.6620407104 23.346031189
      vertex -13.3177919388 53.6679878235 23.3464488983
      vertex -13.3177919388 53.4045944214 22.6186447144
    endloop
  endfacet
  facet normal -0.0136621035635 -0.400489330292 -0.916199564934
    outer loop
      vertex -14.8175640106 53.9703636169 24.0769577026
      vertex -14.0676765442 53.981842041 24.0776405334
      vertex -14.0676765442 53.6620407104 23.346031189
    endloop
  endfacet
  facet normal 0.00508146639913 -0.396170824766 -0.918162763119
    outer loop
      vertex -13.3176736832 53.9835357666 24.0777587891
      vertex -12.5679655075 53.6637077332 23.3461456299
      vertex -13.3177919388 53.6679878235 23.3464488983
    endloop
  endfacet
  facet normal -0.00704528251663 -0.400516778231 -0.916262328625
    outer loop
      vertex -14.0676765442 53.981842041 24.0776405334
      vertex -13.3177919388 53.6679878235 23.3464488983
      vertex -14.0676765442 53.6620407104 23.346031189
    endloop
  endfacet
  facet normal -0.0132420370355 -0.452164620161 -0.891836166382
    outer loop
      vertex -14.8175640106 54.2422485352 24.6132202148
      vertex -14.0676765442 53.981842041 24.0776405334
      vertex -14.8175640106 53.9703636169 24.0769577026
    endloop
  endfacet
  facet normal 0.0161485224962 -0.386561006308 -0.92212241888
    outer loop
      vertex -13.3176736832 53.9835357666 24.0777587891
      vertex -12.5679655075 53.9700126648 24.0768127441
      vertex -12.5679655075 53.6637077332 23.3461456299
    endloop
  endfacet
  facet normal -0.00201117200777 -0.396174162626 -0.918173193932
    outer loop
      vertex -14.0676765442 53.981842041 24.0776405334
      vertex -13.3176736832 53.9835357666 24.0777587891
      vertex -13.3177919388 53.6679878235 23.3464488983
    endloop
  endfacet
  facet normal -0.0107272388414 -0.449350893497 -0.893290936947
    outer loop
      vertex -14.8175640106 54.2422485352 24.6132202148
      vertex -14.0676765442 54.2515830994 24.6138763428
      vertex -14.0676765442 53.981842041 24.0776405334
    endloop
  endfacet
  facet normal 0.0156401395798 -0.440327912569 -0.897700786591
    outer loop
      vertex -13.3176736832 54.2463226318 24.6135063171
      vertex -12.5679655075 53.9700126648 24.0768127441
      vertex -13.3176736832 53.9835357666 24.0777587891
    endloop
  endfacet
  facet normal -0.00194674287923 -0.449375897646 -0.893340647221
    outer loop
      vertex -14.0676765442 54.2515830994 24.6138763428
      vertex -13.3176736832 53.9835357666 24.0777587891
      vertex -14.0676765442 53.981842041 24.0776405334
    endloop
  endfacet
  facet normal -0.0103865144774 -0.494532197714 -0.869097232819
    outer loop
      vertex -14.8175640106 54.5488548279 25.1520500183
      vertex -14.0676765442 54.2515830994 24.6138763428
      vertex -14.8175640106 54.2422485352 24.6132202148
    endloop
  endfacet
  facet normal 0.028327723965 -0.425993263721 -0.904282748699
    outer loop
      vertex -13.3176736832 54.2463226318 24.6135063171
      vertex -12.5677871704 54.2220344543 24.6118087769
      vertex -12.5679655075 53.9700126648 24.0768127441
    endloop
  endfacet
  facet normal 0.00607987539843 -0.440373629332 -0.897794008255
    outer loop
      vertex -14.0676765442 54.2515830994 24.6138763428
      vertex -13.3176736832 54.2463226318 24.6135063171
      vertex -13.3176736832 53.9835357666 24.0777587891
    endloop
  endfacet
  facet normal -0.00372524745762 -0.487476855516 -0.873127937317
    outer loop
      vertex -14.8175640106 54.5488548279 25.1520500183
      vertex -14.0676765442 54.5521812439 25.1522827148
      vertex -14.0676765442 54.2515830994 24.6138763428
    endloop
  endfacet
  facet normal 0.0274447835982 -0.473532885313 -0.880348443985
    outer loop
      vertex -13.3176736832 54.5354232788 25.1509742737
      vertex -12.5677871704 54.2220344543 24.6118087769
      vertex -13.3176736832 54.2463226318 24.6135063171
    endloop
  endfacet
  facet normal 0.00588353676721 -0.487471818924 -0.873118877411
    outer loop
      vertex -14.0676765442 54.5521812439 25.1522827148
      vertex -13.3176736832 54.2463226318 24.6135063171
      vertex -14.0676765442 54.2515830994 24.6138763428
    endloop
  endfacet
  facet normal -0.00358717120253 -0.534276664257 -0.845302045345
    outer loop
      vertex -14.8175640106 54.8908996582 25.6932182312
      vertex -14.0676765442 54.5521812439 25.1522827148
      vertex -14.8175640106 54.5488548279 25.1520500183
    endloop
  endfacet
  facet normal 0.0448834300041 -0.454627245665 -0.889550209045
    outer loop
      vertex -13.3176736832 54.5354232788 25.1509742737
      vertex -12.5677871704 54.4961853027 25.1482276917
      vertex -12.5677871704 54.2220344543 24.6118087769
    endloop
  endfacet
  facet normal 0.0188488066196 -0.473627150059 -0.880523741245
    outer loop
      vertex -14.0676765442 54.5521812439 25.1522827148
      vertex -13.3176736832 54.5354232788 25.1509742737
      vertex -13.3176736832 54.2463226318 24.6135063171
    endloop
  endfacet
  facet normal 0.00938859395683 -0.521307528019 -0.853317260742
    outer loop
      vertex -14.8175640106 54.8908996582 25.6932182312
      vertex -14.0675582886 54.8822822571 25.692615509
      vertex -14.0676765442 54.5521812439 25.1522827148
    endloop
  endfacet
  facet normal 0.0433841198683 -0.501331269741 -0.864167094231
    outer loop
      vertex -13.3176736832 54.8482704163 25.6902389526
      vertex -12.5677871704 54.4961853027 25.1482276917
      vertex -13.3176736832 54.5354232788 25.1509742737
    endloop
  endfacet
  facet normal 0.0181555058807 -0.521245956421 -0.853213369846
    outer loop
      vertex -14.0675582886 54.8822822571 25.692615509
      vertex -13.3176736832 54.5354232788 25.1509742737
      vertex -14.0676765442 54.5521812439 25.1522827148
    endloop
  endfacet
  facet normal 0.00899530109018 -0.568810164928 -0.822419643402
    outer loop
      vertex -14.8175640106 55.2669258118 26.2369003296
      vertex -14.0675582886 54.8822822571 25.692615509
      vertex -14.8175640106 54.8908996582 25.6932182312
    endloop
  endfacet
  facet normal 0.0656840130687 -0.478074282408 -0.87585991621
    outer loop
      vertex -13.3176736832 54.8482704163 25.6902389526
      vertex -12.5677871704 54.7897377014 25.6860389709
      vertex -12.5677871704 54.4961853027 25.1482276917
    endloop
  endfacet
  facet normal 0.0376152992249 -0.501448631287 -0.86436933279
    outer loop
      vertex -14.0675582886 54.8822822571 25.692615509
      vertex -13.3176736832 54.8482704163 25.6902389526
      vertex -13.3176736832 54.5354232788 25.1509742737
    endloop
  endfacet
  facet normal 0.0308334026486 -0.548171937466 -0.835797131062
    outer loop
      vertex -14.8175640106 55.2669258118 26.2369003296
      vertex -14.0675582886 55.2378540039 26.2347602844
      vertex -14.0675582886 54.8822822571 25.692615509
    endloop
  endfacet
  facet normal 0.0634257495403 -0.52273607254 -0.850131869316
    outer loop
      vertex -13.3176736832 55.1806297302 26.230758667
      vertex -12.5677871704 54.7897377014 25.6860389709
      vertex -13.3176736832 54.8482704163 25.6902389526
    endloop
  endfacet
  facet normal 0.0361648648977 -0.548073887825 -0.835647702217
    outer loop
      vertex -14.0675582886 55.2378540039 26.2347602844
      vertex -13.3176736832 54.8482704163 25.6902389526
      vertex -14.0675582886 54.8822822571 25.692615509
    endloop
  endfacet
  facet normal 0.0295629985631 -0.590942978859 -0.806171476841
    outer loop
      vertex -14.8175640106 55.537940979 26.6066207886
      vertex -14.0675582886 55.2378540039 26.2347602844
      vertex -14.8175640106 55.2669258118 26.2369003296
    endloop
  endfacet
  facet normal 0.168950200081 -0.537432968616 -0.826209187508
    outer loop
      vertex -14.817325592 56.9877738953 28.5652160645
      vertex -14.0675582886 56.8271484375 28.553981781
      vertex -14.0675582886 56.564163208 28.1496887207
    endloop
  endfacet
  facet normal 0.0909605771303 -0.494905918837 -0.864172637463
    outer loop
      vertex -13.3176736832 55.1806297302 26.230758667
      vertex -12.5677270889 55.098400116 26.2250099182
      vertex -12.5677871704 54.7897377014 25.6860389709
    endloop
  endfacet
  facet normal 0.062093835324 -0.522779941559 -0.850203216076
    outer loop
      vertex -14.0675582886 55.2378540039 26.2347602844
      vertex -13.3176736832 55.1806297302 26.230758667
      vertex -13.3176736832 54.8482704163 25.6902389526
    endloop
  endfacet
  facet normal 0.0499744750559 -0.564240396023 -0.824096679688
    outer loop
      vertex -14.8175640106 55.537940979 26.6066207886
      vertex -14.0675582886 55.4900817871 26.6031494141
      vertex -14.0675582886 55.2378540039 26.2347602844
    endloop
  endfacet
  facet normal 0.190927073359 -0.535240769386 -0.822839081287
    outer loop
      vertex -14.0675582886 56.8271484375 28.553981781
      vertex -13.317612648 56.6448440552 28.5412368774
      vertex -14.0675582886 56.564163208 28.1496887207
    endloop
  endfacet
  facet normal 0.133732408285 -0.502376556396 -0.854244351387
    outer loop
      vertex -13.3176736832 55.6511001587 26.9651947021
      vertex -12.5677270889 55.3135223389 26.5908050537
      vertex -12.5677270889 55.098400116 26.2250099182
    endloop
  endfacet
  facet normal 0.0878522619605 -0.537321448326 -0.838789403439
    outer loop
      vertex -13.3176736832 55.6511001587 26.9651947021
      vertex -12.5677270889 55.098400116 26.2250099182
      vertex -13.3176736832 55.1806297302 26.230758667
    endloop
  endfacet
  facet normal 0.0598476976156 -0.563933610916 -0.823648631573
    outer loop
      vertex -14.0675582886 55.4900817871 26.6031494141
      vertex -13.3176736832 55.1806297302 26.230758667
      vertex -14.0675582886 55.2378540039 26.2347602844
    endloop
  endfacet
  facet normal 0.0479280278087 -0.604759275913 -0.794964849949
    outer loop
      vertex -14.817442894 56.2556838989 27.550113678
      vertex -14.0675582886 55.4900817871 26.6031494141
      vertex -14.8175640106 55.537940979 26.6066207886
    endloop
  endfacet
  facet normal 0.179533988237 -0.516402125359 -0.837315022945
    outer loop
      vertex -14.0675582886 56.564163208 28.1496887207
      vertex -13.317612648 56.6448440552 28.5412368774
      vertex -13.317612648 56.1473884583 27.7346420288
    endloop
  endfacet
  facet normal 0.113854035735 -0.563407242298 -0.818296730518
    outer loop
      vertex -14.0675582886 56.564163208 28.1496887207
      vertex -14.0675582886 56.0069389343 27.3403701782
      vertex -14.817442894 56.2556838989 27.550113678
    endloop
  endfacet
  facet normal 0.130916774273 -0.506312608719 -0.852354586124
    outer loop
      vertex -12.5677270889 55.9862861633 27.7233772278
      vertex -12.5677270889 55.3135223389 26.5908050537
      vertex -13.3176736832 55.6511001587 26.9651947021
    endloop
  endfacet
  facet normal 0.0793680921197 -0.537705421448 -0.839388847351
    outer loop
      vertex -14.0675582886 55.4900817871 26.6031494141
      vertex -13.3176736832 55.6511001587 26.9651947021
      vertex -13.3176736832 55.1806297302 26.230758667
    endloop
  endfacet
  facet normal 0.110368132591 -0.570551455021 -0.813811957836
    outer loop
      vertex -14.817442894 56.2556838989 27.550113678
      vertex -14.0675582886 56.0069389343 27.3403701782
      vertex -14.0675582886 55.4900817871 26.6031494141
    endloop
  endfacet
  facet normal 0.142419353127 -0.561314046383 -0.815256595612
    outer loop
      vertex -14.0675582886 56.564163208 28.1496887207
      vertex -13.317612648 56.1473884583 27.7346420288
      vertex -14.0675582886 56.0069389343 27.3403701782
    endloop
  endfacet
  facet normal 0.169889464974 -0.534156560898 -0.828139066696
    outer loop
      vertex -13.317612648 56.1473884583 27.7346420288
      vertex -12.5677270889 55.9862861633 27.7233772278
      vertex -13.3176736832 55.6511001587 26.9651947021
    endloop
  endfacet
  facet normal 0.100820936263 -0.571133434772 -0.814642071724
    outer loop
      vertex -14.0675582886 56.0069389343 27.3403701782
      vertex -13.3176736832 55.6511001587 26.9651947021
      vertex -14.0675582886 55.4900817871 26.6031494141
    endloop
  endfacet
  facet normal 0.126556321979 -0.537675321102 -0.833599865437
    outer loop
      vertex -13.317612648 56.1473884583 27.7346420288
      vertex -13.3176736832 55.6511001587 26.9651947021
      vertex -14.0675582886 56.0069389343 27.3403701782
    endloop
  endfacet
  facet normal 0.000239971530391 -0.0277691166848 -0.999614357948
    outer loop
      vertex -12.0695524216 52.8390579224 19.6565895081
      vertex -11.5709590912 52.8389358521 19.6565818787
      vertex -11.5709590912 52.8180084229 18.9031791687
    endloop
  endfacet
  facet normal -0.000955423689447 -0.0282478220761 -0.999600470066
    outer loop
      vertex -12.5680856705 52.8385772705 19.6565551758
      vertex -12.0695524216 52.8390579224 19.6565895081
      vertex -12.0695524216 52.8177642822 18.9031600952
    endloop
  endfacet
  facet normal 0.000238034466747 -0.0931909233332 -0.99564820528
    outer loop
      vertex -12.0694923401 52.9099006653 20.4134979248
      vertex -11.5709590912 52.8389358521 19.6565818787
      vertex -12.0695524216 52.8390579224 19.6565895081
    endloop
  endfacet
  facet normal -0.000947174907196 -0.0931936576962 -0.995647549629
    outer loop
      vertex -12.5680856705 52.9094276428 20.4134635925
      vertex -12.0695524216 52.8390579224 19.6565895081
      vertex -12.5680856705 52.8385772705 19.6565551758
    endloop
  endfacet
  facet normal 0.00141492660623 -0.0924223959446 -0.995718896389
    outer loop
      vertex -12.0694923401 52.9099006653 20.4134979248
      vertex -11.5709590912 52.9091873169 20.4134483337
      vertex -11.5709590912 52.8389358521 19.6565818787
    endloop
  endfacet
  facet normal -0.000942785816733 -0.0931907892227 -0.995647847652
    outer loop
      vertex -12.5680856705 52.9094276428 20.4134635925
      vertex -12.0694923401 52.9099006653 20.4134979248
      vertex -12.0695524216 52.8390579224 19.6565895081
    endloop
  endfacet
  facet normal 0.00139677594416 -0.157480090857 -0.98752117157
    outer loop
      vertex -12.0694923401 53.0311698914 21.1739311218
      vertex -11.5709590912 52.9091873169 20.4134483337
      vertex -12.0694923401 52.9099006653 20.4134979248
    endloop
  endfacet
  facet normal -0.000930431997404 -0.158337563276 -0.987384617329
    outer loop
      vertex -12.5679655075 53.0313796997 21.1739463806
      vertex -12.0694923401 52.9099006653 20.4134979248
      vertex -12.5680856705 52.9094276428 20.4134635925
    endloop
  endfacet
  facet normal 0.00396058009937 -0.155840009451 -0.987774372101
    outer loop
      vertex -12.0694923401 53.0311698914 21.1739311218
      vertex -11.5709590912 53.0291481018 21.173789978
      vertex -11.5709590912 52.9091873169 20.4134483337
    endloop
  endfacet
  facet normal 0.000410956563428 -0.157480239868 -0.987522065639
    outer loop
      vertex -12.5679655075 53.0313796997 21.1739463806
      vertex -12.0694923401 53.0311698914 21.1739311218
      vertex -12.0694923401 52.9099006653 20.4134979248
    endloop
  endfacet
  facet normal 0.0038940559607 -0.218779414892 -0.975766599178
    outer loop
      vertex -12.0694923401 53.1927185059 21.8944587708
      vertex -11.5709590912 53.0291481018 21.173789978
      vertex -12.0694923401 53.0311698914 21.1739311218
    endloop
  endfacet
  facet normal 0.00040393913514 -0.220614597201 -0.975360989571
    outer loop
      vertex -12.5679655075 53.1944084167 21.8947143555
      vertex -12.0694923401 53.0311698914 21.1739311218
      vertex -12.5679655075 53.0313796997 21.1739463806
    endloop
  endfacet
  facet normal 0.00900285039097 -0.215407863259 -0.976482689381
    outer loop
      vertex -12.0694923401 53.1927185059 21.8944587708
      vertex -11.5709590912 53.1880531311 21.8941364288
      vertex -11.5709590912 53.0291481018 21.173789978
    endloop
  endfacet
  facet normal 0.00319042033516 -0.218779966235 -0.975768983364
    outer loop
      vertex -12.5679655075 53.1944084167 21.8947143555
      vertex -12.0694923401 53.1927185059 21.8944587708
      vertex -12.0694923401 53.0311698914 21.1739311218
    endloop
  endfacet
  facet normal 0.00882095098495 -0.275622427464 -0.961225509644
    outer loop
      vertex -12.0694923401 53.4002876282 22.6183395386
      vertex -11.5709590912 53.1880531311 21.8941364288
      vertex -12.0694923401 53.1927185059 21.8944587708
    endloop
  endfacet
  facet normal 0.00310656661168 -0.279359072447 -0.9601816535
    outer loop
      vertex -12.5679655075 53.405040741 22.6186771393
      vertex -12.0694923401 53.1927185059 21.8944587708
      vertex -12.5679655075 53.1944084167 21.8947143555
    endloop
  endfacet
  facet normal 0.016765281558 -0.270545125008 -0.962561309338
    outer loop
      vertex -12.0694923401 53.4002876282 22.6183395386
      vertex -11.5708990097 53.3914299011 22.6177215576
      vertex -11.5709590912 53.1880531311 21.8941364288
    endloop
  endfacet
  facet normal 0.00898004788905 -0.275622040033 -0.961224138737
    outer loop
      vertex -12.5679655075 53.405040741 22.6186771393
      vertex -12.0694923401 53.4002876282 22.6183395386
      vertex -12.0694923401 53.1927185059 21.8944587708
    endloop
  endfacet
  facet normal 0.0163651704788 -0.329172044992 -0.944128155708
    outer loop
      vertex -12.0694923401 53.6537590027 23.3453445435
      vertex -11.5708990097 53.3914299011 22.6177215576
      vertex -12.0694923401 53.4002876282 22.6183395386
    endloop
  endfacet
  facet normal 0.00875832699239 -0.335013389587 -0.942172646523
    outer loop
      vertex -12.5679655075 53.6637077332 23.3461456299
      vertex -12.0694923401 53.4002876282 22.6183395386
      vertex -12.5679655075 53.405040741 22.6186771393
    endloop
  endfacet
  facet normal 0.0288148056716 -0.321487337351 -0.946475327015
    outer loop
      vertex -12.0694923401 53.6537590027 23.3453445435
      vertex -11.5708990097 53.6382102966 23.3442573547
      vertex -11.5708990097 53.3914299011 22.6177215576
    endloop
  endfacet
  facet normal 0.0183198861778 -0.329160869122 -0.944096148014
    outer loop
      vertex -12.5679655075 53.6637077332 23.3461456299
      vertex -12.0694923401 53.6537590027 23.3453445435
      vertex -12.0694923401 53.4002876282 22.6183395386
    endloop
  endfacet
  facet normal 0.0280407704413 -0.377524673939 -0.92557489872
    outer loop
      vertex -12.069314003 53.9515800476 24.0755233765
      vertex -11.5708990097 53.6382102966 23.3442573547
      vertex -12.0694923401 53.6537590027 23.3453445435
    endloop
  endfacet
  facet normal 0.0177884809673 -0.386550247669 -0.922096788883
    outer loop
      vertex -12.5679655075 53.9700126648 24.0768127441
      vertex -12.0694923401 53.6537590027 23.3453445435
      vertex -12.5679655075 53.6637077332 23.3461456299
    endloop
  endfacet
  facet normal 0.0455857887864 -0.367067068815 -0.92907679081
    outer loop
      vertex -12.069314003 53.9515800476 24.0755233765
      vertex -11.5708990097 53.9264297485 24.0737667084
      vertex -11.5708990097 53.6382102966 23.3442573547
    endloop
  endfacet
  facet normal 0.0332322642207 -0.37746566534 -0.925427079201
    outer loop
      vertex -12.5679655075 53.9700126648 24.0768127441
      vertex -12.069314003 53.9515800476 24.0755233765
      vertex -12.0694923401 53.6537590027 23.3453445435
    endloop
  endfacet
  facet normal 0.0444081239402 -0.414332598448 -0.909041464329
    outer loop
      vertex -12.069314003 54.1951026917 24.6098175049
      vertex -11.5708990097 53.9264297485 24.0737667084
      vertex -12.069314003 53.9515800476 24.0755233765
    endloop
  endfacet
  facet normal 0.0323211736977 -0.425942718983 -0.904172599316
    outer loop
      vertex -12.5677871704 54.2220344543 24.6118087769
      vertex -12.069314003 53.9515800476 24.0755233765
      vertex -12.5679655075 53.9700126648 24.0768127441
    endloop
  endfacet
  facet normal 0.0614894889295 -0.400952368975 -0.914032936096
    outer loop
      vertex -12.069314003 54.1951026917 24.6098175049
      vertex -11.5707206726 54.1605033875 24.6073989868
      vertex -11.5708990097 53.9264297485 24.0737667084
    endloop
  endfacet
  facet normal 0.0474470183253 -0.414274662733 -0.908914327621
    outer loop
      vertex -12.5677871704 54.2220344543 24.6118087769
      vertex -12.069314003 54.1951026917 24.6098175049
      vertex -12.069314003 53.9515800476 24.0755233765
    endloop
  endfacet
  facet normal 0.0600335597992 -0.440366059542 -0.895808935165
    outer loop
      vertex -12.069314003 54.4584846497 25.1455917358
      vertex -11.5707206726 54.1605033875 24.6073989868
      vertex -12.069314003 54.1951026917 24.6098175049
    endloop
  endfacet
  facet normal 0.0462368652225 -0.454599142075 -0.889495253563
    outer loop
      vertex -12.5677871704 54.4961853027 25.1482276917
      vertex -12.069314003 54.1951026917 24.6098175049
      vertex -12.5677871704 54.2220344543 24.6118087769
    endloop
  endfacet
  facet normal 0.0808115303516 -0.42445397377 -0.90183609724
    outer loop
      vertex -12.069314003 54.4584846497 25.1455917358
      vertex -11.5707206726 54.4122848511 25.142364502
      vertex -11.5707206726 54.1605033875 24.6073989868
    endloop
  endfacet
  facet normal 0.0654016882181 -0.440217256546 -0.895506203175
    outer loop
      vertex -12.5677871704 54.4961853027 25.1482276917
      vertex -12.069314003 54.4584846497 25.1455917358
      vertex -12.069314003 54.1951026917 24.6098175049
    endloop
  endfacet
  facet normal 0.0789092108607 -0.46104568243 -0.883860945702
    outer loop
      vertex -12.06919384 54.7385139465 25.6824569702
      vertex -11.5707206726 54.4122848511 25.142364502
      vertex -12.069314003 54.4584846497 25.1455917358
    endloop
  endfacet
  facet normal 0.0637237280607 -0.478135198355 -0.875971496105
    outer loop
      vertex -12.5677871704 54.7897377014 25.6860389709
      vertex -12.069314003 54.4584846497 25.1455917358
      vertex -12.5677871704 54.4961853027 25.1482276917
    endloop
  endfacet
  facet normal 0.102836072445 -0.443027406931 -0.890590488911
    outer loop
      vertex -12.06919384 54.7385139465 25.6824569702
      vertex -11.5707206726 54.6788825989 25.6782836914
      vertex -11.5707206726 54.4122848511 25.142364502
    endloop
  endfacet
  facet normal 0.0874305590987 -0.460718274117 -0.883229613304
    outer loop
      vertex -12.5677871704 54.7897377014 25.6860389709
      vertex -12.06919384 54.7385139465 25.6824569702
      vertex -12.069314003 54.4584846497 25.1455917358
    endloop
  endfacet
  facet normal 0.100537031889 -0.475998729467 -0.873680412769
    outer loop
      vertex -12.06919384 55.0315628052 26.2203369141
      vertex -11.5707206726 54.6788825989 25.6782836914
      vertex -12.06919384 54.7385139465 25.6824569702
    endloop
  endfacet
  facet normal 0.0852701887488 -0.495155602694 -0.864609718323
    outer loop
      vertex -12.5677270889 55.098400116 26.2250099182
      vertex -12.06919384 54.7385139465 25.6824569702
      vertex -12.5677871704 54.7897377014 25.6860389709
    endloop
  endfacet
  facet normal 0.112521208823 -0.475384443998 -0.872552931309
    outer loop
      vertex -12.5677270889 55.098400116 26.2250099182
      vertex -12.06919384 55.0315628052 26.2203369141
      vertex -12.06919384 54.7385139465 25.6824569702
    endloop
  endfacet
  facet normal 0.11013495177 -0.503846228123 -0.856743395329
    outer loop
      vertex -12.5677270889 55.3135223389 26.5908050537
      vertex -12.06919384 55.0315628052 26.2203369141
      vertex -12.5677270889 55.098400116 26.2250099182
    endloop
  endfacet
  facet normal 0.130901277065 -0.482845038176 -0.86586689949
    outer loop
      vertex -12.5677270889 55.3135223389 26.5908050537
      vertex -12.06919384 55.2350921631 26.585319519
      vertex -12.06919384 55.0315628052 26.2203369141
    endloop
  endfacet
  facet normal 0.128557369113 -0.506470263004 -0.852620005608
    outer loop
      vertex -12.5677270889 55.9862861633 27.7233772278
      vertex -12.06919384 55.2350921631 26.585319519
      vertex -12.5677270889 55.3135223389 26.5908050537
    endloop
  endfacet
  facet normal 0.19251640141 -0.480443000793 -0.855635404587
    outer loop
      vertex -12.5677270889 55.9862861633 27.7233772278
      vertex -12.06919384 55.8695335388 27.7152137756
      vertex -12.06919384 55.2350921631 26.585319519
    endloop
  endfacet
  facet normal 0.191749274731 -0.485868424177 -0.852739155293
    outer loop
      vertex -12.5677270889 56.4442100525 28.5270690918
      vertex -12.06919384 55.8695335388 27.7152137756
      vertex -12.5677270889 55.9862861633 27.7233772278
    endloop
  endfacet
  facet normal 0.234475180507 -0.461609899998 -0.855533540249
    outer loop
      vertex -12.5677270889 56.4442100525 28.5270690918
      vertex -12.06919384 56.3022193909 28.5171394348
      vertex -12.06919384 55.8695335388 27.7152137756
    endloop
  endfacet
  facet normal 0.236233070493 -0.450544655323 -0.860931754112
    outer loop
      vertex -12.5677270889 56.8406448364 29.2846069336
      vertex -12.06919384 56.3022193909 28.5171394348
      vertex -12.5677270889 56.4442100525 28.5270690918
    endloop
  endfacet
  facet normal 0.252774059772 -0.448610663414 -0.857236087322
    outer loop
      vertex -13.317612648 57.0702400208 29.3008003235
      vertex -12.5677270889 56.8406448364 29.2846069336
      vertex -12.5677270889 56.4442100525 28.5270690918
    endloop
  endfacet
  facet normal 0.2569052279 -0.423045456409 -0.86892592907
    outer loop
      vertex -13.317612648 57.4380836487 30.0563430786
      vertex -12.5677270889 56.8406448364 29.2846069336
      vertex -13.317612648 57.0702400208 29.3008003235
    endloop
  endfacet
  facet normal 0.250940382481 -0.423730909824 -0.870333850384
    outer loop
      vertex -14.0674991608 57.6619148254 30.0719947815
      vertex -13.317612648 57.4380836487 30.0563430786
      vertex -13.317612648 57.0702400208 29.3008003235
    endloop
  endfacet
  facet normal 0.257477253675 -0.378495573997 -0.889070630074
    outer loop
      vertex -14.0674991608 57.893573761 30.6161499023
      vertex -13.317612648 57.4380836487 30.0563430786
      vertex -14.0674991608 57.6619148254 30.0719947815
    endloop
  endfacet
  facet normal 0.218571051955 -0.382717460394 -0.8976380229
    outer loop
      vertex -14.817325592 58.0821228027 30.6293334961
      vertex -14.0674991608 57.6619148254 30.0719947815
      vertex -14.817325592 57.8501052856 30.0851516724
    endloop
  endfacet
  facet normal 0.21902577579 -0.382191181183 -0.897751450539
    outer loop
      vertex -14.817325592 58.0821228027 30.6293334961
      vertex -14.0674991608 57.893573761 30.6161499023
      vertex -14.0674991608 57.6619148254 30.0719947815
    endloop
  endfacet
  facet normal 0.2250135988 -0.327329128981 -0.91772788763
    outer loop
      vertex -14.817325592 58.2752037048 31.1706733704
      vertex -14.0674991608 57.893573761 30.6161499023
      vertex -14.817325592 58.0821228027 30.6293334961
    endloop
  endfacet
  facet normal 0.223195880651 -0.329546362162 -0.91737818718
    outer loop
      vertex -14.817325592 58.2752037048 31.1706733704
      vertex -14.06731987 58.0880279541 31.157585144
      vertex -14.0674991608 57.893573761 30.6161499023
    endloop
  endfacet
  facet normal 0.160579800606 -0.331584602594 -0.929658949375
    outer loop
      vertex -15.5672101974 58.4080886841 31.1800842285
      vertex -14.817325592 58.2752037048 31.1706733704
      vertex -14.817325592 58.0821228027 30.6293334961
    endloop
  endfacet
  facet normal 0.22861738503 -0.271078854799 -0.935013532639
    outer loop
      vertex -14.817325592 58.4314422607 31.7095718384
      vertex -14.06731987 58.0880279541 31.157585144
      vertex -14.817325592 58.2752037048 31.1706733704
    endloop
  endfacet
  facet normal 0.164712920785 -0.270129233599 -0.948630511761
    outer loop
      vertex -15.5672101974 58.5614509583 31.718662262
      vertex -14.817325592 58.2752037048 31.1706733704
      vertex -15.5672101974 58.4080886841 31.1800842285
    endloop
  endfacet
  facet normal 0.225896030664 -0.274556607008 -0.934660196304
    outer loop
      vertex -14.817325592 58.4314422607 31.7095718384
      vertex -14.06731987 58.2463722229 31.6966285706
      vertex -14.06731987 58.0880279541 31.157585144
    endloop
  endfacet
  facet normal 0.161013022065 -0.274820148945 -0.947918117046
    outer loop
      vertex -15.5672101974 58.5614509583 31.718662262
      vertex -14.817325592 58.4314422607 31.7095718384
      vertex -14.817325592 58.2752037048 31.1706733704
    endloop
  endfacet
  facet normal 0.230422645807 -0.215682268143 -0.948886990547
    outer loop
      vertex -14.8172054291 58.5533256531 32.245929718
      vertex -14.06731987 58.2463722229 31.6966285706
      vertex -14.817325592 58.4314422607 31.7095718384
    endloop
  endfacet
  facet normal 0.16434378922 -0.214111998677 -0.962884843349
    outer loop
      vertex -15.5672101974 58.6807060242 32.2549591064
      vertex -14.817325592 58.4314422607 31.7095718384
      vertex -15.5672101974 58.5614509583 31.718662262
    endloop
  endfacet
  facet normal 0.227653190494 -0.219364821911 -0.948711276054
    outer loop
      vertex -14.8172054291 58.5533256531 32.245929718
      vertex -14.06731987 58.370426178 32.2331390381
      vertex -14.06731987 58.2463722229 31.6966285706
    endloop
  endfacet
  facet normal 0.160824775696 -0.218745976686 -0.962437331676
    outer loop
      vertex -15.5672101974 58.6807060242 32.2549591064
      vertex -14.8172054291 58.5533256531 32.245929718
      vertex -14.817325592 58.4314422607 31.7095718384
    endloop
  endfacet
  facet normal 0.231599241495 -0.154977828264 -0.960387229919
    outer loop
      vertex -14.8172054291 58.6544761658 32.8727531433
      vertex -14.06731987 58.370426178 32.2331390381
      vertex -14.8172054291 58.5533256531 32.245929718
    endloop
  endfacet
  facet normal 0.163650512695 -0.153731763363 -0.974466562271
    outer loop
      vertex -15.5672101974 58.779548645 32.8814964294
      vertex -14.8172054291 58.5533256531 32.245929718
      vertex -15.5672101974 58.6807060242 32.2549591064
    endloop
  endfacet
  facet normal 0.228556469083 -0.158605873585 -0.96052390337
    outer loop
      vertex -14.8172054291 58.6544761658 32.8727531433
      vertex -14.06731987 58.4739570618 32.8601303101
      vertex -14.06731987 58.370426178 32.2331390381
    endloop
  endfacet
  facet normal 0.160659059882 -0.157239794731 -0.974404573441
    outer loop
      vertex -15.5672101974 58.779548645 32.8814964294
      vertex -14.8172054291 58.6544761658 32.8727531433
      vertex -14.8172054291 58.5533256531 32.245929718
    endloop
  endfacet
  facet normal 0.231658324599 -0.0900807753205 -0.968617498875
    outer loop
      vertex -14.8172054291 58.7124900818 33.4965591431
      vertex -14.06731987 58.4739570618 32.8601303101
      vertex -14.8172054291 58.6544761658 32.8727531433
    endloop
  endfacet
  facet normal 0.16282749176 -0.0889678895473 -0.982635200024
    outer loop
      vertex -15.5672101974 58.8360176086 33.5051956177
      vertex -14.8172054291 58.6544761658 32.8727531433
      vertex -15.5672101974 58.779548645 32.8814964294
    endloop
  endfacet
  facet normal 0.229365468025 -0.0928875282407 -0.968898057938
    outer loop
      vertex -14.8172054291 58.7124900818 33.4965591431
      vertex -14.06731987 58.5337638855 33.4839553833
      vertex -14.06731987 58.4739570618 32.8601303101
    endloop
  endfacet
  facet normal 0.160807743669 -0.0913946256042 -0.982745051384
    outer loop
      vertex -15.5672101974 58.8360176086 33.5051956177
      vertex -14.8172054291 58.7124900818 33.4965591431
      vertex -14.8172054291 58.6544761658 32.8727531433
    endloop
  endfacet
  facet normal 0.231365203857 -0.025463540107 -0.97253370285
    outer loop
      vertex -14.8172054291 58.7287445068 34.1173210144
      vertex -14.06731987 58.5337638855 33.4839553833
      vertex -14.8172054291 58.7124900818 33.4965591431
    endloop
  endfacet
  facet normal 0.16219176352 -0.024328649044 -0.986459314823
    outer loop
      vertex -15.5670919418 58.85131073 34.1260299683
      vertex -14.8172054291 58.7124900818 33.4965591431
      vertex -15.5672101974 58.8360176086 33.5051956177
    endloop
  endfacet
  facet normal 0.230141490698 -0.026989094913 -0.972782850266
    outer loop
      vertex -14.8172054291 58.7287445068 34.1173210144
      vertex -14.06731987 58.5509910583 34.1048927307
      vertex -14.06731987 58.5337638855 33.4839553833
    endloop
  endfacet
  facet normal 0.160959720612 -0.0258324313909 -0.986622869968
    outer loop
      vertex -15.5670919418 58.85131073 34.1260299683
      vertex -14.8172054291 58.7287445068 34.1173210144
      vertex -14.8172054291 58.7124900818 33.4965591431
    endloop
  endfacet
  facet normal 0.0933340787888 -0.0245340261608 -0.995332539082
    outer loop
      vertex -16.1839408875 58.9092521667 34.1300811768
      vertex -15.5670919418 58.85131073 34.1260299683
      vertex -15.5672101974 58.8360176086 33.5051956177
    endloop
  endfacet
  facet normal 0.231085672975 0.0390252247453 -0.972150444984
    outer loop
      vertex -14.8172054291 58.7039337158 34.7353363037
      vertex -14.06731987 58.5509910583 34.1048927307
      vertex -14.8172054291 58.7287445068 34.1173210144
    endloop
  endfacet
  facet normal 0.161629587412 0.0400986373425 -0.986036479473
    outer loop
      vertex -15.5670919418 58.8261833191 34.7438850403
      vertex -14.8172054291 58.7287445068 34.1173210144
      vertex -15.5670919418 58.85131073 34.1260299683
    endloop
  endfacet
  facet normal 0.0937094017863 0.0406955108047 -0.994767546654
    outer loop
      vertex -16.1839408875 58.8839759827 34.7479286194
      vertex -15.5670919418 58.85131073 34.1260299683
      vertex -16.1839408875 58.9092521667 34.1300811768
    endloop
  endfacet
  facet normal 0.038372464478 0.0408452749252 -0.998428344727
    outer loop
      vertex -16.799955368 58.9172744751 34.5126914978
      vertex -16.1839408875 58.8839759827 34.7479286194
      vertex -16.1839408875 58.9092521667 34.1300811768
    endloop
  endfacet
  facet normal 0.161212995648 0.0395862236619 -0.986125409603
    outer loop
      vertex -15.5670919418 58.8261833191 34.7438850403
      vertex -14.8172054291 58.7039337158 34.7353363037
      vertex -14.8172054291 58.7287445068 34.1173210144
    endloop
  endfacet
  facet normal 0.0934686586261 0.0404550172389 -0.994799971581
    outer loop
      vertex -16.1839408875 58.8839759827 34.7479286194
      vertex -15.5670919418 58.8261833191 34.7438850403
      vertex -15.5670919418 58.85131073 34.1260299683
    endloop
  endfacet
  facet normal 0.0270319860429 0.0703622922301 -0.997155189514
    outer loop
      vertex -16.799955368 58.8875617981 34.933795929
      vertex -16.1839408875 58.8839759827 34.7479286194
      vertex -16.799955368 58.9172744751 34.5126914978
    endloop
  endfacet
  facet normal 0.161194398999 0.101728528738 -0.981665790081
    outer loop
      vertex -15.5670919418 58.7672996521 35.3121147156
      vertex -14.8172054291 58.7039337158 34.7353363037
      vertex -15.5670919418 58.8261833191 34.7438850403
    endloop
  endfacet
  facet normal 0.0934573039412 0.102358140051 -0.99034768343
    outer loop
      vertex -16.1839408875 58.8252449036 35.3161659241
      vertex -15.5670919418 58.8261833191 34.7438850403
      vertex -16.1839408875 58.8839759827 34.7479286194
    endloop
  endfacet
  facet normal 0.036782540381 0.102738536894 -0.994028091431
    outer loop
      vertex -16.799955368 58.8875617981 34.933795929
      vertex -16.1839408875 58.8252449036 35.3161659241
      vertex -16.1839408875 58.8839759827 34.7479286194
    endloop
  endfacet
  facet normal 0.0937030762434 0.102622970939 -0.990297079086
    outer loop
      vertex -16.1839408875 58.8252449036 35.3161659241
      vertex -15.5670919418 58.7672996521 35.3121147156
      vertex -15.5670919418 58.8261833191 34.7438850403
    endloop
  endfacet
  facet normal 0.0196465235204 0.129905790091 -0.99133169651
    outer loop
      vertex -16.799955368 58.7929496765 35.6557922363
      vertex -16.1839408875 58.8252449036 35.3161659241
      vertex -16.799955368 58.8875617981 34.933795929
    endloop
  endfacet
  facet normal 0.0211342852563 0.204962655902 -0.978541612625
    outer loop
      vertex -16.799955368 58.6434326172 36.3696174622
      vertex -16.1837615967 58.732257843 35.8820114136
      vertex -16.799955368 58.7929496765 35.6557922363
    endloop
  endfacet
  facet normal 0.0933530405164 0.161423638463 -0.982459962368
    outer loop
      vertex -16.1837615967 58.732257843 35.8820114136
      vertex -15.5670919418 58.7672996521 35.3121147156
      vertex -16.1839408875 58.8252449036 35.3161659241
    endloop
  endfacet
  facet normal 0.037635717541 0.162034153938 -0.986067175865
    outer loop
      vertex -16.799955368 58.7929496765 35.6557922363
      vertex -16.1837615967 58.732257843 35.8820114136
      vertex -16.1839408875 58.8252449036 35.3161659241
    endloop
  endfacet
  facet normal 0.00502291508019 -0.0185545329005 -0.999815225601
    outer loop
      vertex -9.57694530487 52.8340415955 19.6561317444
      vertex -8.83760929108 52.8303222656 19.655872345
      vertex -8.83760929108 52.8163490295 18.9029388428
    endloop
  endfacet
  facet normal 0.00498470198363 -0.0818781256676 -0.99662989378
    outer loop
      vertex -9.57682609558 52.8961715698 20.4124298096
      vertex -8.83760929108 52.8303222656 19.655872345
      vertex -9.57694530487 52.8340415955 19.6561317444
    endloop
  endfacet
  facet normal 0.0119252735749 -0.0751377120614 -0.997101843357
    outer loop
      vertex -9.57682609558 52.8961715698 20.4124298096
      vertex -8.83760929108 52.8872833252 20.4118099213
      vertex -8.83760929108 52.8303222656 19.655872345
    endloop
  endfacet
  facet normal 0.0117895193398 -0.138760730624 -0.990255773067
    outer loop
      vertex -9.57682609558 53.0025787354 21.1717967987
      vertex -8.83760929108 52.8872833252 20.4118099213
      vertex -9.57682609558 52.8961715698 20.4124298096
    endloop
  endfacet
  facet normal 0.021967632696 -0.129033893347 -0.991396844387
    outer loop
      vertex -9.57682609558 53.0025787354 21.1717967987
      vertex -8.83755016327 52.9860496521 21.1706390381
      vertex -8.83760929108 52.8872833252 20.4118099213
    endloop
  endfacet
  facet normal 0.021647779271 -0.190713331103 -0.981407046318
    outer loop
      vertex -9.57682609558 53.1423301697 21.8909397125
      vertex -8.83755016327 52.9860496521 21.1706390381
      vertex -9.57682609558 53.0025787354 21.1717967987
    endloop
  endfacet
  facet normal 0.0348431505263 -0.177620515227 -0.983482003212
    outer loop
      vertex -9.57682609558 53.1423301697 21.8909397125
      vertex -8.83755016327 53.1157836914 21.8889884949
      vertex -8.83755016327 52.9860496521 21.1706390381
    endloop
  endfacet
  facet normal 0.0342345349491 -0.237043961883 -0.970895528793
    outer loop
      vertex -9.57682609558 53.3185043335 22.6125354767
      vertex -8.83755016327 53.1157836914 21.8889884949
      vertex -9.57682609558 53.1423301697 21.8909397125
    endloop
  endfacet
  facet normal 0.0513885803521 -0.220402032137 -0.974054515362
    outer loop
      vertex -9.57682609558 53.3185043335 22.6125354767
      vertex -8.83755016327 53.2788772583 22.6097602844
      vertex -8.83755016327 53.1157836914 21.8889884949
    endloop
  endfacet
  facet normal 0.0503736846149 -0.278293788433 -0.959174156189
    outer loop
      vertex -9.57682609558 53.5285415649 23.3364524841
      vertex -8.83755016327 53.2788772583 22.6097602844
      vertex -9.57682609558 53.3185043335 22.6125354767
    endloop
  endfacet
  facet normal 0.0714713856578 -0.258289545774 -0.963420152664
    outer loop
      vertex -9.57682609558 53.5285415649 23.3364524841
      vertex -8.83755016327 53.4726524353 23.3325424194
      vertex -8.83755016327 53.2788772583 22.6097602844
    endloop
  endfacet
  facet normal 0.0699405670166 -0.313434571028 -0.94703066349
    outer loop
      vertex -9.57664775848 53.7688674927 24.062625885
      vertex -8.83755016327 53.4726524353 23.3325424194
      vertex -9.57682609558 53.5285415649 23.3364524841
    endloop
  endfacet
  facet normal 0.0952183976769 -0.289976537228 -0.952285170555
    outer loop
      vertex -9.57664775848 53.7688674927 24.062625885
      vertex -8.83755016327 53.6933555603 24.0573425293
      vertex -8.83755016327 53.4726524353 23.3325424194
    endloop
  endfacet
  facet normal 0.0932411327958 -0.338519841433 -0.936328172684
    outer loop
      vertex -9.57664775848 53.960723877 24.5932922363
      vertex -8.83755016327 53.6933555603 24.0573425293
      vertex -9.57664775848 53.7688674927 24.062625885
    endloop
  endfacet
  facet normal 0.114574633539 -0.312431097031 -0.943005561829
    outer loop
      vertex -9.57664775848 53.960723877 24.5932922363
      vertex -8.8373708725 53.8687744141 24.5868625641
      vertex -8.83755016327 53.6933555603 24.0573425293
    endloop
  endfacet
  facet normal 0.112343333662 -0.355106323957 -0.928050875664
    outer loop
      vertex -9.57664775848 54.1641387939 25.1249046326
      vertex -8.8373708725 53.8687744141 24.5868625641
      vertex -9.57664775848 53.960723877 24.5932922363
    endloop
  endfacet
  facet normal 0.135798633099 -0.326842367649 -0.935271501541
    outer loop
      vertex -9.57664775848 54.1641387939 25.1249046326
      vertex -8.8373708725 54.0541114807 25.1172103882
      vertex -8.8373708725 53.8687744141 24.5868625641
    endloop
  endfacet
  facet normal 0.132860258222 -0.371975362301 -0.91868519783
    outer loop
      vertex -9.576587677 54.5952606201 26.1896896362
      vertex -8.8373708725 54.0541114807 25.1172103882
      vertex -9.57664775848 54.1641387939 25.1249046326
    endloop
  endfacet
  facet normal 0.182091638446 -0.340026706457 -0.92261826992
    outer loop
      vertex -9.576587677 54.5952606201 26.1896896362
      vertex -8.8373708725 54.4455070496 26.1792182922
      vertex -8.8373708725 54.0541114807 25.1172103882
    endloop
  endfacet
  facet normal 0.178669348359 -0.378043681383 -0.908383309841
    outer loop
      vertex -9.576587677 55.128528595 27.4710502625
      vertex -8.8373708725 54.4455070496 26.1792182922
      vertex -9.576587677 54.5952606201 26.1896896362
    endloop
  endfacet
  facet normal 0.164985433221 -0.420613855124 -0.892112016678
    outer loop
      vertex -10.5736541748 55.3924980164 27.4895095825
      vertex -9.576587677 54.5952606201 26.1896896362
      vertex -10.5736541748 54.7859420776 26.2030220032
    endloop
  endfacet
  facet normal 0.240220010281 -0.342727452517 -0.908202767372
    outer loop
      vertex -9.576587677 55.128528595 27.4710502625
      vertex -8.83725166321 54.9276733398 27.4570083618
      vertex -8.8373708725 54.4455070496 26.1792182922
    endloop
  endfacet
  facet normal 0.230897948146 -0.373843640089 -0.898291170597
    outer loop
      vertex -10.5736541748 55.3924980164 27.4895095825
      vertex -9.576587677 55.128528595 27.4710502625
      vertex -9.576587677 54.5952606201 26.1896896362
    endloop
  endfacet
  facet normal 0.238008216023 -0.361730128527 -0.901389718056
    outer loop
      vertex -9.576587677 55.5265159607 28.4627914429
      vertex -8.83725166321 54.9276733398 27.4570083618
      vertex -9.576587677 55.128528595 27.4710502625
    endloop
  endfacet
  facet normal 0.22715498507 -0.403703808784 -0.886241436005
    outer loop
      vertex -10.5735340118 55.8460464478 28.4852409363
      vertex -9.576587677 55.128528595 27.4710502625
      vertex -10.5736541748 55.3924980164 27.4895095825
    endloop
  endfacet
  facet normal 0.284792006016 -0.327133238316 -0.901042342186
    outer loop
      vertex -8.83725166321 54.9276733398 27.4570083618
      vertex -9.576587677 55.5265159607 28.4627914429
      vertex -8.83725166321 55.2867469788 28.4460258484
    endloop
  endfacet
  facet normal 0.277694880962 -0.35778465867 -0.891557991505
    outer loop
      vertex -10.5735340118 55.8460464478 28.4852409363
      vertex -9.576587677 55.5265159607 28.4627914429
      vertex -9.576587677 55.128528595 27.4710502625
    endloop
  endfacet
  facet normal 0.286955684423 -0.305529475212 -0.907914161682
    outer loop
      vertex -8.83725166321 55.5382575989 29.1934165955
      vertex -8.0980348587 55.0474815369 28.4292945862
      vertex -8.83725166321 55.2867469788 28.4460258484
    endloop
  endfacet
  facet normal 0.283866763115 -0.334323436022 -0.898692131042
    outer loop
      vertex -8.83725166321 55.2867469788 28.4460258484
      vertex -9.576587677 55.5265159607 28.4627914429
      vertex -9.576587677 55.8053092957 29.2122116089
    endloop
  endfacet
  facet normal 0.275458753109 -0.373708456755 -0.885699987411
    outer loop
      vertex -10.5735340118 56.1633453369 29.237247467
      vertex -9.576587677 55.5265159607 28.4627914429
      vertex -10.5735340118 55.8460464478 28.4852409363
    endloop
  endfacet
  facet normal 0.318818181753 -0.274285852909 -0.907260835171
    outer loop
      vertex -8.83725166321 55.5382575989 29.1934165955
      vertex -8.0979757309 55.2728614807 29.1748580933
      vertex -8.0980348587 55.0474815369 28.4292945862
    endloop
  endfacet
  facet normal 0.3169939816 -0.302494317293 -0.898894906044
    outer loop
      vertex -8.83725166321 55.2867469788 28.4460258484
      vertex -9.576587677 55.8053092957 29.2122116089
      vertex -8.83725166321 55.5382575989 29.1934165955
    endloop
  endfacet
  facet normal 0.311525315046 -0.331315875053 -0.890607535839
    outer loop
      vertex -10.5735340118 56.1633453369 29.237247467
      vertex -9.576587677 55.8053092957 29.2122116089
      vertex -9.576587677 55.5265159607 28.4627914429
    endloop
  endfacet
  facet normal 0.318713873625 -0.275163501501 -0.907031714916
    outer loop
      vertex -8.83725166321 55.7644615173 29.9390563965
      vertex -8.0979757309 55.2728614807 29.1748580933
      vertex -8.83725166321 55.5382575989 29.1934165955
    endloop
  endfacet
  facet normal 0.317096918821 -0.30170378089 -0.899124205112
    outer loop
      vertex -8.83725166321 55.5382575989 29.1934165955
      vertex -9.576587677 55.8053092957 29.2122116089
      vertex -9.57646846771 56.0560455322 29.9595680237
    endloop
  endfacet
  facet normal 0.310734778643 -0.336878269911 -0.88879519701
    outer loop
      vertex -10.5735340118 56.4474983215 29.9869384766
      vertex -9.576587677 55.8053092957 29.2122116089
      vertex -10.5735340118 56.1633453369 29.237247467
    endloop
  endfacet
  facet normal 0.347294360399 -0.246130436659 -0.904879212379
    outer loop
      vertex -8.83725166321 55.7644615173 29.9390563965
      vertex -8.0979757309 55.4752235413 29.9188308716
      vertex -8.0979757309 55.2728614807 29.1748580933
    endloop
  endfacet
  facet normal 0.346519768238 -0.272316128016 -0.897645771503
    outer loop
      vertex -8.83725166321 55.5382575989 29.1934165955
      vertex -9.57646846771 56.0560455322 29.9595680237
      vertex -8.83725166321 55.7644615173 29.9390563965
    endloop
  endfacet
  facet normal 0.341610193253 -0.298987329006 -0.891015768051
    outer loop
      vertex -10.5735340118 56.4474983215 29.9869384766
      vertex -9.57646846771 56.0560455322 29.9595680237
      vertex -9.576587677 55.8053092957 29.2122116089
    endloop
  endfacet
  facet normal 0.347653508186 -0.243026196957 -0.905580103397
    outer loop
      vertex -8.83719158173 55.9088363647 30.4771232605
      vertex -8.0979757309 55.4752235413 29.9188308716
      vertex -8.83725166321 55.7644615173 29.9390563965
    endloop
  endfacet
  facet normal 0.347219914198 -0.266794323921 -0.899032354355
    outer loop
      vertex -8.83725166321 55.7644615173 29.9390563965
      vertex -9.57646846771 56.0560455322 29.9595680237
      vertex -9.57646846771 56.2160072327 30.4986038208
    endloop
  endfacet
  facet normal 0.341734349728 -0.298088759184 -0.891269147396
    outer loop
      vertex -10.5735340118 56.6282691956 30.527431488
      vertex -9.57646846771 56.0560455322 29.9595680237
      vertex -10.5735340118 56.4474983215 29.9869384766
    endloop
  endfacet
  facet normal 0.366162478924 -0.217832177877 -0.904695630074
    outer loop
      vertex -8.83719158173 55.9088363647 30.4771232605
      vertex -8.0979757309 55.6045265198 30.4558448792
      vertex -8.0979757309 55.4752235413 29.9188308716
    endloop
  endfacet
  facet normal 0.366388827562 -0.241172268987 -0.898662984371
    outer loop
      vertex -8.83725166321 55.7644615173 29.9390563965
      vertex -9.57646846771 56.2160072327 30.4986038208
      vertex -8.83719158173 55.9088363647 30.4771232605
    endloop
  endfacet
  facet normal 0.361858397722 -0.265215188265 -0.893711030483
    outer loop
      vertex -10.5735340118 56.6282691956 30.527431488
      vertex -9.57646846771 56.2160072327 30.4986038208
      vertex -9.57646846771 56.0560455322 29.9595680237
    endloop
  endfacet
  facet normal 0.366693049669 -0.212948367 -0.905642986298
    outer loop
      vertex -8.83719158173 56.0350265503 31.01379776
      vertex -8.0979757309 55.6045265198 30.4558448792
      vertex -8.83719158173 55.9088363647 30.4771232605
    endloop
  endfacet
  facet normal 0.36725333333 -0.233887597919 -0.900234162807
    outer loop
      vertex -8.83719158173 55.9088363647 30.4771232605
      vertex -9.57646846771 56.2160072327 30.4986038208
      vertex -9.57646846771 56.3557128906 31.0363311768
    endloop
  endfacet
  facet normal 0.362355411053 -0.261363893747 -0.894643783569
    outer loop
      vertex -10.5735340118 56.7857246399 31.0663986206
      vertex -9.57646846771 56.2160072327 30.4986038208
      vertex -10.5735340118 56.6282691956 30.527431488
    endloop
  endfacet
  facet normal 0.382844150066 -0.190285086632 -0.90400326252
    outer loop
      vertex -8.83719158173 56.0350265503 31.01379776
      vertex -8.09779644012 55.7172164917 30.9915771484
      vertex -8.0979757309 55.6045265198 30.4558448792
    endloop
  endfacet
  facet normal 0.383531868458 -0.211388617754 -0.899009525776
    outer loop
      vertex -8.83719158173 55.9088363647 30.4771232605
      vertex -9.57646846771 56.3557128906 31.0363311768
      vertex -8.83719158173 56.0350265503 31.01379776
    endloop
  endfacet
  facet normal 0.379222929478 -0.232676669955 -0.895573318005
    outer loop
      vertex -10.5735340118 56.7857246399 31.0663986206
      vertex -9.57646846771 56.3557128906 31.0363311768
      vertex -9.57646846771 56.2160072327 30.4986038208
    endloop
  endfacet
  facet normal 0.383903294802 -0.179667428136 -0.905725061893
    outer loop
      vertex -8.83719158173 56.1412315369 31.5491828918
      vertex -8.09779644012 55.7172164917 30.9915771484
      vertex -8.83719158173 56.0350265503 31.01379776
    endloop
  endfacet
  facet normal 0.384988307953 -0.19802044332 -0.901427686214
    outer loop
      vertex -8.83719158173 56.0350265503 31.01379776
      vertex -9.57646846771 56.3557128906 31.0363311768
      vertex -9.57628917694 56.473400116 31.5724105835
    endloop
  endfacet
  facet normal 0.38055485487 -0.221371516585 -0.89787119627
    outer loop
      vertex -10.5734758377 56.9181251526 31.6035079956
      vertex -9.57646846771 56.3557128906 31.0363311768
      vertex -10.5735340118 56.7857246399 31.0663986206
    endloop
  endfacet
  facet normal 0.397484838963 -0.160004794598 -0.903550922871
    outer loop
      vertex -8.83719158173 56.1412315369 31.5491828918
      vertex -8.09779644012 55.811882019 31.5261535645
      vertex -8.09779644012 55.7172164917 30.9915771484
    endloop
  endfacet
  facet normal 0.3986774683 -0.178445085883 -0.899563014507
    outer loop
      vertex -8.83719158173 56.0350265503 31.01379776
      vertex -9.57628917694 56.473400116 31.5724105835
      vertex -8.83719158173 56.1412315369 31.5491828918
    endloop
  endfacet
  facet normal 0.394175767899 -0.197190031409 -0.897631108761
    outer loop
      vertex -10.5734758377 56.9181251526 31.6035079956
      vertex -9.57628917694 56.473400116 31.5724105835
      vertex -9.57646846771 56.3557128906 31.0363311768
    endloop
  endfacet
  facet normal 0.398904681206 -0.143982186913 -0.905618131161
    outer loop
      vertex -8.83719158173 56.2260932922 32.0829544067
      vertex -8.09779644012 55.811882019 31.5261535645
      vertex -8.83719158173 56.1412315369 31.5491828918
    endloop
  endfacet
  facet normal 0.400524616241 -0.159291625023 -0.90233373642
    outer loop
      vertex -8.83719158173 56.1412315369 31.5491828918
      vertex -9.57628917694 56.473400116 31.5724105835
      vertex -9.57628917694 56.5677680969 32.1069831848
    endloop
  endfacet
  facet normal 0.39610850811 -0.178606003523 -0.900665283203
    outer loop
      vertex -10.5734758377 57.0242958069 32.1389045715
      vertex -9.57628917694 56.473400116 31.5724105835
      vertex -10.5734758377 56.9181251526 31.6035079956
    endloop
  endfacet
  facet normal 0.409967720509 -0.127455756068 -0.903150856495
    outer loop
      vertex -8.83719158173 56.2260932922 32.0829544067
      vertex -8.09779644012 55.8871154785 32.0592498779
      vertex -8.09779644012 55.811882019 31.5261535645
    endloop
  endfacet
  facet normal 0.41146171093 -0.143108338118 -0.900121808052
    outer loop
      vertex -8.83719158173 56.1412315369 31.5491828918
      vertex -9.57628917694 56.5677680969 32.1069831848
      vertex -8.83719158173 56.2260932922 32.0829544067
    endloop
  endfacet
  facet normal 0.406774759293 -0.158812254667 -0.899618208408
    outer loop
      vertex -10.5734758377 57.0242958069 32.1389045715
      vertex -9.57628917694 56.5677680969 32.1069831848
      vertex -9.57628917694 56.473400116 31.5724105835
    endloop
  endfacet
  facet normal 0.41179600358 -0.103042237461 -0.905431568623
    outer loop
      vertex -8.83719158173 56.2971916199 32.7076911926
      vertex -8.09779644012 55.8871154785 32.0592498779
      vertex -8.83719158173 56.2260932922 32.0829544067
    endloop
  endfacet
  facet normal 0.413754403591 -0.114956490695 -0.903101503849
    outer loop
      vertex -8.83719158173 56.2260932922 32.0829544067
      vertex -9.57628917694 56.5677680969 32.1069831848
      vertex -9.57628917694 56.6473503113 32.7321739197
    endloop
  endfacet
  facet normal 0.409298509359 -0.129885569215 -0.903108239174
    outer loop
      vertex -10.5734758377 57.1143341064 32.7649497986
      vertex -9.57628917694 56.5677680969 32.1069831848
      vertex -10.5734758377 57.0242958069 32.1389045715
    endloop
  endfacet
  facet normal 0.421696573496 -0.0897618457675 -0.902283132076
    outer loop
      vertex -8.83719158173 56.2971916199 32.7076911926
      vertex -8.09779644012 55.9492034912 32.6833572388
      vertex -8.09779644012 55.8871154785 32.0592498779
    endloop
  endfacet
  facet normal 0.42311874032 -0.102454043925 -0.900263130665
    outer loop
      vertex -8.83719158173 56.2260932922 32.0829544067
      vertex -9.57628917694 56.6473503113 32.7321739197
      vertex -8.83719158173 56.2971916199 32.7076911926
    endloop
  endfacet
  facet normal 0.418207496405 -0.114699274302 -0.901080787182
    outer loop
      vertex -10.5734758377 57.1143341064 32.7649497986
      vertex -9.57628917694 56.6473503113 32.7321739197
      vertex -9.57628917694 56.5677680969 32.1069831848
    endloop
  endfacet
  facet normal 0.423643499613 -0.0562829189003 -0.904078781605
    outer loop
      vertex -8.83719158173 56.3359413147 33.3301353455
      vertex -8.09779644012 55.9492034912 32.6833572388
      vertex -8.83719158173 56.2971916199 32.7076911926
    endloop
  endfacet
  facet normal 0.425491094589 -0.0648123621941 -0.902638733387
    outer loop
      vertex -8.83719158173 56.2971916199 32.7076911926
      vertex -9.57628917694 56.6473503113 32.7321739197
      vertex -9.57628917694 56.692073822 33.3550376892
    endloop
  endfacet
  facet normal 0.420867234468 -0.075277261436 -0.903993427753
    outer loop
      vertex -10.5734758377 57.1662330627 33.3881912231
      vertex -9.57628917694 56.6473503113 32.7321739197
      vertex -10.5734758377 57.1143341064 32.7649497986
    endloop
  endfacet
  facet normal 0.430241465569 -0.0471860691905 -0.901479780674
    outer loop
      vertex -8.83719158173 56.3359413147 33.3301353455
      vertex -8.09779644012 55.981754303 33.3052444458
      vertex -8.09779644012 55.9492034912 32.6833572388
    endloop
  endfacet
  facet normal 0.43186751008 -0.0560410954058 -0.900194346905
    outer loop
      vertex -8.83719158173 56.2971916199 32.7076911926
      vertex -9.57628917694 56.692073822 33.3550376892
      vertex -8.83719158173 56.3359413147 33.3301353455
    endloop
  endfacet
  facet normal 0.426763951778 -0.0647694244981 -0.902040719986
    outer loop
      vertex -10.5734758377 57.1662330627 33.3881912231
      vertex -9.57628917694 56.692073822 33.3550376892
      vertex -9.57628917694 56.6473503113 32.7321739197
    endloop
  endfacet
  facet normal 0.431773334742 -0.00828791316599 -0.901944041252
    outer loop
      vertex -8.83701324463 56.3415527344 33.9501686096
      vertex -8.09779644012 55.981754303 33.3052444458
      vertex -8.83719158173 56.3359413147 33.3301353455
    endloop
  endfacet
  facet normal 0.433684438467 -0.013184231706 -0.900968372822
    outer loop
      vertex -8.83719158173 56.3359413147 33.3301353455
      vertex -9.57628917694 56.692073822 33.3550376892
      vertex -9.57628917694 56.7011528015 33.9754219055
    endloop
  endfacet
  facet normal 0.428820282221 -0.0192734785378 -0.903184235096
    outer loop
      vertex -10.5734758377 57.1794776917 34.0088691711
      vertex -9.57628917694 56.692073822 33.3550376892
      vertex -10.5734758377 57.1662330627 33.3881912231
    endloop
  endfacet
  facet normal 0.435590058565 -0.00290693435818 -0.900140464306
    outer loop
      vertex -8.83701324463 56.3415527344 33.9501686096
      vertex -8.09779644012 55.983757019 33.925151825
      vertex -8.09779644012 55.981754303 33.3052444458
    endloop
  endfacet
  facet normal 0.437173515558 -0.00826589390635 -0.899339199066
    outer loop
      vertex -8.83719158173 56.3359413147 33.3301353455
      vertex -9.57628917694 56.7011528015 33.9754219055
      vertex -8.83701324463 56.3415527344 33.9501686096
    endloop
  endfacet
  facet normal 0.43209540844 -0.013195396401 -0.90173137188
    outer loop
      vertex -10.5734758377 57.1794776917 34.0088691711
      vertex -9.57628917694 56.7011528015 33.9754219055
      vertex -9.57628917694 56.692073822 33.3550376892
    endloop
  endfacet
  facet normal 0.436427354813 0.0408168323338 -0.898813188076
    outer loop
      vertex -8.83701324463 56.3134994507 34.5679588318
      vertex -8.09779644012 55.983757019 33.925151825
      vertex -8.83701324463 56.3415527344 33.9501686096
    endloop
  endfacet
  facet normal 0.43816319108 0.0392059162259 -0.898040056229
    outer loop
      vertex -8.83701324463 56.3415527344 33.9501686096
      vertex -9.57628917694 56.7011528015 33.9754219055
      vertex -9.57628917694 56.6741828918 34.5931777954
    endloop
  endfacet
  facet normal 0.433210968971 0.0375011302531 -0.900512039661
    outer loop
      vertex -10.5734758377 57.1537437439 34.6268196106
      vertex -9.57628917694 56.7011528015 33.9754219055
      vertex -10.5734758377 57.1794776917 34.0088691711
    endloop
  endfacet
  facet normal 0.43747022748 0.0423117429018 -0.898236870766
    outer loop
      vertex -8.83701324463 56.3134994507 34.5679588318
      vertex -8.09767723083 55.9546012878 34.5428619385
      vertex -8.09779644012 55.983757019 33.925151825
    endloop
  endfacet
  facet normal 0.439242005348 0.0407546497881 -0.897443890572
    outer loop
      vertex -8.83701324463 56.3415527344 33.9501686096
      vertex -9.57628917694 56.6741828918 34.5931777954
      vertex -8.83701324463 56.3134994507 34.5679588318
    endloop
  endfacet
  facet normal 0.434141933918 0.0392909236252 -0.899987220764
    outer loop
      vertex -10.5734758377 57.1537437439 34.6268196106
      vertex -9.57628917694 56.6741828918 34.5931777954
      vertex -9.57628917694 56.7011528015 33.9754219055
    endloop
  endfacet
  facet normal 0.443930000067 0.0962443873286 -0.890877783298
    outer loop
      vertex -8.83701324463 56.2720413208 35.0147171021
      vertex -8.09767723083 55.8625450134 35.3949623108
      vertex -8.09767723083 55.9546012878 34.5428619385
    endloop
  endfacet
  facet normal 0.437470406294 0.0830903127789 -0.895385742188
    outer loop
      vertex -8.83701324463 56.2720413208 35.0147171021
      vertex -8.09767723083 55.9546012878 34.5428619385
      vertex -8.83701324463 56.3134994507 34.5679588318
    endloop
  endfacet
  facet normal 0.439248353243 0.0838622972369 -0.894442856312
    outer loop
      vertex -8.83701324463 56.3134994507 34.5679588318
      vertex -9.57628917694 56.6741828918 34.5931777954
      vertex -9.57622909546 56.6336021423 35.025680542
    endloop
  endfacet
  facet normal 0.434082239866 0.0919310152531 -0.896170377731
    outer loop
      vertex -10.5732965469 57.0953712463 35.1949920654
      vertex -9.57628917694 56.6741828918 34.5931777954
      vertex -10.5734758377 57.1537437439 34.6268196106
    endloop
  endfacet
  facet normal 0.433754920959 0.118529967964 -0.893200576305
    outer loop
      vertex -8.83689403534 56.2128791809 35.4601020813
      vertex -8.09767723083 55.8625450134 35.3949623108
      vertex -8.83701324463 56.2720413208 35.0147171021
    endloop
  endfacet
  facet normal 0.438850194216 0.0830281674862 -0.894716084003
    outer loop
      vertex -8.83701324463 56.3134994507 34.5679588318
      vertex -9.57622909546 56.6336021423 35.025680542
      vertex -8.83701324463 56.2720413208 35.0147171021
    endloop
  endfacet
  facet normal 0.430498301983 0.0842582508922 -0.898649990559
    outer loop
      vertex -10.5732965469 57.0953712463 35.1949920654
      vertex -9.57622909546 56.6336021423 35.025680542
      vertex -9.57628917694 56.6741828918 34.5931777954
    endloop
  endfacet
  facet normal 0.436664313078 0.118344023824 -0.891806542873
    outer loop
      vertex -8.83701324463 56.2720413208 35.0147171021
      vertex -9.57622909546 56.5753059387 35.4569473267
      vertex -8.83689403534 56.2128791809 35.4601020813
    endloop
  endfacet
  facet normal 0.437615990639 0.120448067784 -0.891058087349
    outer loop
      vertex -8.83701324463 56.2720413208 35.0147171021
      vertex -9.57622909546 56.6336021423 35.025680542
      vertex -9.57622909546 56.5753059387 35.4569473267
    endloop
  endfacet
  facet normal 0.435875892639 0.143727526069 -0.888456285
    outer loop
      vertex -10.5732965469 57.003818512 35.7609367371
      vertex -9.57622909546 56.6336021423 35.025680542
      vertex -10.5732965469 57.0953712463 35.1949920654
    endloop
  endfacet
  facet normal 0.4341840446 0.15675278008 -0.887081027031
    outer loop
      vertex -8.83689403534 56.2128791809 35.4601020813
      vertex -9.57622909546 56.5753059387 35.4569473267
      vertex -9.57622909546 56.5014381409 35.8749771118
    endloop
  endfacet
  facet normal 0.422940313816 0.121385164559 -0.897990584373
    outer loop
      vertex -10.5732965469 57.003818512 35.7609367371
      vertex -9.57622909546 56.5753059387 35.4569473267
      vertex -9.57622909546 56.6336021423 35.025680542
    endloop
  endfacet
  facet normal 0.429991453886 0.157102331519 -0.889059185982
    outer loop
      vertex -9.57622909546 56.5014381409 35.8749771118
      vertex -9.57622909546 56.5753059387 35.4569473267
      vertex -10.5732965469 57.003818512 35.7609367371
    endloop
  endfacet
  facet normal 0.00312342587858 0.213605925441 -0.976914942265
    outer loop
      vertex -9.57575321198 50.940322876 48.1373100281
      vertex -10.5728197098 50.7883071899 48.8471260071
      vertex -9.57575321198 50.7851905823 48.846786499
    endloop
  endfacet
  facet normal 0.00771011086181 0.219751209021 -0.97552549839
    outer loop
      vertex -9.57575321198 50.940322876 48.1373100281
      vertex -10.5728197098 50.9480781555 48.1378517151
      vertex -10.5728197098 50.7883071899 48.8471260071
    endloop
  endfacet
  facet normal 0.00129698612727 0.219757556915 -0.975553631783
    outer loop
      vertex -10.5728197098 50.9480781555 48.1378517151
      vertex -11.5698270798 50.7896118164 48.8472175598
      vertex -10.5728197098 50.7883071899 48.8471260071
    endloop
  endfacet
  facet normal 0.00764321116731 0.267180383205 -0.963616251945
    outer loop
      vertex -9.57575321198 51.1362380981 47.430721283
      vertex -10.5728197098 50.9480781555 48.1378517151
      vertex -9.57575321198 50.940322876 48.1373100281
    endloop
  endfacet
  facet normal 0.00406748894602 0.223461702466 -0.97470420599
    outer loop
      vertex -10.5728197098 50.9480781555 48.1378517151
      vertex -11.5698270798 50.9521484375 48.1382598877
      vertex -11.5698270798 50.7896118164 48.8472175598
    endloop
  endfacet
  facet normal 0.0149332014844 0.276719272137 -0.960834741592
    outer loop
      vertex -9.57575321198 51.1362380981 47.430721283
      vertex -10.5728197098 51.1514282227 47.4317817688
      vertex -10.5728197098 50.9480781555 48.1378517151
    endloop
  endfacet
  facet normal 0.00403311662376 0.276747882366 -0.960934102535
    outer loop
      vertex -10.5728197098 51.1514282227 47.4317817688
      vertex -11.5698270798 50.9521484375 48.1382598877
      vertex -10.5728197098 50.9480781555 48.1378517151
    endloop
  endfacet
  facet normal 0.0147863207385 0.316756039858 -0.948391795158
    outer loop
      vertex -9.57587146759 51.3644599915 46.7474021912
      vertex -10.5728197098 51.1514282227 47.4317817688
      vertex -9.57575321198 51.1362380981 47.430721283
    endloop
  endfacet
  facet normal 0.0084639498964 0.282518595457 -0.959224462509
    outer loop
      vertex -10.5728197098 51.1514282227 47.4317817688
      vertex -11.5698270798 51.1600456238 47.432384491
      vertex -11.5698270798 50.9521484375 48.1382598877
    endloop
  endfacet
  facet normal 0.0247386358678 0.329801410437 -0.943726122379
    outer loop
      vertex -9.57587146759 51.3644599915 46.7474021912
      vertex -10.5728197098 51.3899307251 46.7493057251
      vertex -10.5728197098 51.1514282227 47.4317817688
    endloop
  endfacet
  facet normal 0.00836075097322 0.329890847206 -0.943982064724
    outer loop
      vertex -10.5728197098 51.3899307251 46.7493057251
      vertex -11.5698270798 51.1600456238 47.432384491
      vertex -10.5728197098 51.1514282227 47.4317817688
    endloop
  endfacet
  facet normal 0.024502241984 0.361329048872 -0.932116389275
    outer loop
      vertex -9.57587146759 51.6283226013 46.0667190552
      vertex -10.5728197098 51.3899307251 46.7493057251
      vertex -9.57587146759 51.3644599915 46.7474021912
    endloop
  endfacet
  facet normal 0.015413752757 0.339060008526 -0.940638482571
    outer loop
      vertex -10.5728197098 51.3899307251 46.7493057251
      vertex -11.5698862076 51.4058647156 46.7504234314
      vertex -11.5698270798 51.1600456238 47.432384491
    endloop
  endfacet
  facet normal 0.0379618145525 0.378447443247 -0.924844026566
    outer loop
      vertex -9.57587146759 51.6283226013 46.0667190552
      vertex -10.5728197098 51.6680641174 46.0696029663
      vertex -10.5728197098 51.3899307251 46.7493057251
    endloop
  endfacet
  facet normal 0.0152145801112 0.378676593304 -0.925404012203
    outer loop
      vertex -10.5728197098 51.6680641174 46.0696029663
      vertex -11.5698862076 51.4058647156 46.7504234314
      vertex -10.5728197098 51.3899307251 46.7493057251
    endloop
  endfacet
  facet normal 0.0376433692873 0.401233583689 -0.915201961994
    outer loop
      vertex -9.57587146759 51.9257240295 45.3883628845
      vertex -10.5728197098 51.6680641174 46.0696029663
      vertex -9.57587146759 51.6283226013 46.0667190552
    endloop
  endfacet
  facet normal 0.0253614485264 0.391405135393 -0.919868886471
    outer loop
      vertex -10.5728197098 51.6680641174 46.0696029663
      vertex -11.5698862076 51.6947593689 46.071472168
      vertex -11.5698862076 51.4058647156 46.7504234314
    endloop
  endfacet
  facet normal 0.0547885075212 0.422376155853 -0.904763281345
    outer loop
      vertex -9.57587146759 51.9257240295 45.3883628845
      vertex -10.5729389191 51.9841384888 45.3925704956
      vertex -10.5728197098 51.6680641174 46.0696029663
    endloop
  endfacet
  facet normal 0.0250447317958 0.422883182764 -0.9058380723
    outer loop
      vertex -10.5729389191 51.9841384888 45.3925704956
      vertex -11.5698862076 51.6947593689 46.071472168
      vertex -10.5728197098 51.6680641174 46.0696029663
    endloop
  endfacet
  facet normal 0.0544806420803 0.435440719128 -0.898567318916
    outer loop
      vertex -9.57587146759 52.2534179688 44.7121391296
      vertex -10.5729389191 51.9841384888 45.3925704956
      vertex -9.57587146759 51.9257240295 45.3883628845
    endloop
  endfacet
  facet normal 0.0392282158136 0.440003275871 -0.897138953209
    outer loop
      vertex -10.5729389191 51.9841384888 45.3925704956
      vertex -11.5700054169 52.0262870789 45.3955154419
      vertex -11.5698862076 51.6947593689 46.071472168
    endloop
  endfacet
  facet normal 0.0756271183491 0.460776686668 -0.884288072586
    outer loop
      vertex -9.57587146759 52.2534179688 44.7121391296
      vertex -10.5729389191 52.3356361389 44.7179946899
      vertex -10.5729389191 51.9841384888 45.3925704956
    endloop
  endfacet
  facet normal 0.0388283133507 0.461751580238 -0.886159062386
    outer loop
      vertex -10.5729389191 52.3356361389 44.7179946899
      vertex -11.5700054169 52.0262870789 45.3955154419
      vertex -10.5729389191 51.9841384888 45.3925704956
    endloop
  endfacet
  facet normal 0.075639910996 0.46042907238 -0.884468019009
    outer loop
      vertex -9.57587146759 52.5189743042 44.2020149231
      vertex -10.5729389191 52.3356361389 44.7179946899
      vertex -9.57587146759 52.2534179688 44.7121391296
    endloop
  endfacet
  facet normal 0.0573038011789 0.483217120171 -0.87362319231
    outer loop
      vertex -10.5729389191 52.3356361389 44.7179946899
      vertex -11.5700054169 52.398601532 44.7223968506
      vertex -11.5700054169 52.0262870789 45.3955154419
    endloop
  endfacet
  facet normal 0.093664906919 0.489115715027 -0.867175102234
    outer loop
      vertex -9.57587146759 52.5189743042 44.2020149231
      vertex -10.5729389191 52.6225166321 44.2093772888
      vertex -10.5729389191 52.3356361389 44.7179946899
    endloop
  endfacet
  facet normal 0.0570807717741 0.490474462509 -0.869584143162
    outer loop
      vertex -10.5729389191 52.6225166321 44.2093772888
      vertex -11.5700054169 52.398601532 44.7223968506
      vertex -10.5729389191 52.3356361389 44.7179946899
    endloop
  endfacet
  facet normal 0.0942476540804 0.477394223213 -0.873620152473
    outer loop
      vertex -9.57593250275 52.7971878052 43.6928977966
      vertex -10.5729389191 52.6225166321 44.2093772888
      vertex -9.57587146759 52.5189743042 44.2020149231
    endloop
  endfacet
  facet normal 0.0737872570753 0.51590681076 -0.853460967541
    outer loop
      vertex -10.5729389191 52.6225166321 44.2093772888
      vertex -11.5700054169 52.7052230835 44.2151603699
      vertex -11.5700054169 52.398601532 44.7223968506
    endloop
  endfacet
  facet normal 0.114000402391 0.508678078651 -0.853375971317
    outer loop
      vertex -9.57593250275 52.7971878052 43.6928977966
      vertex -10.5729990005 52.9250526428 43.701839447
      vertex -10.5729389191 52.6225166321 44.2093772888
    endloop
  endfacet
  facet normal 0.0740183964372 0.510615050793 -0.856617510319
    outer loop
      vertex -10.5729990005 52.9250526428 43.701839447
      vertex -11.5700054169 52.7052230835 44.2151603699
      vertex -10.5729389191 52.6225166321 44.2093772888
    endloop
  endfacet
  facet normal 0.126888394356 0.489557981491 -0.86268901825
    outer loop
      vertex -9.57593250275 52.7971878052 43.6928977966
      vertex -8.83665561676 52.6926002502 43.685585022
      vertex -9.57593250275 53.0857620239 43.1843833923
    endloop
  endfacet
  facet normal 0.115188673139 0.49026209116 -0.863929748535
    outer loop
      vertex -9.57593250275 53.0857620239 43.1843833923
      vertex -10.5729990005 52.9250526428 43.701839447
      vertex -9.57593250275 52.7971878052 43.6928977966
    endloop
  endfacet
  facet normal 0.0931907147169 0.539399087429 -0.836877584457
    outer loop
      vertex -10.5729990005 52.9250526428 43.701839447
      vertex -11.5700054169 53.031211853 43.7093849182
      vertex -11.5700054169 52.7052230835 44.2151603699
    endloop
  endfacet
  facet normal 0.148222893476 0.46572765708 -0.872426331043
    outer loop
      vertex -9.57593250275 53.0857620239 43.1843833923
      vertex -8.83665561676 52.6926002502 43.685585022
      vertex -8.83665561676 53.2367401123 42.6662788391
    endloop
  endfacet
  facet normal 0.136136010289 0.523523569107 -0.841064870358
    outer loop
      vertex -9.57593250275 53.0857620239 43.1843833923
      vertex -10.5729990005 53.2404136658 43.1951980591
      vertex -10.5729990005 52.9250526428 43.701839447
    endloop
  endfacet
  facet normal 0.093977458775 0.526104569435 -0.845211327076
    outer loop
      vertex -10.5729990005 53.2404136658 43.1951980591
      vertex -11.5700054169 53.031211853 43.7093849182
      vertex -10.5729990005 52.9250526428 43.701839447
    endloop
  endfacet
  facet normal 0.173530563712 0.495605587959 -0.851035952568
    outer loop
      vertex -9.57593250275 53.0857620239 43.1843833923
      vertex -8.83665561676 53.2367401123 42.6662788391
      vertex -9.57593250275 53.3815841675 42.6764068604
    endloop
  endfacet
  facet normal 0.13815844059 0.498414516449 -0.855859339237
    outer loop
      vertex -9.57593250275 53.3815841675 42.6764068604
      vertex -10.5729990005 53.2404136658 43.1951980591
      vertex -9.57593250275 53.0857620239 43.1843833923
    endloop
  endfacet
  facet normal 0.115142084658 0.557704746723 -0.822014391422
    outer loop
      vertex -10.5729990005 53.2404136658 43.1951980591
      vertex -11.5700054169 53.3736534119 43.2046546936
      vertex -11.5700054169 53.031211853 43.7093849182
    endloop
  endfacet
  facet normal 0.175704866648 0.472268342972 -0.863765239716
    outer loop
      vertex -9.57593250275 53.3815841675 42.6764068604
      vertex -8.83665561676 53.2367401123 42.6662788391
      vertex -8.83683490753 53.9633407593 41.3374137878
    endloop
  endfacet
  facet normal 0.159966304898 0.533445596695 -0.830570042133
    outer loop
      vertex -9.57593250275 53.3815841675 42.6764068604
      vertex -10.5729990005 53.5653076172 42.6893463135
      vertex -10.5729990005 53.2404136658 43.1951980591
    endloop
  endfacet
  facet normal 0.116765186191 0.536708116531 -0.835649609566
    outer loop
      vertex -10.5729990005 53.5653076172 42.6893463135
      vertex -11.5700054169 53.3736534119 43.2046546936
      vertex -10.5729990005 53.2404136658 43.1951980591
    endloop
  endfacet
  facet normal 0.238099321723 0.494591534138 -0.835875511169
    outer loop
      vertex -9.57593250275 53.3815841675 42.6764068604
      vertex -8.83683490753 53.9633407593 41.3374137878
      vertex -9.57593250275 54.0486183167 41.5490951538
    endloop
  endfacet
  facet normal 0.162981688976 0.502427816391 -0.849119126797
    outer loop
      vertex -9.57593250275 54.0486183167 41.5490951538
      vertex -10.5729990005 53.5653076172 42.6893463135
      vertex -9.57593250275 53.3815841675 42.6764068604
    endloop
  endfacet
  facet normal 0.139113217592 0.570258498192 -0.809600353241
    outer loop
      vertex -10.5729990005 53.5653076172 42.6893463135
      vertex -11.5700054169 53.7285804749 42.7007637024
      vertex -11.5700054169 53.3736534119 43.2046546936
    endloop
  endfacet
  facet normal 0.236780270934 0.488363564014 -0.839902460575
    outer loop
      vertex -9.57593250275 54.0486183167 41.5490951538
      vertex -8.83683490753 53.9633407593 41.3374137878
      vertex -9.57593250275 54.5086250305 40.7579650879
    endloop
  endfacet
  facet normal 0.216262340546 0.535217702389 -0.816561460495
    outer loop
      vertex -10.5729990005 53.5653076172 42.6893463135
      vertex -9.57593250275 54.0486183167 41.5490951538
      vertex -10.5729990005 54.3011169434 41.5667495728
    endloop
  endfacet
  facet normal 0.141794383526 0.54265165329 -0.827903091908
    outer loop
      vertex -10.5729990005 54.3011169434 41.5667495728
      vertex -11.5700054169 53.7285804749 42.7007637024
      vertex -10.5729990005 53.5653076172 42.6893463135
    endloop
  endfacet
  facet normal 0.274340093136 0.449874639511 -0.849911928177
    outer loop
      vertex -9.57593250275 54.5086250305 40.7579650879
      vertex -8.83683490753 53.9633407593 41.3374137878
      vertex -8.83683490753 54.4887924194 40.3447189331
    endloop
  endfacet
  facet normal 0.222130313516 0.490099608898 -0.842888176441
    outer loop
      vertex -10.5729990005 54.3011169434 41.5667495728
      vertex -9.57593250275 54.0486183167 41.5490951538
      vertex -9.57593250275 54.5086250305 40.7579650879
    endloop
  endfacet
  facet normal 0.198125571012 0.574970841408 -0.79382288456
    outer loop
      vertex -10.5729990005 54.3011169434 41.5667495728
      vertex -11.5701828003 54.5379981995 41.5833129883
      vertex -11.5700054169 53.7285804749 42.7007637024
    endloop
  endfacet
  facet normal 0.285281658173 0.470149338245 -0.835208952427
    outer loop
      vertex -9.57593250275 54.5086250305 40.7579650879
      vertex -8.83683490753 54.4887924194 40.3447189331
      vertex -9.57593250275 54.7316856384 40.3617019653
    endloop
  endfacet
  facet normal 0.256038188934 0.524050652981 -0.81229019165
    outer loop
      vertex -10.5729990005 54.3011169434 41.5667495728
      vertex -9.57593250275 54.5086250305 40.7579650879
      vertex -10.5729990005 54.809337616 40.7789916992
    endloop
  endfacet
  facet normal 0.204223945737 0.530695736408 -0.822590231895
    outer loop
      vertex -10.5729990005 54.809337616 40.7789916992
      vertex -11.5701828003 54.5379981995 41.5833129883
      vertex -10.5729990005 54.3011169434 41.5667495728
    endloop
  endfacet
  facet normal 0.291070342064 0.427661120892 -0.855794370174
    outer loop
      vertex -9.57593250275 54.7316856384 40.3617019653
      vertex -8.83683490753 54.4887924194 40.3447189331
      vertex -8.83683490753 54.7869987488 39.7479782104
    endloop
  endfacet
  facet normal 0.263510912657 0.47319689393 -0.840622842312
    outer loop
      vertex -10.5729990005 54.809337616 40.7789916992
      vertex -9.57593250275 54.5086250305 40.7579650879
      vertex -9.57593250275 54.7316856384 40.3617019653
    endloop
  endfacet
  facet normal 0.240180909634 0.564245939255 -0.789898514748
    outer loop
      vertex -10.5729990005 54.809337616 40.7789916992
      vertex -11.5701828003 55.0980415344 40.7993011475
      vertex -11.5701828003 54.5379981995 41.5833129883
    endloop
  endfacet
  facet normal 0.312124013901 0.451235353947 -0.8360414505
    outer loop
      vertex -9.57593250275 54.7316856384 40.3617019653
      vertex -8.83683490753 54.7869987488 39.7479782104
      vertex -9.57611083984 55.0529594421 39.7665748596
    endloop
  endfacet
  facet normal 0.276358067989 0.508576095104 -0.815460920334
    outer loop
      vertex -10.5729990005 54.809337616 40.7789916992
      vertex -9.57593250275 54.7316856384 40.3617019653
      vertex -10.5729990005 55.0554695129 40.3843421936
    endloop
  endfacet
  facet normal 0.248397633433 0.512599766254 -0.82191246748
    outer loop
      vertex -10.5729990005 55.0554695129 40.3843421936
      vertex -11.5701828003 55.0980415344 40.7993011475
      vertex -10.5729990005 54.809337616 40.7789916992
    endloop
  endfacet
  facet normal 0.318858414888 0.402310371399 -0.858181595802
    outer loop
      vertex -9.57611083984 55.0529594421 39.7665748596
      vertex -8.83683490753 54.7869987488 39.7479782104
      vertex -8.83683490753 55.0673332214 39.1499862671
    endloop
  endfacet
  facet normal 0.284315109253 0.455369651318 -0.843684434891
    outer loop
      vertex -10.5729990005 55.0554695129 40.3843421936
      vertex -9.57593250275 54.7316856384 40.3617019653
      vertex -9.57611083984 55.0529594421 39.7665748596
    endloop
  endfacet
  facet normal 0.261717379093 0.547378659248 -0.794909179211
    outer loop
      vertex -10.5729990005 55.0554695129 40.3843421936
      vertex -11.5701828003 55.3686408997 40.4063339233
      vertex -11.5701828003 55.0980415344 40.7993011475
    endloop
  endfacet
  facet normal 0.337737739086 0.424524068832 -0.840066969395
    outer loop
      vertex -9.57611083984 55.0529594421 39.7665748596
      vertex -8.83683490753 55.0673332214 39.1499862671
      vertex -9.57611083984 55.3544044495 39.1700592041
    endloop
  endfacet
  facet normal 0.304469555616 0.487996935844 -0.818020343781
    outer loop
      vertex -10.5729990005 55.0554695129 40.3843421936
      vertex -9.57611083984 55.0529594421 39.7665748596
      vertex -10.573176384 55.4092102051 39.7914848328
    endloop
  endfacet
  facet normal 0.270528227091 0.493225693703 -0.826766550541
    outer loop
      vertex -10.573176384 55.4092102051 39.7914848328
      vertex -11.5701828003 55.3686408997 40.4063339233
      vertex -10.5729990005 55.0554695129 40.3843421936
    endloop
  endfacet
  facet normal 0.344775646925 0.371898055077 -0.861871004105
    outer loop
      vertex -9.57611083984 55.3544044495 39.1700592041
      vertex -8.83683490753 55.0673332214 39.1499862671
      vertex -8.83689403534 55.3260307312 38.5505104065
    endloop
  endfacet
  facet normal 0.313515365124 0.428286910057 -0.847513079643
    outer loop
      vertex -10.573176384 55.4092102051 39.7914848328
      vertex -9.57611083984 55.0529594421 39.7665748596
      vertex -9.57611083984 55.3544044495 39.1700592041
    endloop
  endfacet
  facet normal 0.290856063366 0.524437427521 -0.80023008585
    outer loop
      vertex -10.573176384 55.4092102051 39.7914848328
      vertex -11.5701828003 55.7556419373 39.8158149719
      vertex -11.5701828003 55.3686408997 40.4063339233
    endloop
  endfacet
  facet normal 0.361229389906 0.392258614302 -0.845958948135
    outer loop
      vertex -9.57611083984 55.3544044495 39.1700592041
      vertex -8.83689403534 55.3260307312 38.5505104065
      vertex -9.57611083984 55.6317672729 38.5718917847
    endloop
  endfacet
  facet normal 0.331085324287 0.458487272263 -0.824725389481
    outer loop
      vertex -10.573176384 55.4092102051 39.7914848328
      vertex -9.57611083984 55.3544044495 39.1700592041
      vertex -10.573176384 55.7396354675 39.1971168518
    endloop
  endfacet
  facet normal 0.300928175449 0.463368505239 -0.833505749702
    outer loop
      vertex -10.573176384 55.7396354675 39.1971168518
      vertex -11.5701828003 55.7556419373 39.8158149719
      vertex -10.573176384 55.4092102051 39.7914848328
    endloop
  endfacet
  facet normal 0.368117302656 0.337250649929 -0.86645925045
    outer loop
      vertex -9.57611083984 55.6317672729 38.5718917847
      vertex -8.83689403534 55.3260307312 38.5505104065
      vertex -8.83689403534 55.5600471497 37.9492797852
    endloop
  endfacet
  facet normal 0.340326040983 0.395552605391 -0.853062927723
    outer loop
      vertex -10.573176384 55.7396354675 39.1971168518
      vertex -9.57611083984 55.3544044495 39.1700592041
      vertex -9.57611083984 55.6317672729 38.5718917847
    endloop
  endfacet
  facet normal 0.317919790745 0.491335332394 -0.810873985291
    outer loop
      vertex -10.573176384 55.7396354675 39.1971168518
      vertex -11.5701828003 56.1146430969 39.2233390808
      vertex -11.5701828003 55.7556419373 39.8158149719
    endloop
  endfacet
  facet normal 0.381930679083 0.355176627636 -0.853216588497
    outer loop
      vertex -9.57611083984 55.6317672729 38.5718917847
      vertex -8.83689403534 55.5600471497 37.9492797852
      vertex -9.57622909546 55.8815956116 37.9718742371
    endloop
  endfacet
  facet normal 0.355239897966 0.42266613245 -0.833761334419
    outer loop
      vertex -10.573176384 55.7396354675 39.1971168518
      vertex -9.57611083984 55.6317672729 38.5718917847
      vertex -10.573176384 56.0419998169 38.6006660461
    endloop
  endfacet
  facet normal 0.328144907951 0.427120894194 -0.842548906803
    outer loop
      vertex -10.573176384 56.0419998169 38.6006660461
      vertex -11.5701828003 56.1146430969 39.2233390808
      vertex -10.573176384 55.7396354675 39.1971168518
    endloop
  endfacet
  facet normal 0.388145714998 0.300070285797 -0.871378660202
    outer loop
      vertex -9.57622909546 55.8815956116 37.9718742371
      vertex -8.83689403534 55.5600471497 37.9492797852
      vertex -8.83689403534 55.7525062561 37.3903923035
    endloop
  endfacet
  facet normal 0.364098966122 0.357935369015 -0.859833836555
    outer loop
      vertex -10.573176384 56.0419998169 38.6006660461
      vertex -9.57611083984 55.6317672729 38.5718917847
      vertex -9.57622909546 55.8815956116 37.9718742371
    endloop
  endfacet
  facet normal 0.342055499554 0.451549291611 -0.824075996876
    outer loop
      vertex -10.573176384 56.0419998169 38.6006660461
      vertex -11.5702438354 56.4405860901 38.6285362244
      vertex -11.5701828003 56.1146430969 39.2233390808
    endloop
  endfacet
  facet normal 0.398571103811 0.315602123737 -0.861125051975
    outer loop
      vertex -9.57622909546 55.8815956116 37.9718742371
      vertex -8.83689403534 55.7525062561 37.3903923035
      vertex -9.57622909546 56.0861244202 37.41381073
    endloop
  endfacet
  facet normal 0.376524150372 0.381637454033 -0.844145953655
    outer loop
      vertex -10.573176384 56.0419998169 38.6006660461
      vertex -9.57622909546 55.8815956116 37.9718742371
      vertex -10.573176384 56.3126487732 38.0020141602
    endloop
  endfacet
  facet normal 0.351762801409 0.385626137257 -0.85296857357
    outer loop
      vertex -10.573176384 56.3126487732 38.0020141602
      vertex -11.5702438354 56.4405860901 38.6285362244
      vertex -10.573176384 56.0419998169 38.6006660461
    endloop
  endfacet
  facet normal 0.416934251785 0.220243379474 -0.881849586964
    outer loop
      vertex -9.57622909546 56.2631225586 36.8538398743
      vertex -8.83689403534 55.9195671082 36.8298187256
      vertex -8.83689403534 56.0600585938 36.2672958374
    endloop
  endfacet
  facet normal 0.403881579638 0.261273831129 -0.87670725584
    outer loop
      vertex -9.57622909546 56.0861244202 37.41381073
      vertex -8.83689403534 55.7525062561 37.3903923035
      vertex -8.83689403534 55.9195671082 36.8298187256
    endloop
  endfacet
  facet normal 0.384382486343 0.31767937541 -0.866792857647
    outer loop
      vertex -10.573176384 56.3126487732 38.0020141602
      vertex -9.57622909546 55.8815956116 37.9718742371
      vertex -9.57622909546 56.0861244202 37.41381073
    endloop
  endfacet
  facet normal 0.362935781479 0.406352818012 -0.83854341507
    outer loop
      vertex -10.573176384 56.3126487732 38.0020141602
      vertex -11.5702438354 56.730052948 38.0312004089
      vertex -11.5702438354 56.4405860901 38.6285362244
    endloop
  endfacet
  facet normal 0.41253477335 0.274545311928 -0.868585050106
    outer loop
      vertex -9.57622909546 56.0861244202 37.41381073
      vertex -8.83689403534 55.9195671082 36.8298187256
      vertex -9.57622909546 56.2631225586 36.8538398743
    endloop
  endfacet
  facet normal 0.393681824207 0.338046818972 -0.854832708836
    outer loop
      vertex -10.573176384 56.3126487732 38.0020141602
      vertex -9.57622909546 56.0861244202 37.41381073
      vertex -10.573176384 56.5329017639 37.4450531006
    endloop
  endfacet
  facet normal 0.371440172195 0.341433763504 -0.863397479057
    outer loop
      vertex -10.573176384 56.5329017639 37.4450531006
      vertex -11.5702438354 56.730052948 38.0312004089
      vertex -10.573176384 56.3126487732 38.0020141602
    endloop
  endfacet
  facet normal 0.412922292948 0.232051372528 -0.880708456039
    outer loop
      vertex -10.573176384 56.7220878601 36.8859329224
      vertex -9.57622909546 56.2631225586 36.8538398743
      vertex -9.57622909546 56.4111976624 36.291847229
    endloop
  endfacet
  facet normal 0.400242686272 0.276193082333 -0.873798131943
    outer loop
      vertex -10.573176384 56.5329017639 37.4450531006
      vertex -9.57622909546 56.0861244202 37.41381073
      vertex -9.57622909546 56.2631225586 36.8538398743
    endloop
  endfacet
  facet normal 0.379439979792 0.358569860458 -0.852908551693
    outer loop
      vertex -10.573176384 56.5329017639 37.4450531006
      vertex -11.5702438354 56.9638061523 37.4751815796
      vertex -11.5702438354 56.730052948 38.0312004089
    endloop
  endfacet
  facet normal 0.40762975812 0.292676776648 -0.864973008633
    outer loop
      vertex -10.573176384 56.5329017639 37.4450531006
      vertex -9.57622909546 56.2631225586 36.8538398743
      vertex -10.573176384 56.7220878601 36.8859329224
    endloop
  endfacet
  facet normal 0.386494725943 0.29560765624 -0.873634874821
    outer loop
      vertex -10.573176384 56.7220878601 36.8859329224
      vertex -11.5702438354 56.9638061523 37.4751815796
      vertex -10.573176384 56.5329017639 37.4450531006
    endloop
  endfacet
  facet normal 0.392735689878 0.309262096882 -0.866092145443
    outer loop
      vertex -10.573176384 56.7220878601 36.8859329224
      vertex -11.5703630447 57.1632118225 36.9169006348
      vertex -11.5702438354 56.9638061523 37.4751815796
    endloop
  endfacet
  facet normal 0.398408949375 0.247172772884 -0.883275687695
    outer loop
      vertex -10.5732965469 56.8792304993 36.3245735168
      vertex -11.5703630447 57.1632118225 36.9169006348
      vertex -10.573176384 56.7220878601 36.8859329224
    endloop
  endfacet
  facet normal 0.403095394373 0.257502794266 -0.878183603287
    outer loop
      vertex -10.5732965469 56.8792304993 36.3245735168
      vertex -11.5703630447 57.3276672363 36.3560371399
      vertex -11.5703630447 57.1632118225 36.9169006348
    endloop
  endfacet
  facet normal 0.407299727201 0.197118699551 -0.891768574715
    outer loop
      vertex -10.5732965469 57.003818512 35.7609367371
      vertex -11.5703630447 57.3276672363 36.3560371399
      vertex -10.5732965469 56.8792304993 36.3245735168
    endloop
  endfacet
  facet normal 0.410543531179 0.204237759113 -0.888673722744
    outer loop
      vertex -10.5732965469 57.003818512 35.7609367371
      vertex -11.5703630447 57.4571266174 35.7927436829
      vertex -11.5703630447 57.3276672363 36.3560371399
    endloop
  endfacet
  facet normal 0.413316965103 0.145417183638 -0.898900926113
    outer loop
      vertex -10.5732965469 57.0953712463 35.1949920654
      vertex -11.5703630447 57.4571266174 35.7927436829
      vertex -10.5732965469 57.003818512 35.7609367371
    endloop
  endfacet
  facet normal 0.000137947645271 -0.0277691166848 -0.999614357948
    outer loop
      vertex -11.5709590912 52.8389358521 19.6565818787
      vertex -10.5738916397 52.8178672791 18.9030456543
      vertex -11.5709590912 52.8180084229 18.9031791687
    endloop
  endfacet
  facet normal 0.415314733982 0.149736881256 -0.897269487381
    outer loop
      vertex -10.5732965469 57.0953712463 35.1949920654
      vertex -11.5703630447 57.5515403748 35.2269821167
      vertex -11.5703630447 57.4571266174 35.7927436829
    endloop
  endfacet
  facet normal 0.00348358298652 -0.0224193092436 -0.999742567539
    outer loop
      vertex -10.5738916397 52.8375205994 19.656375885
      vertex -9.57694530487 52.8340415955 19.6561317444
      vertex -9.57694530487 52.817150116 18.9029960632
    endloop
  endfacet
  facet normal 0.00141569843981 -0.0260796640068 -0.999658882618
    outer loop
      vertex -11.5709590912 52.8389358521 19.6565818787
      vertex -10.5738916397 52.8375205994 19.656375885
      vertex -10.5738916397 52.8178672791 18.9030456543
    endloop
  endfacet
  facet normal 0.416702240705 0.0927713513374 -0.904296815395
    outer loop
      vertex -10.5734758377 57.1537437439 34.6268196106
      vertex -11.5703630447 57.5515403748 35.2269821167
      vertex -10.5732965469 57.0953712463 35.1949920654
    endloop
  endfacet
  facet normal 0.00345458462834 -0.0885051488876 -0.996069729328
    outer loop
      vertex -10.5738916397 52.9047622681 20.4131393433
      vertex -9.57694530487 52.8340415955 19.6561317444
      vertex -10.5738916397 52.8375205994 19.656375885
    endloop
  endfacet
  facet normal 0.00139634951483 -0.0924224033952 -0.995718896389
    outer loop
      vertex -11.5709590912 52.9091873169 20.4134483337
      vertex -10.5738916397 52.8375205994 19.656375885
      vertex -11.5709590912 52.8389358521 19.6565818787
    endloop
  endfacet
  facet normal 0.417478889227 0.0944113954902 -0.903768718243
    outer loop
      vertex -10.5734758377 57.1537437439 34.6268196106
      vertex -11.5703630447 57.6108970642 34.6587867737
      vertex -11.5703630447 57.5515403748 35.2269821167
    endloop
  endfacet
  facet normal 0.00852576550096 -0.0818767249584 -0.996605992317
    outer loop
      vertex -10.5738916397 52.9047622681 20.4131393433
      vertex -9.57682609558 52.8961715698 20.4124298096
      vertex -9.57694530487 52.8340415955 19.6561317444
    endloop
  endfacet
  facet normal 0.00439591798931 -0.0885048210621 -0.99606603384
    outer loop
      vertex -11.5709590912 52.9091873169 20.4134483337
      vertex -10.5738916397 52.9047622681 20.4131393433
      vertex -10.5738916397 52.8375205994 19.656375885
    endloop
  endfacet
  facet normal 0.417544394732 0.0378075316548 -0.907869637012
    outer loop
      vertex -10.5734758377 57.1794776917 34.0088691711
      vertex -11.5703630447 57.6108970642 34.6587867737
      vertex -10.5734758377 57.1537437439 34.6268196106
    endloop
  endfacet
  facet normal 0.00841038394719 -0.149187088013 -0.988773226738
    outer loop
      vertex -10.5738916397 53.0194244385 21.1731109619
      vertex -9.57682609558 52.8961715698 20.4124298096
      vertex -10.5738916397 52.9047622681 20.4131393433
    endloop
  endfacet
  facet normal 0.00433819461614 -0.155839771032 -0.98777282238
    outer loop
      vertex -11.5709590912 53.0291481018 21.173789978
      vertex -10.5738916397 52.9047622681 20.4131393433
      vertex -11.5709590912 52.9091873169 20.4134483337
    endloop
  endfacet
  facet normal 0.416720807552 0.0362510122359 -0.90831142664
    outer loop
      vertex -10.5734758377 57.1794776917 34.0088691711
      vertex -11.5703630447 57.6355628967 34.0407600403
      vertex -11.5703630447 57.6108970642 34.6587867737
    endloop
  endfacet
  facet normal 0.0165470074862 -0.138751372695 -0.990189015865
    outer loop
      vertex -10.5738916397 53.0194244385 21.1731109619
      vertex -9.57682609558 53.0025787354 21.1717967987
      vertex -9.57682609558 52.8961715698 20.4124298096
    endloop
  endfacet
  facet normal 0.00953815225512 -0.149185568094 -0.988763213158
    outer loop
      vertex -11.5709590912 53.0291481018 21.173789978
      vertex -10.5738916397 53.0194244385 21.1731109619
      vertex -10.5738916397 52.9047622681 20.4131393433
    endloop
  endfacet
  facet normal 0.415443748236 -0.0194063726813 -0.909411847591
    outer loop
      vertex -10.5734758377 57.1662330627 33.3881912231
      vertex -11.5703630447 57.6355628967 34.0407600403
      vertex -10.5734758377 57.1794776917 34.0088691711
    endloop
  endfacet
  facet normal 0.0162625052035 -0.205355465412 -0.978552341461
    outer loop
      vertex -10.5738916397 53.1704788208 21.892906189
      vertex -9.57682609558 53.0025787354 21.1717967987
      vertex -10.5738916397 53.0194244385 21.1731109619
    endloop
  endfacet
  facet normal 0.00937331467867 -0.215407133102 -0.976479351521
    outer loop
      vertex -11.5709590912 53.1880531311 21.8941364288
      vertex -10.5738916397 53.0194244385 21.1731109619
      vertex -11.5709590912 53.0291481018 21.173789978
    endloop
  endfacet
  facet normal 0.412873923779 -0.0240927748382 -0.910469472408
    outer loop
      vertex -10.5734758377 57.1662330627 33.3881912231
      vertex -11.5705413818 57.6192169189 33.4200057983
      vertex -11.5703630447 57.6355628967 34.0407600403
    endloop
  endfacet
  facet normal 0.0273290928453 -0.190686777234 -0.981270432472
    outer loop
      vertex -10.5738916397 53.1704788208 21.892906189
      vertex -9.57682609558 53.1423301697 21.8909397125
      vertex -9.57682609558 53.0025787354 21.1717967987
    endloop
  endfacet
  facet normal 0.0169925019145 -0.205352976918 -0.978540420532
    outer loop
      vertex -11.5709590912 53.1880531311 21.8941364288
      vertex -10.5738916397 53.1704788208 21.892906189
      vertex -10.5738916397 53.0194244385 21.1731109619
    endloop
  endfacet
  facet normal 0.410442858934 -0.0756726115942 -0.908741056919
    outer loop
      vertex -10.5734758377 57.1143341064 32.7649497986
      vertex -11.5705413818 57.6192169189 33.4200057983
      vertex -10.5734758377 57.1662330627 33.3881912231
    endloop
  endfacet
  facet normal 0.0267786346376 -0.255899339914 -0.966332435608
    outer loop
      vertex -10.5738315582 53.3618469238 22.615562439
      vertex -9.57682609558 53.1423301697 21.8909397125
      vertex -10.5738916397 53.1704788208 21.892906189
    endloop
  endfacet
  facet normal 0.0166305694729 -0.270545721054 -0.962563455105
    outer loop
      vertex -11.5708990097 53.3914299011 22.6177215576
      vertex -10.5738916397 53.1704788208 21.892906189
      vertex -11.5709590912 53.1880531311 21.8941364288
    endloop
  endfacet
  facet normal 0.405910849571 -0.0836033374071 -0.91008067131
    outer loop
      vertex -10.5734758377 57.1143341064 32.7649497986
      vertex -11.5705413818 57.5619163513 32.7962493896
      vertex -11.5705413818 57.6192169189 33.4200057983
    endloop
  endfacet
  facet normal 0.0414760448039 -0.236978888512 -0.970629036427
    outer loop
      vertex -10.5738315582 53.3618469238 22.615562439
      vertex -9.57682609558 53.3185043335 22.6125354767
      vertex -9.57682609558 53.1423301697 21.8909397125
    endloop
  endfacet
  facet normal 0.0281124953181 -0.255890071392 -0.966297030449
    outer loop
      vertex -11.5708990097 53.3914299011 22.6177215576
      vertex -10.5738315582 53.3618469238 22.615562439
      vertex -10.5738916397 53.1704788208 21.892906189
    endloop
  endfacet
  facet normal 0.402630865574 -0.130307212472 -0.906039953232
    outer loop
      vertex -10.5734758377 57.0242958069 32.1389045715
      vertex -11.5705413818 57.5619163513 32.7962493896
      vertex -10.5734758377 57.1143341064 32.7649497986
    endloop
  endfacet
  facet normal 0.0404855161905 -0.302156150341 -0.952398359776
    outer loop
      vertex -10.5738315582 53.5920066833 23.3410263062
      vertex -9.57682609558 53.3185043335 22.6125354767
      vertex -10.5738315582 53.3618469238 22.615562439
    endloop
  endfacet
  facet normal 0.0273834951222 -0.321500301361 -0.946513473988
    outer loop
      vertex -11.5708990097 53.6382102966 23.3442573547
      vertex -10.5738315582 53.3618469238 22.615562439
      vertex -11.5708990097 53.3914299011 22.6177215576
    endloop
  endfacet
  facet normal 0.395242780447 -0.142652317882 -0.907432317734
    outer loop
      vertex -10.5734758377 57.0242958069 32.1389045715
      vertex -11.5705413818 57.4634056091 32.1696090698
      vertex -11.5705413818 57.5619163513 32.7962493896
    endloop
  endfacet
  facet normal 0.059749070555 -0.278149724007 -0.958677589893
    outer loop
      vertex -10.5738315582 53.5920066833 23.3410263062
      vertex -9.57682609558 53.5285415649 23.3364524841
      vertex -9.57682609558 53.3185043335 22.6125354767
    endloop
  endfacet
  facet normal 0.0431472435594 -0.302122473717 -0.952292144299
    outer loop
      vertex -11.5708990097 53.6382102966 23.3442573547
      vertex -10.5738315582 53.5920066833 23.3410263062
      vertex -10.5738315582 53.3618469238 22.615562439
    endloop
  endfacet
  facet normal 0.391920238733 -0.178955256939 -0.902426481247
    outer loop
      vertex -10.5734758377 56.9181251526 31.6035079956
      vertex -11.5705413818 57.4634056091 32.1696090698
      vertex -10.5734758377 57.0242958069 32.1389045715
    endloop
  endfacet
  facet normal 0.0581266917288 -0.342248469591 -0.937809824944
    outer loop
      vertex -10.5738315582 53.8576164246 24.0688285828
      vertex -9.57682609558 53.5285415649 23.3364524841
      vertex -10.5738315582 53.5920066833 23.3410263062
    endloop
  endfacet
  facet normal 0.0418678857386 -0.367126852274 -0.929228127003
    outer loop
      vertex -11.5708990097 53.9264297485 24.0737667084
      vertex -10.5738315582 53.5920066833 23.3410263062
      vertex -11.5708990097 53.6382102966 23.3442573547
    endloop
  endfacet
  facet normal 0.382824569941 -0.195441797376 -0.902910768986
    outer loop
      vertex -10.5734758377 56.9181251526 31.6035079956
      vertex -11.5706014633 57.3474159241 31.6336326599
      vertex -11.5705413818 57.4634056091 32.1696090698
    endloop
  endfacet
  facet normal 0.0822562351823 -0.313141971827 -0.946137428284
    outer loop
      vertex -10.5738315582 53.8576164246 24.0688285828
      vertex -9.57664775848 53.7688674927 24.062625885
      vertex -9.57682609558 53.5285415649 23.3364524841
    endloop
  endfacet
  facet normal 0.0630104839802 -0.342146873474 -0.937531411648
    outer loop
      vertex -11.5708990097 53.9264297485 24.0737667084
      vertex -10.5738315582 53.8576164246 24.0688285828
      vertex -10.5738315582 53.5920066833 23.3410263062
    endloop
  endfacet
  facet normal 0.379970252514 -0.221428990364 -0.898104548454
    outer loop
      vertex -10.5735340118 56.7857246399 31.0663986206
      vertex -11.5706014633 57.3474159241 31.6336326599
      vertex -10.5734758377 56.9181251526 31.6035079956
    endloop
  endfacet
  facet normal 0.0800240114331 -0.371167480946 -0.925111234188
    outer loop
      vertex -10.5738315582 54.0711898804 24.6011543274
      vertex -9.57664775848 53.7688674927 24.062625885
      vertex -10.5738315582 53.8576164246 24.0688285828
    endloop
  endfacet
  facet normal 0.0610990561545 -0.400961875916 -0.914054989815
    outer loop
      vertex -11.5707206726 54.1605033875 24.6073989868
      vertex -10.5738315582 53.8576164246 24.0688285828
      vertex -11.5708990097 53.9264297485 24.0737667084
    endloop
  endfacet
  facet normal 0.368005692959 -0.242108881474 -0.897750020027
    outer loop
      vertex -10.5735340118 56.7857246399 31.0663986206
      vertex -11.5706014633 57.2022972107 31.0955276489
      vertex -11.5706014633 57.3474159241 31.6336326599
    endloop
  endfacet
  facet normal 0.100979410112 -0.338263124228 -0.935618102551
    outer loop
      vertex -10.5738315582 54.0711898804 24.6011543274
      vertex -9.57664775848 53.960723877 24.5932922363
      vertex -9.57664775848 53.7688674927 24.062625885
    endloop
  endfacet
  facet normal 0.0805513262749 -0.371151685715 -0.925071835518
    outer loop
      vertex -11.5707206726 54.1605033875 24.6073989868
      vertex -10.5738315582 54.0711898804 24.6011543274
      vertex -10.5738315582 53.8576164246 24.0688285828
    endloop
  endfacet
  facet normal 0.365640968084 -0.261003822088 -0.893411278725
    outer loop
      vertex -10.5735340118 56.6282691956 30.527431488
      vertex -11.5706014633 57.2022972107 31.0955276489
      vertex -10.5735340118 56.7857246399 31.0663986206
    endloop
  endfacet
  facet normal 0.0982919484377 -0.391030937433 -0.915113925934
    outer loop
      vertex -10.5738315582 54.2990226746 25.1343345642
      vertex -9.57664775848 53.960723877 24.5932922363
      vertex -10.5738315582 54.0711898804 24.6011543274
    endloop
  endfacet
  facet normal 0.0781523883343 -0.424544245005 -0.902027904987
    outer loop
      vertex -11.5707206726 54.4122848511 25.142364502
      vertex -10.5738315582 54.0711898804 24.6011543274
      vertex -11.5707206726 54.1605033875 24.6073989868
    endloop
  endfacet
  facet normal 0.350164741278 -0.286526739597 -0.891788721085
    outer loop
      vertex -10.5735340118 56.6282691956 30.527431488
      vertex -11.5706014633 57.0288085938 30.5555610657
      vertex -11.5706014633 57.2022972107 31.0955276489
    endloop
  endfacet
  facet normal 0.122031927109 -0.354697734118 -0.926983118057
    outer loop
      vertex -10.5738315582 54.2990226746 25.1343345642
      vertex -9.57664775848 54.1641387939 25.1249046326
      vertex -9.57664775848 53.960723877 24.5932922363
    endloop
  endfacet
  facet normal 0.100798837841 -0.390932410955 -0.914883315563
    outer loop
      vertex -11.5707206726 54.4122848511 25.142364502
      vertex -10.5738315582 54.2990226746 25.1343345642
      vertex -10.5738315582 54.0711898804 24.6011543274
    endloop
  endfacet
  facet normal 0.348679482937 -0.297278493643 -0.888846516609
    outer loop
      vertex -10.5735340118 56.4474983215 29.9869384766
      vertex -11.5706014633 57.0288085938 30.5555610657
      vertex -10.5735340118 56.6282691956 30.527431488
    endloop
  endfacet
  facet normal 0.118722468615 -0.40604954958 -0.906106352806
    outer loop
      vertex -10.5738315582 54.5383758545 25.6684608459
      vertex -9.57664775848 54.1641387939 25.1249046326
      vertex -10.5738315582 54.2990226746 25.1343345642
    endloop
  endfacet
  facet normal 0.0976701974869 -0.443259239197 -0.891056537628
    outer loop
      vertex -11.5707206726 54.6788825989 25.6782836914
      vertex -10.5738315582 54.2990226746 25.1343345642
      vertex -11.5707206726 54.4122848511 25.142364502
    endloop
  endfacet
  facet normal 0.32968506217 -0.327231258154 -0.885566174984
    outer loop
      vertex -10.5735340118 56.4474983215 29.9869384766
      vertex -11.5706014633 56.828540802 30.013584137
      vertex -11.5706014633 57.0288085938 30.5555610657
    endloop
  endfacet
  facet normal 0.141838043928 -0.371508598328 -0.917531132698
    outer loop
      vertex -10.5738315582 54.5383758545 25.6684608459
      vertex -9.576587677 54.5952606201 26.1896896362
      vertex -9.57664775848 54.1641387939 25.1249046326
    endloop
  endfacet
  facet normal 0.123633474112 -0.405804395676 -0.905559241772
    outer loop
      vertex -11.5707206726 54.6788825989 25.6782836914
      vertex -10.5738315582 54.5383758545 25.6684608459
      vertex -10.5738315582 54.2990226746 25.1343345642
    endloop
  endfacet
  facet normal 0.328568249941 -0.334745883942 -0.883169353008
    outer loop
      vertex -10.5735340118 56.1633453369 29.237247467
      vertex -11.5706014633 56.828540802 30.013584137
      vertex -10.5735340118 56.4474983215 29.9869384766
    endloop
  endfacet
  facet normal 0.165593609214 -0.414485186338 -0.894863545895
    outer loop
      vertex -10.5736541748 54.7859420776 26.2030220032
      vertex -9.576587677 54.5952606201 26.1896896362
      vertex -10.5738315582 54.5383758545 25.6684608459
    endloop
  endfacet
  facet normal 0.119805425406 -0.455950289965 -0.88190472126
    outer loop
      vertex -11.5707206726 54.9564094543 26.2150802612
      vertex -10.5738315582 54.5383758545 25.6684608459
      vertex -11.5707206726 54.6788825989 25.6782836914
    endloop
  endfacet
  facet normal 0.297913789749 -0.3710103333 -0.879544615746
    outer loop
      vertex -10.5735340118 56.1633453369 29.237247467
      vertex -11.5706014633 56.5113296509 29.2615814209
      vertex -11.5706014633 56.828540802 30.013584137
    endloop
  endfacet
  facet normal 0.148389846087 -0.415629804134 -0.897347390652
    outer loop
      vertex -11.5707206726 54.9564094543 26.2150802612
      vertex -10.5736541748 54.7859420776 26.2030220032
      vertex -10.5738315582 54.5383758545 25.6684608459
    endloop
  endfacet
  facet normal 0.297900378704 -0.371097654104 -0.879512310028
    outer loop
      vertex -10.5735340118 55.8460464478 28.4852409363
      vertex -11.5706014633 56.5113296509 29.2615814209
      vertex -10.5735340118 56.1633453369 29.237247467
    endloop
  endfacet
  facet normal 0.144029155374 -0.46197527647 -0.875119686127
    outer loop
      vertex -11.5707206726 55.1486663818 26.5792770386
      vertex -10.5736541748 54.7859420776 26.2030220032
      vertex -11.5707206726 54.9564094543 26.2150802612
    endloop
  endfacet
  facet normal 0.261077880859 -0.412563592196 -0.872713923454
    outer loop
      vertex -10.5735340118 55.8460464478 28.4852409363
      vertex -11.5706014633 56.1545219421 28.5068130493
      vertex -11.5706014633 56.5113296509 29.2615814209
    endloop
  endfacet
  facet normal 0.165796205401 -0.420555859804 -0.891988992691
    outer loop
      vertex -11.5707206726 55.1486663818 26.5792770386
      vertex -10.5736541748 55.3924980164 27.4895095825
      vertex -10.5736541748 54.7859420776 26.2030220032
    endloop
  endfacet
  facet normal 0.256871968508 -0.439029484987 -0.860970318317
    outer loop
      vertex -11.5707206726 55.7465171814 27.7066116333
      vertex -11.5706014633 56.1545219421 28.5068130493
      vertex -10.5735340118 55.8460464478 28.4852409363
    endloop
  endfacet
  facet normal 0.207077354193 -0.458359569311 -0.864306390285
    outer loop
      vertex -11.5707206726 55.7465171814 27.7066116333
      vertex -10.5736541748 55.3924980164 27.4895095825
      vertex -11.5707206726 55.1486663818 26.5792770386
    endloop
  endfacet
  facet normal 0.226786389947 -0.403739392757 -0.886319577694
    outer loop
      vertex -10.5735340118 55.8460464478 28.4852409363
      vertex -10.5736541748 55.3924980164 27.4895095825
      vertex -11.5707206726 55.7465171814 27.7066116333
    endloop
  endfacet
  facet normal 0.0193341039121 -0.117729194462 -0.992857515812
    outer loop
      vertex -8.09833240509 52.9665489197 21.1692733765
      vertex -6.58568668365 52.856918335 20.4931583405
      vertex -8.09833240509 52.8766403198 20.4110641479
    endloop
  endfacet
  facet normal 0 0.0599870495498 -0.998199164867
    outer loop
      vertex -9.30002212524 52.8456764221 18.1532688141
      vertex -2.99641394615 52.8157043457 18.6519622803
      vertex -1.79997038841 52.8456764221 18.1532688141
    endloop
  endfacet
  facet normal 0.0102289514616 -0.0559663027525 -0.998380243778
    outer loop
      vertex -6.58568668365 52.856918335 20.4931583405
      vertex -5.38930273056 52.8069915771 19.8211841583
      vertex -6.58580541611 52.8193016052 19.8220443726
    endloop
  endfacet
  facet normal 0.014295257628 -0.0673254653811 -0.997628629208
    outer loop
      vertex -8.83760929108 52.8872833252 20.4118099213
      vertex -8.09833240509 52.8766403198 20.4110641479
      vertex -8.09833240509 52.8256568909 19.6555480957
    endloop
  endfacet
  facet normal 0.0160530116409 -0.0559630431235 -0.998303771019
    outer loop
      vertex -8.09833240509 52.8766403198 20.4110641479
      vertex -6.58568668365 52.856918335 20.4931583405
      vertex -6.58580541611 52.8193016052 19.8220443726
    endloop
  endfacet
  facet normal 0.00102237681858 0.0471054688096 -0.998889386654
    outer loop
      vertex -9.30002212524 52.8456764221 18.1532688141
      vertex -4.19285726547 52.8169250488 18.6520500183
      vertex -2.99641394615 52.8157043457 18.6519622803
    endloop
  endfacet
  facet normal 0.0102823991328 -0.00402170885354 -0.999939024448
    outer loop
      vertex -6.58580541611 52.8193016052 19.8220443726
      vertex -5.38930273056 52.8069915771 19.8211841583
      vertex -5.38930273056 52.8043022156 19.1525421143
    endloop
  endfacet
  facet normal 0.00625994801521 -0.0751415789127 -0.997153222561
    outer loop
      vertex -8.83760929108 52.8872833252 20.4118099213
      vertex -8.09833240509 52.8256568909 19.6555480957
      vertex -8.83760929108 52.8303222656 19.655872345
    endloop
  endfacet
  facet normal 0.00162502401508 -0.0185547415167 -0.999826550484
    outer loop
      vertex -8.83760929108 52.8303222656 19.655872345
      vertex -8.09845256805 52.8151435852 18.9027175903
      vertex -8.83760929108 52.8163490295 18.9029388428
    endloop
  endfacet
  facet normal 0.0116029791534 -0.067327812314 -0.99766343832
    outer loop
      vertex -6.58580541611 52.8193016052 19.8220443726
      vertex -8.09833240509 52.8256568909 19.6555480957
      vertex -8.09833240509 52.8766403198 20.4110641479
    endloop
  endfacet
  facet normal 0.000992491724901 0.0474106408656 -0.99887496233
    outer loop
      vertex -9.30002212524 52.8456764221 18.1532688141
      vertex -5.38930273056 52.818107605 18.6522407532
      vertex -4.19285726547 52.8169250488 18.6520500183
    endloop
  endfacet
  facet normal 0.00388585659675 -0.0154518270865 -0.999873042107
    outer loop
      vertex -6.58580541611 52.8193016052 19.8220443726
      vertex -5.38930273056 52.8043022156 19.1525421143
      vertex -6.58580541611 52.8089599609 19.1529884338
    endloop
  endfacet
  facet normal 0.0063040163368 -0.0139638436958 -0.999882638454
    outer loop
      vertex -8.83760929108 52.8303222656 19.655872345
      vertex -8.09833240509 52.8256568909 19.6555480957
      vertex -8.09845256805 52.8151435852 18.9027175903
    endloop
  endfacet
  facet normal 0.0059017855674 -0.0154516752809 -0.99986320734
    outer loop
      vertex -8.09833240509 52.8256568909 19.6555480957
      vertex -6.58580541611 52.8193016052 19.8220443726
      vertex -6.58580541611 52.8089599609 19.1529884338
    endloop
  endfacet
  facet normal 0.00109576876275 0.0466032959521 -0.998912870884
    outer loop
      vertex -9.30002212524 52.8456764221 18.1532688141
      vertex -6.58580541611 52.8194122314 18.6523323059
      vertex -5.38930273056 52.818107605 18.6522407532
    endloop
  endfacet
  facet normal 0.0039008948952 0.0275759194046 -0.999612092972
    outer loop
      vertex -6.58580541611 52.8089599609 19.1529884338
      vertex -5.38930273056 52.8043022156 19.1525421143
      vertex -5.38930273056 52.818107605 18.6522407532
    endloop
  endfacet
  facet normal 0.00309561006725 0.0357502698898 -0.999355971813
    outer loop
      vertex -9.30002212524 52.8456764221 18.1532688141
      vertex -8.09845256805 52.8151435852 18.9027175903
      vertex -6.58580541611 52.8194122314 18.6523323059
    endloop
  endfacet
  facet normal 0.00639634532854 -0.0139638502151 -0.999882042408
    outer loop
      vertex -6.58580541611 52.8089599609 19.1529884338
      vertex -8.09845256805 52.8151435852 18.9027175903
      vertex -8.09833240509 52.8256568909 19.6555480957
    endloop
  endfacet
  facet normal 0.00109473871998 0.0208738986403 -0.999781489372
    outer loop
      vertex -6.58580541611 52.8089599609 19.1529884338
      vertex -5.38930273056 52.818107605 18.6522407532
      vertex -6.58580541611 52.8194122314 18.6523323059
    endloop
  endfacet
  facet normal 0.000631954870187 0.0208739079535 -0.999781906605
    outer loop
      vertex -8.09845256805 52.8151435852 18.9027175903
      vertex -6.58580541611 52.8089599609 19.1529884338
      vertex -6.58580541611 52.8194122314 18.6523323059
    endloop
  endfacet
  facet normal -0.634335875511 0.0535795986652 -0.771198570728
    outer loop
      vertex -0.102966301143 53.5469169617 18.2023010254
      vertex -0.397651642561 54.6635971069 -1.35948932171
      vertex -0.466674715281 53.2491989136 18.1814842224
    endloop
  endfacet
  facet normal 3.86357733801e-17 0.069754101336 -0.997564196587
    outer loop
      vertex -1.79997038841 54.2049484253 -1.28592693806
      vertex -9.30002212524 52.8456764221 18.1532688141
      vertex -1.79997038841 52.8456764221 18.1532688141
    endloop
  endfacet
  facet normal -0.0981102064252 0.0554268360138 -0.993630826473
    outer loop
      vertex -1.57746684551 52.7893218994 19.5573730469
      vertex -1.33171641827 52.8917312622 18.1564865112
      vertex -1.79997038841 52.8456764221 18.1532688141
    endloop
  endfacet
  facet normal -0.518637180328 0.0599014423788 -0.852893471718
    outer loop
      vertex -0.466674715281 53.2491989136 18.1814842224
      vertex -0.397651642561 54.6635971069 -1.35948932171
      vertex -0.721305787563 54.4655952454 -1.34253799915
    endloop
  endfacet
  facet normal -0.0981198102236 0.069417513907 -0.992750585079
    outer loop
      vertex -1.33171641827 52.8917312622 18.1564865112
      vertex -1.79997038841 54.2049484253 -1.28592693806
      vertex -1.79997038841 52.8456764221 18.1532688141
    endloop
  endfacet
  facet normal -0.471431940794 0.0609616972506 -0.879792928696
    outer loop
      vertex -0.721305787563 54.4655952454 -1.34253799915
      vertex -0.881523013115 53.0279769897 18.166015625
      vertex -0.466674715281 53.2491989136 18.1814842224
    endloop
  endfacet
  facet normal -0.0752525404096 0.0690034553409 -0.994774162769
    outer loop
      vertex -1.33171641827 52.8917312622 18.1564865112
      vertex -1.44085288048 54.2334213257 -1.30475592613
      vertex -1.79997038841 54.2049484253 -1.28592693806
    endloop
  endfacet
  facet normal -0.377481579781 0.064971446991 -0.923735022545
    outer loop
      vertex -0.881523013115 53.0279769897 18.166015625
      vertex -0.721305787563 54.4655952454 -1.34253799915
      vertex -1.07184016705 54.321056366 -1.32415020466
    endloop
  endfacet
  facet normal -0.227125197649 0.0682485923171 -0.971471190453
    outer loop
      vertex -1.07184016705 54.321056366 -1.32415020466
      vertex -1.44085288048 54.2334213257 -1.30475592613
      vertex -1.33171641827 52.8917312622 18.1564865112
    endloop
  endfacet
  facet normal -0.290315628052 0.0661707147956 -0.954640388489
    outer loop
      vertex -0.881523013115 53.0279769897 18.166015625
      vertex -1.07184016705 54.321056366 -1.32415020466
      vertex -1.33171641827 52.8917312622 18.1564865112
    endloop
  endfacet
  facet normal 0.129839420319 -0.956900596619 -0.259774833918
    outer loop
      vertex 13.6503868103 67.0790939331 -0.0837803408504
      vertex 13.7759742737 60.2006721497 -1.93405985832
      vertex 12.9880609512 67.0791015625 -0.173647254705
    endloop
  endfacet
  facet normal -1.487942518e-05 0.000204964002478 -1
    outer loop
      vertex 12.3196525574 67.0790939331 -0.180385351181
      vertex 13.6503868103 67.0790939331 -0.0837803408504
      vertex 12.9880609512 67.0791015625 -0.173647254705
    endloop
  endfacet
  facet normal 0.106101617217 -0.960319817066 -0.257930785418
    outer loop
      vertex 13.7759742737 60.2006721497 -1.93405985832
      vertex 13.0018892288 60.2006187439 -2.01959967613
      vertex 12.9880609512 67.0791015625 -0.173647254705
    endloop
  endfacet
  facet normal 0.00162840471603 -0.966019868851 -0.258462697268
    outer loop
      vertex 13.0018892288 60.2006187439 -2.01959967613
      vertex 12.2232713699 60.2006187439 -2.02091217041
      vertex 12.3196525574 67.0790939331 -0.180385351181
    endloop
  endfacet
  facet normal 0.00973246060312 -0.965774416924 -0.259200870991
    outer loop
      vertex 12.9880609512 67.0791015625 -0.173647254705
      vertex 13.0018892288 60.2006187439 -2.01959967613
      vertex 12.3196525574 67.0790939331 -0.180385351181
    endloop
  endfacet
  facet normal -0.99689000845 0.0054969904013 -0.0786135271192
    outer loop
      vertex 0.570207536221 56.2415275574 -1.4102101326
      vertex 0.600009858608 55.2397842407 18.3206748962
      vertex 0.600009858608 56.6195602417 -1.41179668903
    endloop
  endfacet
  facet normal 0 0 -1
    outer loop
      vertex 12.3196525574 67.0790939331 -0.180385351181
      vertex 14.2963209152 67.0790939331 0.087986394763
      vertex 13.6503868103 67.0790939331 -0.0837803408504
    endloop
  endfacet
  facet normal -1 0 0
    outer loop
      vertex 0.600009858608 55.2397842407 18.3206748962
      vertex 0.600009858608 60.2005958557 -1.41173672676
      vertex 0.600009858608 56.6195602417 -1.41179668903
    endloop
  endfacet
  facet normal 2.44176681008e-05 -0.000179846188985 -1
    outer loop
      vertex 12.3196525574 67.0790939331 -0.180385351181
      vertex 14.9159116745 67.0791244507 0.338781714439
      vertex 14.2963209152 67.0790939331 0.087986394763
    endloop
  endfacet
  facet normal -1 0 0
    outer loop
      vertex 0.600009858608 67.0791091919 0.433819413185
      vertex 0.600009858608 60.2005958557 -1.41173672676
      vertex 0.600009858608 55.2397842407 18.3206748962
    endloop
  endfacet
  facet normal -1.38427799357e-06 -5.08153898409e-05 -1
    outer loop
      vertex 12.3196525574 67.0790939331 -0.180385351181
      vertex 0.600009858608 67.0791091919 0.433819413185
      vertex 14.9159116745 67.0791244507 0.338781714439
    endloop
  endfacet
  facet normal -0.0505553819239 -0.964603066444 -0.258814811707
    outer loop
      vertex 0.600009858608 60.2005958557 -1.41173672676
      vertex 12.3196525574 67.0790939331 -0.180385351181
      vertex 12.2232713699 60.2006187439 -2.02091217041
    endloop
  endfacet
  facet normal -0.0505527928472 -0.964604318142 -0.258810609579
    outer loop
      vertex 0.600009858608 67.0791091919 0.433819413185
      vertex 12.3196525574 67.0790939331 -0.180385351181
      vertex 0.600009858608 60.2005958557 -1.41173672676
    endloop
  endfacet
  facet normal 0.948777139187 -0.179808482528 -0.259790062904
    outer loop
      vertex 17.9151573181 67.0791091919 4.50213670731
      vertex 19.6320114136 60.2006149292 3.62313127518
      vertex 17.7907028198 67.0790481567 3.84535336494
    endloop
  endfacet
  facet normal 2.2316859031e-05 -9.5508985396e-05 -1
    outer loop
      vertex 0.600009858608 67.0791091919 0.433819413185
      vertex 17.9151573181 67.0791091919 4.50213670731
      vertex 17.7907028198 67.0790481567 3.84535336494
    endloop
  endfacet
  facet normal 0.953454256058 -0.156181976199 -0.257938235998
    outer loop
      vertex 19.7578964233 60.2006492615 4.391685009
      vertex 19.6320114136 60.2006149292 3.62313127518
      vertex 17.9151573181 67.0791091919 4.50213670731
    endloop
  endfacet
  facet normal -2.69166775979e-05 0.000114033668069 -1
    outer loop
      vertex 0.600009858608 67.0791091919 0.433819413185
      vertex 17.9569396973 67.0790328979 5.16916465759
      vertex 17.9151573181 67.0791091919 4.50213670731
    endloop
  endfacet
  facet normal 0.963934421539 -0.0603504069149 -0.259207010269
    outer loop
      vertex 19.7578964233 60.2006492615 4.391685009
      vertex 17.9151573181 67.0791091919 4.50213670731
      vertex 17.9569396973 67.0790328979 5.16916465759
    endloop
  endfacet
  facet normal 4.43853468823e-06 -8.95687549018e-07 -1
    outer loop
      vertex 0.600009858608 67.0791625977 67.3670272827
      vertex 17.9569396973 67.0790328979 5.16916465759
      vertex 0.600009858608 67.0791091919 0.433819413185
    endloop
  endfacet
  facet normal 0.964604139328 -0.0522725656629 -0.258469313383
    outer loop
      vertex 19.8000335693 60.2006492615 5.16925668716
      vertex 19.7578964233 60.2006492615 4.391685009
      vertex 17.9569396973 67.0790328979 5.16916465759
    endloop
  endfacet
  facet normal -6.63882383378e-06 -3.98693373427e-06 -1
    outer loop
      vertex 0.600009858608 67.0791625977 67.3670272827
      vertex 17.9569396973 67.0792617798 62.6317176819
      vertex 17.9569396973 67.0790328979 5.16916465759
    endloop
  endfacet
  facet normal 0.965925633907 -5.20772061918e-07 -0.258819848299
    outer loop
      vertex 19.8000335693 60.2006492615 5.16925668716
      vertex 17.9569396973 67.0792617798 62.6317176819
      vertex 19.8000335693 60.2007637024 62.6316642761
    endloop
  endfacet
  facet normal 0.965924561024 -1.03191348444e-06 -0.25882384181
    outer loop
      vertex 17.9569396973 67.0790328979 5.16916465759
      vertex 17.9569396973 67.0792617798 62.6317176819
      vertex 19.8000335693 60.2006492615 5.16925668716
    endloop
  endfacet
  facet normal 0.998535394669 0.0541025325656 -1.35405088031e-07
    outer loop
      vertex 19.8000335693 60.2007637024 62.6316642761
      vertex 19.7578964233 49.0792121887 63.4093894958
      vertex 19.8000335693 49.0791931152 62.631690979
    endloop
  endfacet
  facet normal 1 0 0
    outer loop
      vertex 19.8000335693 9.4912519455 62.6318244934
      vertex 19.8000335693 60.2006492615 5.16925668716
      vertex 19.8000335693 49.0791931152 62.631690979
    endloop
  endfacet
  facet normal 1 0 -0
    outer loop
      vertex 19.8000335693 60.2007637024 62.6316642761
      vertex 19.8000335693 49.0791931152 62.631690979
      vertex 19.8000335693 60.2006492615 5.16925668716
    endloop
  endfacet
  facet normal 0.0031886913348 0.123545058072 -0.992333829403
    outer loop
      vertex -6.58449459076 50.6966819763 49.32081604
      vertex -8.09708118439 50.7015037537 49.3211517334
      vertex -8.09708118439 50.6422195435 49.7973327637
    endloop
  endfacet
  facet normal 0.000640940503217 0.123545661569 -0.992338657379
    outer loop
      vertex -8.09708118439 50.7015037537 49.3211517334
      vertex -8.83629798889 50.6426925659 49.7973670959
      vertex -8.09708118439 50.6422195435 49.7973327637
    endloop
  endfacet
  facet normal 0.00348703609779 0.116295613348 -0.993208527565
    outer loop
      vertex -5.38805150986 50.6925315857 49.3203887939
      vertex -6.58449459076 50.6966819763 49.32081604
      vertex -6.58449459076 50.640914917 49.7971191406
    endloop
  endfacet
  facet normal 0.000873374810908 0.11629627645 -0.993214190006
    outer loop
      vertex -6.58449459076 50.6966819763 49.32081604
      vertex -8.09708118439 50.6422195435 49.7973327637
      vertex -6.58449459076 50.640914917 49.7971191406
    endloop
  endfacet
  facet normal 0.000641685852315 0.0905375257134 -0.995892822742
    outer loop
      vertex -9.29984378815 50.5996284485 50.2743148804
      vertex -8.09708118439 50.6422195435 49.7973327637
      vertex -8.83629798889 50.6426925659 49.7973670959
    endloop
  endfacet
  facet normal 0.00101886433549 0.110177382827 -0.993911445141
    outer loop
      vertex -5.38805150986 50.6925315857 49.3203887939
      vertex -6.58449459076 50.640914917 49.7971191406
      vertex -5.38805150986 50.6396942139 49.7970352173
    endloop
  endfacet
  facet normal 0.000872075732332 0.091113768518 -0.995840132236
    outer loop
      vertex -9.29984378815 50.5996284485 50.2743148804
      vertex -6.58449459076 50.640914917 49.7971191406
      vertex -8.09708118439 50.6422195435 49.7973327637
    endloop
  endfacet
  facet normal 0.00101947621442 0.0919458791614 -0.995763480663
    outer loop
      vertex -9.29984378815 50.5996284485 50.2743148804
      vertex -5.38805150986 50.6396942139 49.7970352173
      vertex -6.58449459076 50.640914917 49.7971191406
    endloop
  endfacet
  facet normal 0.00090200669365 0.0909904763103 -0.99585133791
    outer loop
      vertex -9.29984378815 50.5996284485 50.2743148804
      vertex -4.19160604477 50.6386299133 49.7968215942
      vertex -5.38805150986 50.6396942139 49.7970352173
    endloop
  endfacet
  facet normal 0 0.0814085379243 -0.996680796146
    outer loop
      vertex -1.7998521328 50.5996284485 50.2743148804
      vertex -4.19160604477 50.6386299133 49.7968215942
      vertex -9.29984378815 50.5996284485 50.2743148804
    endloop
  endfacet
  facet normal -0.00191980740055 0.0909571871161 -0.995852947235
    outer loop
      vertex -1.7998521328 50.5996284485 50.2743148804
      vertex -2.99516272545 50.684513092 49.3197212219
      vertex -4.19160604477 50.6386299133 49.7968215942
    endloop
  endfacet
  facet normal 0.00323425768875 0.125568643212 -0.992079675198
    outer loop
      vertex -4.19160604477 50.6883659363 49.3200950623
      vertex -2.99516272545 50.684513092 49.3197212219
      vertex -4.19160604477 50.74792099 48.8495941162
    endloop
  endfacet
  facet normal 0.00323551520705 0.103764533997 -0.994596600533
    outer loop
      vertex -2.99516272545 50.684513092 49.3197212219
      vertex -4.19160604477 50.6883659363 49.3200950623
      vertex -4.19160604477 50.6386299133 49.7968215942
    endloop
  endfacet
  facet normal 0.391321271658 0.238739222288 -0.888747036457
    outer loop
      vertex -8.09761714935 55.3786506653 37.5073738098
      vertex -6.58497190475 54.6117286682 37.8829727173
      vertex -6.58497190475 54.8381004333 37.0402641296
    endloop
  endfacet
  facet normal 0.375139802694 0.288167983294 -0.881038784981
    outer loop
      vertex -8.09761714935 55.2414016724 37.9270019531
      vertex -6.58497190475 54.6117286682 37.8829727173
      vertex -8.09761714935 55.3786506653 37.5073738098
    endloop
  endfacet
  facet normal 0.386476397514 0.286716520786 -0.876601159573
    outer loop
      vertex -8.83689403534 55.5600471497 37.9492797852
      vertex -8.09761714935 55.2414016724 37.9270019531
      vertex -8.09761714935 55.3786506653 37.5073738098
    endloop
  endfacet
  facet normal 0.381410866976 0.335301488638 -0.861451506615
    outer loop
      vertex -8.83689403534 55.3260307312 38.5505104065
      vertex -8.09761714935 55.2414016724 37.9270019531
      vertex -8.83689403534 55.5600471497 37.9492797852
    endloop
  endfacet
  facet normal 0.367212831974 0.316687405109 -0.874564945698
    outer loop
      vertex -8.83689403534 55.3260307312 38.5505104065
      vertex -8.09761714935 55.0232887268 38.5293426514
      vertex -8.09761714935 55.2414016724 37.9270019531
    endloop
  endfacet
  facet normal 0.361195892096 0.369442015886 -0.856183469296
    outer loop
      vertex -8.83683490753 55.0673332214 39.1499862671
      vertex -8.09761714935 55.0232887268 38.5293426514
      vertex -8.83689403534 55.3260307312 38.5505104065
    endloop
  endfacet
  facet normal 0.34493252635 0.348996371031 -0.871334075928
    outer loop
      vertex -8.83683490753 55.0673332214 39.1499862671
      vertex -8.09761714935 54.7826728821 39.1300811768
      vertex -8.09761714935 55.0232887268 38.5293426514
    endloop
  endfacet
  facet normal 0.338802546263 0.399362504482 -0.851893424988
    outer loop
      vertex -8.83683490753 54.7869987488 39.7479782104
      vertex -8.09761714935 54.7826728821 39.1300811768
      vertex -8.83683490753 55.0673332214 39.1499862671
    endloop
  endfacet
  facet normal 0.320140212774 0.37691500783 -0.869163572788
    outer loop
      vertex -8.83683490753 54.7869987488 39.7479782104
      vertex -8.09743881226 54.5226707458 39.7294921875
      vertex -8.09761714935 54.7826728821 39.1300811768
    endloop
  endfacet
  facet normal 0.314198732376 0.424378067255 -0.849224627018
    outer loop
      vertex -8.83683490753 54.4887924194 40.3447189331
      vertex -8.09743881226 54.5226707458 39.7294921875
      vertex -8.83683490753 54.7869987488 39.7479782104
    endloop
  endfacet
  facet normal 0.293501287699 0.400537282228 -0.868001639843
    outer loop
      vertex -8.83683490753 54.4887924194 40.3447189331
      vertex -8.09743881226 54.2466545105 40.3276481628
      vertex -8.09743881226 54.5226707458 39.7294921875
    endloop
  endfacet
  facet normal 0.287554740906 0.448064863682 -0.846492886543
    outer loop
      vertex -8.83683490753 53.9633407593 41.3374137878
      vertex -8.09743881226 54.2466545105 40.3276481628
      vertex -8.83683490753 54.4887924194 40.3447189331
    endloop
  endfacet
  facet normal 0.247063845396 0.425213128328 -0.870719969273
    outer loop
      vertex -8.83683490753 53.9633407593 41.3374137878
      vertex -8.09743881226 53.7604675293 41.3232269287
      vertex -8.09743881226 54.2466545105 40.3276481628
    endloop
  endfacet
  facet normal 0.242488071322 0.465406477451 -0.851232230663
    outer loop
      vertex -8.83665561676 53.2367401123 42.6662788391
      vertex -8.09743881226 53.7604675293 41.3232269287
      vertex -8.83683490753 53.9633407593 41.3374137878
    endloop
  endfacet
  facet normal 0.183045208454 0.442987829447 -0.877642452717
    outer loop
      vertex -8.83665561676 53.2367401123 42.6662788391
      vertex -8.09743881226 53.0878181458 42.6558685303
      vertex -8.09743881226 53.7604675293 41.3232269287
    endloop
  endfacet
  facet normal 0.181296080351 0.463125556707 -0.867551982403
    outer loop
      vertex -8.83665561676 52.6926002502 43.685585022
      vertex -8.09743881226 53.0878181458 42.6558685303
      vertex -8.83665561676 53.2367401123 42.6662788391
    endloop
  endfacet
  facet normal 0.185185074806 0.435682296753 -0.880844712257
    outer loop
      vertex -8.09731960297 52.5823440552 43.6777687073
      vertex -6.58485174179 52.7805175781 42.6342430115
      vertex -8.09743881226 53.0878181458 42.6558685303
    endloop
  endfacet
  facet normal 0.137056231499 0.439171522856 -0.887887358665
    outer loop
      vertex -8.83665561676 52.6926002502 43.685585022
      vertex -8.09731960297 52.5823440552 43.6777687073
      vertex -8.09743881226 53.0878181458 42.6558685303
    endloop
  endfacet
  facet normal 0.144713938236 0.383005410433 -0.912340223789
    outer loop
      vertex -8.09731960297 52.5823440552 43.6777687073
      vertex -6.58473348618 52.3492622375 43.6614723206
      vertex -6.58485174179 52.7805175781 42.6342430115
    endloop
  endfacet
  facet normal 0.1363607198 0.450228661299 -0.882439732552
    outer loop
      vertex -8.83653640747 52.4321937561 44.1959457397
      vertex -8.09731960297 52.5823440552 43.6777687073
      vertex -8.83665561676 52.6926002502 43.685585022
    endloop
  endfacet
  facet normal 0.127831041813 0.475591510534 -0.87032866478
    outer loop
      vertex -9.57587146759 52.5189743042 44.2020149231
      vertex -8.83665561676 52.6926002502 43.685585022
      vertex -9.57593250275 52.7971878052 43.6928977966
    endloop
  endfacet
  facet normal 0.142380580306 0.424170345068 -0.894319474697
    outer loop
      vertex -8.09731960297 52.339641571 44.1894760132
      vertex -6.58473348618 52.3492622375 43.6614723206
      vertex -8.09731960297 52.5823440552 43.6777687073
    endloop
  endfacet
  facet normal 0.116081915796 0.425639241934 -0.89741641283
    outer loop
      vertex -8.09731960297 52.5823440552 43.6777687073
      vertex -8.83653640747 52.4321937561 44.1959457397
      vertex -8.09731960297 52.339641571 44.1894760132
    endloop
  endfacet
  facet normal 0.107653968036 0.451837956905 -0.885580658913
    outer loop
      vertex -9.57587146759 52.5189743042 44.2020149231
      vertex -8.83653640747 52.4321937561 44.1959457397
      vertex -8.83665561676 52.6926002502 43.685585022
    endloop
  endfacet
  facet normal 0.122138209641 0.366691231728 -0.922290503979
    outer loop
      vertex -8.09731960297 52.339641571 44.1894760132
      vertex -6.58473348618 51.9402809143 44.690120697
      vertex -6.58473348618 52.3492622375 43.6614723206
    endloop
  endfacet
  facet normal 0.115592554212 0.435303509235 -0.892832100391
    outer loop
      vertex -8.09731960297 52.339641571 44.1894760132
      vertex -8.83653640747 52.4321937561 44.1959457397
      vertex -8.83653640747 52.182926178 44.7072105408
    endloop
  endfacet
  facet normal 0.107280284166 0.459087044001 -0.881890058517
    outer loop
      vertex -9.57587146759 52.2534179688 44.7121391296
      vertex -8.83653640747 52.4321937561 44.1959457397
      vertex -9.57587146759 52.5189743042 44.2020149231
    endloop
  endfacet
  facet normal 0.102731205523 0.411875993013 -0.905430555344
    outer loop
      vertex -8.09726047516 52.106552124 44.7018699646
      vertex -6.58473348618 51.9402809143 44.690120697
      vertex -8.09731960297 52.339641571 44.1894760132
    endloop
  endfacet
  facet normal 0.0965736880898 0.412131935358 -0.905991613865
    outer loop
      vertex -8.09731960297 52.339641571 44.1894760132
      vertex -8.83653640747 52.182926178 44.7072105408
      vertex -8.09726047516 52.106552124 44.7018699646
    endloop
  endfacet
  facet normal 0.0882771834731 0.436530262232 -0.895348250866
    outer loop
      vertex -9.57587146759 52.2534179688 44.7121391296
      vertex -8.83653640747 52.182926178 44.7072105408
      vertex -8.83653640747 52.4321937561 44.1959457397
    endloop
  endfacet
  facet normal 0.103576101363 0.390866845846 -0.91460108757
    outer loop
      vertex -8.09726047516 51.8164367676 45.3807182312
      vertex -6.58473348618 51.9402809143 44.690120697
      vertex -8.09726047516 52.106552124 44.7018699646
    endloop
  endfacet
  facet normal 0.0965326949954 0.413172125816 -0.905522048473
    outer loop
      vertex -8.09726047516 52.106552124 44.7018699646
      vertex -8.83653640747 52.182926178 44.7072105408
      vertex -8.83653640747 51.8737869263 45.3847312927
    endloop
  endfacet
  facet normal 0.0883616060019 0.434382587671 -0.896383821964
    outer loop
      vertex -9.57587146759 51.9257240295 45.3883628845
      vertex -8.83653640747 52.182926178 44.7072105408
      vertex -9.57587146759 52.2534179688 44.7121391296
    endloop
  endfacet
  facet normal 1.5555506252e-05 0.158733680844 -0.987321436405
    outer loop
      vertex -15.5664958954 50.7852935791 48.8470535278
      vertex -16.1832847595 50.7852859497 48.8471603394
      vertex -16.1832256317 50.6707649231 49.5594558716
    endloop
  endfacet
  facet normal -0.0001465621026 0.158733695745 -0.987321436405
    outer loop
      vertex -16.1832847595 50.7852859497 48.8471603394
      vertex -16.799955368 50.6730117798 49.5449295044
      vertex -16.1832256317 50.6707649231 49.5594558716
    endloop
  endfacet
  facet normal 0.0809366777539 0.344962418079 -0.935120403767
    outer loop
      vertex -8.09726047516 51.8164367676 45.3807182312
      vertex -6.58461332321 51.6888504028 45.3716773987
      vertex -6.58473348618 51.9402809143 44.690120697
    endloop
  endfacet
  facet normal 0.0732687339187 0.391924232244 -0.917075276375
    outer loop
      vertex -8.09726047516 52.106552124 44.7018699646
      vertex -8.83653640747 51.8737869263 45.3847312927
      vertex -8.09726047516 51.8164367676 45.3807182312
    endloop
  endfacet
  facet normal 0.0658063665032 0.41421097517 -0.907798886299
    outer loop
      vertex -9.57587146759 51.9257240295 45.3883628845
      vertex -8.83653640747 51.8737869263 45.3847312927
      vertex -8.83653640747 52.182926178 44.7072105408
    endloop
  endfacet
  facet normal -0.000477397901705 0.158877000213 -0.987298250198
    outer loop
      vertex -14.8166103363 50.7856521606 48.847076416
      vertex -15.5664958954 50.7852935791 48.8470535278
      vertex -15.5663766861 50.6706504822 49.5594482422
    endloop
  endfacet
  facet normal 0.000185272787348 0.158876895905 -0.987298369408
    outer loop
      vertex -15.5664958954 50.7852935791 48.8470535278
      vertex -16.1832256317 50.6707649231 49.5594558716
      vertex -15.5663766861 50.6706504822 49.5594482422
    endloop
  endfacet
  facet normal 0.00126233615447 0.10010035336 -0.994976520538
    outer loop
      vertex -16.799955368 50.5996284485 50.2743148804
      vertex -16.1832256317 50.6707649231 49.5594558716
      vertex -16.799955368 50.6730117798 49.5449295044
    endloop
  endfacet
  facet normal 0.0804716870189 0.36293309927 -0.928333938122
    outer loop
      vertex -8.09726047516 51.5503730774 46.0612678528
      vertex -6.58461332321 51.6888504028 45.3716773987
      vertex -8.09726047516 51.8164367676 45.3807182312
    endloop
  endfacet
  facet normal 0.0735263451934 0.382413774729 -0.921061098576
    outer loop
      vertex -8.09726047516 51.8164367676 45.3807182312
      vertex -8.83653640747 51.8737869263 45.3847312927
      vertex -8.83653640747 51.5916976929 46.0641555786
    endloop
  endfacet
  facet normal 0.0661643594503 0.400638341904 -0.913844168186
    outer loop
      vertex -9.57587146759 51.6283226013 46.0667190552
      vertex -8.83653640747 51.8737869263 45.3847312927
      vertex -9.57587146759 51.9257240295 45.3883628845
    endloop
  endfacet
  facet normal -0.00146217097063 0.159366562963 -0.987218379974
    outer loop
      vertex -14.0666046143 50.7867469788 48.84715271
      vertex -14.8166103363 50.7856521606 48.847076416
      vertex -14.8166103363 50.6706504822 49.5594482422
    endloop
  endfacet
  facet normal 0 0.159366726875 -0.987219452858
    outer loop
      vertex -14.8166103363 50.7856521606 48.847076416
      vertex -15.5663766861 50.6706504822 49.5594482422
      vertex -14.8166103363 50.6706504822 49.5594482422
    endloop
  endfacet
  facet normal 0.000185990647878 0.099180996418 -0.995069384575
    outer loop
      vertex -16.799955368 50.5996284485 50.2743148804
      vertex -15.5663766861 50.6706504822 49.5594482422
      vertex -16.1832256317 50.6707649231 49.5594558716
    endloop
  endfacet
  facet normal 0.0600323453546 0.321449637413 -0.945021808147
    outer loop
      vertex -8.09726047516 51.5503730774 46.0612678528
      vertex -6.58461332321 51.4565582275 46.0545845032
      vertex -6.58461332321 51.6888504028 45.3716773987
    endloop
  endfacet
  facet normal 0.0534032694995 0.363594383001 -0.930025398731
    outer loop
      vertex -8.09726047516 51.8164367676 45.3807182312
      vertex -8.83653640747 51.5916976929 46.0641555786
      vertex -8.09726047516 51.5503730774 46.0612678528
    endloop
  endfacet
  facet normal 0.0470326431096 0.383027344942 -0.922538876534
    outer loop
      vertex -9.57587146759 51.6283226013 46.0667190552
      vertex -8.83653640747 51.5916976929 46.0641555786
      vertex -8.83653640747 51.8737869263 45.3847312927
    endloop
  endfacet
  facet normal -0.00170149269979 0.160600915551 -0.987017929554
    outer loop
      vertex -13.3167200089 50.788028717 48.8472442627
      vertex -14.0666046143 50.7867469788 48.84715271
      vertex -14.0666046143 50.6708679199 49.5593414307
    endloop
  endfacet
  facet normal -0.000258849875536 0.160601139069 -0.987019360065
    outer loop
      vertex -14.0666046143 50.7867469788 48.84715271
      vertex -14.8166103363 50.6706504822 49.5594482422
      vertex -14.0666046143 50.6708679199 49.5593414307
    endloop
  endfacet
  facet normal -1.93965184791e-17 0.0988631919026 -0.995101034641
    outer loop
      vertex -16.799955368 50.5996284485 50.2743148804
      vertex -14.8166103363 50.6706504822 49.5594482422
      vertex -15.5663766861 50.6706504822 49.5594482422
    endloop
  endfacet
  facet normal 0.0599000640213 0.329277396202 -0.942331373692
    outer loop
      vertex -8.09726047516 51.3119049072 46.7437286377
      vertex -6.58461332321 51.4565582275 46.0545845032
      vertex -8.09726047516 51.5503730774 46.0612678528
    endloop
  endfacet
  facet normal 0.053708974272 0.345906078815 -0.93673068285
    outer loop
      vertex -8.09726047516 51.5503730774 46.0612678528
      vertex -8.83653640747 51.5916976929 46.0641555786
      vertex -8.83653640747 51.3400230408 46.7456932068
    endloop
  endfacet
  facet normal 0.0473928116262 0.361031413078 -0.931348621845
    outer loop
      vertex -9.57587146759 51.3644599915 46.7474021912
      vertex -8.83653640747 51.5916976929 46.0641555786
      vertex -9.57587146759 51.6283226013 46.0667190552
    endloop
  endfacet
  facet normal -0.00160500011407 0.161653444171 -0.986846268177
    outer loop
      vertex -12.5668935776 50.7892532349 48.8471908569
      vertex -13.3167200089 50.788028717 48.8472442627
      vertex -13.3167200089 50.6713752747 49.5593757629
    endloop
  endfacet
  facet normal -0.000675181858242 0.161653608084 -0.986847341061
    outer loop
      vertex -13.3167200089 50.788028717 48.8472442627
      vertex -14.0666046143 50.6708679199 49.5593414307
      vertex -13.3167200089 50.6713752747 49.5593757629
    endloop
  endfacet
  facet normal -0.000270096381428 0.0981211289763 -0.995174467564
    outer loop
      vertex -16.799955368 50.5996284485 50.2743148804
      vertex -14.0666046143 50.6708679199 49.5593414307
      vertex -14.8166103363 50.6706504822 49.5594482422
    endloop
  endfacet
  facet normal 0.0421667657793 0.293047755957 -0.955167531967
    outer loop
      vertex -8.09726047516 51.3119049072 46.7437286377
      vertex -6.58461332321 51.2465591431 46.7390518188
      vertex -6.58461332321 51.4565582275 46.0545845032
    endloop
  endfacet
  facet normal 0.0367616452277 0.329646736383 -0.943388342857
    outer loop
      vertex -8.09726047516 51.5503730774 46.0612678528
      vertex -8.83653640747 51.3400230408 46.7456932068
      vertex -8.09726047516 51.3119049072 46.7437286377
    endloop
  endfacet
  facet normal 0.0317906029522 0.346230983734 -0.937610507011
    outer loop
      vertex -9.57587146759 51.3644599915 46.7474021912
      vertex -8.83653640747 51.3400230408 46.7456932068
      vertex -8.83653640747 51.5916976929 46.0641555786
    endloop
  endfacet
  facet normal -0.000712007167749 0.162652865052 -0.98668307066
    outer loop
      vertex -12.0682401657 50.7896118164 48.8472175598
      vertex -12.5668935776 50.7892532349 48.8471908569
      vertex -12.5668935776 50.6718482971 49.5594100952
    endloop
  endfacet
  facet normal -0.000630089140031 0.162652879953 -0.986683130264
    outer loop
      vertex -12.5668935776 50.7892532349 48.8471908569
      vertex -13.3167200089 50.6713752747 49.5593757629
      vertex -12.5668935776 50.6718482971 49.5594100952
    endloop
  endfacet
  facet normal -0.000677945907228 0.0965769439936 -0.995325267315
    outer loop
      vertex -16.799955368 50.5996284485 50.2743148804
      vertex -13.3167200089 50.6713752747 49.5593757629
      vertex -14.0666046143 50.6708679199 49.5593414307
    endloop
  endfacet
  facet normal 0.0421867072582 0.291071981192 -0.955770552158
    outer loop
      vertex -8.09726047516 51.1034202576 47.4283027649
      vertex -6.58461332321 51.2465591431 46.7390518188
      vertex -8.09726047516 51.3119049072 46.7437286377
    endloop
  endfacet
  facet normal 0.0370135940611 0.304597586393 -0.95176166296
    outer loop
      vertex -8.09726047516 51.3119049072 46.7437286377
      vertex -8.83653640747 51.3400230408 46.7456932068
      vertex -8.83653640747 51.1211700439 47.4295425415
    endloop
  endfacet
  facet normal 0.0320658199489 0.316625058651 -0.948008596897
    outer loop
      vertex -9.57575321198 51.1362380981 47.430721283
      vertex -8.83653640747 51.3400230408 46.7456932068
      vertex -9.57587146759 51.3644599915 46.7474021912
    endloop
  endfacet
  facet normal -0.00047938132775 0.16281144321 -0.986657083035
    outer loop
      vertex -12.0682401657 50.7896118164 48.8472175598
      vertex -12.5668935776 50.6718482971 49.5594100952
      vertex -12.0682401657 50.672088623 49.559425354
    endloop
  endfacet
  facet normal -0.000632520590443 0.0967961251736 -0.995304048061
    outer loop
      vertex -16.799955368 50.5996284485 50.2743148804
      vertex -12.5668935776 50.6718482971 49.5594100952
      vertex -13.3167200089 50.6713752747 49.5593757629
    endloop
  endfacet
  facet normal 0 0.162811458111 -0.986657202244
    outer loop
      vertex -11.5698270798 50.7896118164 48.8472175598
      vertex -12.0682401657 50.7896118164 48.8472175598
      vertex -12.0682401657 50.672088623 49.559425354
    endloop
  endfacet
  facet normal 0.0273073688149 0.260360121727 -0.965125322342
    outer loop
      vertex -6.58461332321 51.2465591431 46.7390518188
      vertex -8.09726047516 51.1034202576 47.4283027649
      vertex -6.58461332321 51.061416626 47.425365448
    endloop
  endfacet
  facet normal 0.0234462227672 0.291251242161 -0.95635920763
    outer loop
      vertex -8.09726047516 51.3119049072 46.7437286377
      vertex -8.83653640747 51.1211700439 47.4295425415
      vertex -8.09726047516 51.1034202576 47.4283027649
    endloop
  endfacet
  facet normal 0.0198950953782 0.304746121168 -0.952225804329
    outer loop
      vertex -9.57575321198 51.1362380981 47.430721283
      vertex -8.83653640747 51.1211700439 47.4295425415
      vertex -8.83653640747 51.3400230408 46.7456932068
    endloop
  endfacet
  facet normal -0.000481540540932 0.0976813733578 -0.995217621326
    outer loop
      vertex -16.799955368 50.5996284485 50.2743148804
      vertex -12.0682401657 50.672088623 49.559425354
      vertex -12.5668935776 50.6718482971 49.5594100952
    endloop
  endfacet
  facet normal -0.00052765320288 0.162451952696 -0.986716330051
    outer loop
      vertex -11.5698270798 50.7896118164 48.8472175598
      vertex -12.0682401657 50.672088623 49.559425354
      vertex -11.5698270798 50.6723518372 49.5594444275
    endloop
  endfacet
  facet normal 0.0273624900728 0.250129580498 -0.967825651169
    outer loop
      vertex -6.58461332321 51.061416626 47.425365448
      vertex -8.09726047516 51.1034202576 47.4283027649
      vertex -8.09708118439 50.9408721924 48.0572433472
    endloop
  endfacet
  facet normal 0.0236054230481 0.260729670525 -0.965123236179
    outer loop
      vertex -8.09726047516 51.1034202576 47.4283027649
      vertex -8.83653640747 51.1211700439 47.4295425415
      vertex -8.83635807037 50.9513893127 48.0579795837
    endloop
  endfacet
  facet normal 0.0200640335679 0.267134398222 -0.963450372219
    outer loop
      vertex -9.57575321198 50.940322876 48.1373100281
      vertex -8.83653640747 51.1211700439 47.4295425415
      vertex -9.57575321198 51.1362380981 47.430721283
    endloop
  endfacet
  facet normal 0.0166371855885 0.225648030639 -0.974066793919
    outer loop
      vertex -6.58461332321 51.061416626 47.425365448
      vertex -8.09708118439 50.9408721924 48.0572433472
      vertex -6.58461332321 50.9154510498 48.0554656982
    endloop
  endfacet
  facet normal 0.00848843716085 0.189367130399 -0.981869637966
    outer loop
      vertex -6.58461332321 50.9154510498 48.0554656982
      vertex -8.09708118439 50.8065032959 48.6881561279
      vertex -6.58461332321 50.7936019897 48.6872520447
    endloop
  endfacet
  facet normal 0.00318261515349 0.151210188866 -0.988496482372
    outer loop
      vertex -6.58461332321 50.7936019897 48.6872520447
      vertex -8.09708118439 50.7015037537 49.3211517334
      vertex -6.58449459076 50.6966819763 49.32081604
    endloop
  endfacet
  facet normal -0.000529645185452 0.0973661020398 -0.995248496532
    outer loop
      vertex -16.799955368 50.5996284485 50.2743148804
      vertex -11.5698270798 50.6723518372 49.5594444275
      vertex -12.0682401657 50.672088623 49.559425354
    endloop
  endfacet
  facet normal 0.00130636594258 0.162451833487 -0.986715614796
    outer loop
      vertex -10.5728197098 50.7883071899 48.8471260071
      vertex -11.5698270798 50.7896118164 48.8472175598
      vertex -11.5698270798 50.6723518372 49.5594444275
    endloop
  endfacet
  facet normal 0.0140258409083 0.250202208757 -0.968092024326
    outer loop
      vertex -8.09726047516 51.1034202576 47.4283027649
      vertex -8.83635807037 50.9513893127 48.0579795837
      vertex -8.09708118439 50.9408721924 48.0572433472
    endloop
  endfacet
  facet normal 0.0135278198868 0.260781168938 -0.965303182602
    outer loop
      vertex -9.57575321198 50.940322876 48.1373100281
      vertex -8.83635807037 50.9513893127 48.0579795837
      vertex -8.83653640747 51.1211700439 47.4295425415
    endloop
  endfacet
  facet normal 0.0166816730052 0.208274617791 -0.977928102016
    outer loop
      vertex -6.58461332321 50.9154510498 48.0554656982
      vertex -8.09708118439 50.9408721924 48.0572433472
      vertex -8.09708118439 50.8065032959 48.6881561279
    endloop
  endfacet
  facet normal 0.00851242709905 0.163634628057 -0.986484289169
    outer loop
      vertex -6.58461332321 50.7936019897 48.6872520447
      vertex -8.09708118439 50.8065032959 48.6881561279
      vertex -8.09708118439 50.7015037537 49.3211517334
    endloop
  endfacet
  facet normal 0.000152941051056 0.102309592068 -0.994752585888
    outer loop
      vertex -16.799955368 50.5996284485 50.2743148804
      vertex -10.572640419 50.6722068787 49.5593299866
      vertex -11.5698270798 50.6723518372 49.5594444275
    endloop
  endfacet
  facet normal 0.000158693335834 0.160887345672 -0.986972749233
    outer loop
      vertex -10.5728197098 50.7883071899 48.8471260071
      vertex -11.5698270798 50.6723518372 49.5594444275
      vertex -10.572640419 50.6722068787 49.5593299866
    endloop
  endfacet
  facet normal 0.0141081418842 0.21614202857 -0.976260006428
    outer loop
      vertex -8.09708118439 50.9408721924 48.0572433472
      vertex -8.83635807037 50.9513893127 48.0579795837
      vertex -8.83635807037 50.8117904663 48.6885261536
    endloop
  endfacet
  facet normal 0.00829225499183 0.213599637151 -0.976886093616
    outer loop
      vertex -9.57575321198 50.7851905823 48.846786499
      vertex -8.83635807037 50.9513893127 48.0579795837
      vertex -9.57575321198 50.940322876 48.1373100281
    endloop
  endfacet
  facet normal 0.00709954509512 0.208298355341 -0.978039562702
    outer loop
      vertex -8.09708118439 50.9408721924 48.0572433472
      vertex -8.83635807037 50.8117904663 48.6885261536
      vertex -8.09708118439 50.8065032959 48.6881561279
    endloop
  endfacet
  facet normal 0.00258643249981 0.163640007377 -0.986516714096
    outer loop
      vertex -8.09708118439 50.8065032959 48.6881561279
      vertex -8.83635807037 50.7033996582 49.3214073181
      vertex -8.09708118439 50.7015037537 49.3211517334
    endloop
  endfacet
  facet normal 0.000566869683098 0.105876863003 -0.994379103184
    outer loop
      vertex -16.799955368 50.5996284485 50.2743148804
      vertex -9.5755739212 50.6716461182 49.5592880249
      vertex -10.572640419 50.6722068787 49.5593299866
    endloop
  endfacet
  facet normal 0.00313675776124 0.160885825753 -0.986968040466
    outer loop
      vertex -9.57575321198 50.7851905823 48.846786499
      vertex -10.5728197098 50.7883071899 48.8471260071
      vertex -10.572640419 50.6722068787 49.5593299866
    endloop
  endfacet
  facet normal 0.00157132663298 0.115912653506 -0.993258178234
    outer loop
      vertex -16.799955368 50.5996284485 50.2743148804
      vertex -8.83629798889 50.6426925659 49.7973670959
      vertex -9.5755739212 50.6716461182 49.5592880249
    endloop
  endfacet
  facet normal 0.00258760061115 0.126520723104 -0.991960585117
    outer loop
      vertex -8.09708118439 50.7015037537 49.3211517334
      vertex -8.83635807037 50.7033996582 49.3214073181
      vertex -8.83629798889 50.6426925659 49.7973670959
    endloop
  endfacet
  facet normal 0.0111457016319 0.216150119901 -0.976296544075
    outer loop
      vertex -9.57575321198 50.7851905823 48.846786499
      vertex -8.83635807037 50.8117904663 48.6885261536
      vertex -8.83635807037 50.9513893127 48.0579795837
    endloop
  endfacet
  facet normal 0.00713400123641 0.168803617358 -0.985623896122
    outer loop
      vertex -8.09708118439 50.8065032959 48.6881561279
      vertex -8.83635807037 50.8117904663 48.6885261536
      vertex -8.83635807037 50.7033996582 49.3214073181
    endloop
  endfacet
  facet normal 0.000565044814721 0.157378271222 -0.987538218498
    outer loop
      vertex -9.57575321198 50.7851905823 48.846786499
      vertex -10.572640419 50.6722068787 49.5593299866
      vertex -9.5755739212 50.6716461182 49.5592880249
    endloop
  endfacet
  facet normal -0.00189593504183 0.126521468163 -0.991962075233
    outer loop
      vertex -8.83635807037 50.7033996582 49.3214073181
      vertex -9.5755739212 50.6716461182 49.5592880249
      vertex -8.83629798889 50.6426925659 49.7973670959
    endloop
  endfacet
  facet normal 0.000676265743095 0.168807864189 -0.985648751259
    outer loop
      vertex -8.83635807037 50.7033996582 49.3214073181
      vertex -8.83635807037 50.8117904663 48.6885261536
      vertex -9.57575321198 50.7851905823 48.846786499
    endloop
  endfacet
  facet normal 0.0082229739055 0.157371103764 -0.987505316734
    outer loop
      vertex -9.5755739212 50.6716461182 49.5592880249
      vertex -8.83635807037 50.7033996582 49.3214073181
      vertex -9.57575321198 50.7851905823 48.846786499
    endloop
  endfacet
  facet normal 0 0.0697540193796 -0.997564196587
    outer loop
      vertex -15.263048172 49.3334999084 68.381439209
      vertex -1.7998521328 50.5996284485 50.2743148804
      vertex -9.29984378815 50.5996284485 50.2743148804
    endloop
  endfacet
  facet normal 8.11200990825e-08 0.0697540789843 -0.997564196587
    outer loop
      vertex -1.79997038841 49.2841644287 69.0869750977
      vertex -1.7998521328 50.5996284485 50.2743148804
      vertex -15.263048172 49.3334999084 68.381439209
    endloop
  endfacet
  facet normal -0.0523324124515 0.998629748821 -2.53013638485e-07
    outer loop
      vertex 12.2232713699 49.0792579651 69.8218383789
      vertex -15.263048172 49.3334999084 68.381439209
      vertex -15.263048172 7.07921886444 68.3814468384
    endloop
  endfacet
  facet normal -0.0808065831661 0.0695254653692 -0.994302034378
    outer loop
      vertex -1.41397082806 49.314125061 69.107131958
      vertex -1.7998521328 50.5996284485 50.2743148804
      vertex -1.79997038841 49.2841644287 69.0869750977
    endloop
  endfacet
  facet normal -0.0523346625268 0.998629570007 0.000243554328335
    outer loop
      vertex 12.2232713699 49.0792579651 69.8218383789
      vertex -1.79997038841 49.2841644287 69.0869750977
      vertex -15.263048172 49.3334999084 68.381439209
    endloop
  endfacet
  facet normal -0.0523019731045 0.998629331589 -0.00199267454445
    outer loop
      vertex 12.2232713699 49.0792579651 69.8218383789
      vertex -1.41397082806 49.314125061 69.107131958
      vertex -1.79997038841 49.2841644287 69.0869750977
    endloop
  endfacet
  facet normal -0.0523455403745 0.998628914356 0.000538299093023
    outer loop
      vertex 12.2232713699 49.0792579651 69.8218383789
      vertex -1.03756701946 49.4059867859 69.126914978
      vertex -1.41397082806 49.314125061 69.107131958
    endloop
  endfacet
  facet normal -0.0523294098675 0.998629868031 -0.000118446478155
    outer loop
      vertex 12.2232713699 49.0792579651 69.8218383789
      vertex -0.681251466274 49.5574264526 69.1455688477
      vertex -1.03756701946 49.4059867859 69.126914978
    endloop
  endfacet
  facet normal -0.0523263961077 0.99862998724 -0.000199977584998
    outer loop
      vertex 12.2232713699 49.0792579651 69.8218383789
      vertex -0.353723496199 49.7647018433 69.162689209
      vertex -0.681251466274 49.5574264526 69.1455688477
    endloop
  endfacet
  facet normal -0.0523516312242 0.998628675938 0.000264325528406
    outer loop
      vertex 12.2232713699 49.0792579651 69.8218383789
      vertex -0.0642242357135 50.0222663879 69.1779327393
      vertex -0.353723496199 49.7647018433 69.162689209
    endloop
  endfacet
  facet normal -0.0523200891912 0.998630344868 -0.000147793674842
    outer loop
      vertex 12.2232713699 49.0792579651 69.8218383789
      vertex 0.180154785514 50.323348999 69.1906890869
      vertex -0.0642242357135 50.0222663879 69.1779327393
    endloop
  endfacet
  facet normal -0.0523265749216 0.998630046844 -8.4838065959e-05
    outer loop
      vertex 12.2232713699 49.0792579651 69.8218383789
      vertex 0.372917145491 50.6602630615 69.2007598877
      vertex 0.180154785514 50.323348999 69.1906890869
    endloop
  endfacet
  facet normal -0.0523470677435 0.998628973961 6.91696404829e-05
    outer loop
      vertex 12.2232713699 49.0792579651 69.8218383789
      vertex 0.508577287197 51.0237884521 69.207901001
      vertex 0.372917145491 50.6602630615 69.2007598877
    endloop
  endfacet
  facet normal -0.0523689836264 0.998627781868 0.000201579052373
    outer loop
      vertex 12.2232713699 49.0792579651 69.8218383789
      vertex 0.584155976772 51.4045982361 69.2119369507
      vertex 0.508577287197 51.0237884521 69.207901001
    endloop
  endfacet
  facet normal -0.0523075051606 0.998631000519 -0.000107005020254
    outer loop
      vertex 12.2232713699 49.0792579651 69.8218383789
      vertex 0.600009858608 51.681186676 69.2127380371
      vertex 0.584155976772 51.4045982361 69.2119369507
    endloop
  endfacet
  facet normal -0.052328646183 0.998629927635 -1.22977116916e-05
    outer loop
      vertex 12.2232713699 49.0792579651 69.8218383789
      vertex 0.600009858608 60.2007331848 69.2126312256
      vertex 0.600009858608 51.681186676 69.2127380371
    endloop
  endfacet
  facet normal 0.00169943121728 0.999998569489 -1.92520428755e-06
    outer loop
      vertex 12.2232713699 60.2007408142 69.8218154907
      vertex 12.2232713699 49.0792579651 69.8218383789
      vertex 13.0018892288 60.2008323669 69.8204879761
    endloop
  endfacet
  facet normal -0.0523385480046 0.998629391193 -1.92256834453e-06
    outer loop
      vertex 12.2232713699 49.0792579651 69.8218383789
      vertex 12.2232713699 60.2007408142 69.8218154907
      vertex 0.600009858608 60.2007331848 69.2126312256
    endloop
  endfacet
  facet normal -0.00470188865438 -0.0341749079525 -0.999404788017
    outer loop
      vertex -16.799955368 52.8447227478 19.8181762695
      vertex -16.1844768524 52.8163299561 18.9031677246
      vertex -16.799955368 52.8162307739 18.9849681854
    endloop
  endfacet
  facet normal -0.00116299267393 -0.0341752618551 -0.999415159225
    outer loop
      vertex -16.799955368 52.8162307739 18.9849681854
      vertex -21.5999755859 52.8310623169 19.5820426941
      vertex -16.799955368 52.8447227478 19.8181762695
    endloop
  endfacet
  facet normal -0.864321112633 -0.502940416336 8.28340148473e-07
    outer loop
      vertex -21.0151348114 53.9236679077 2.73671579361
      vertex -21.3822975159 7.07904958725 3.36777544022
      vertex -21.3822975159 53.8795471191 3.36769843102
    endloop
  endfacet
  facet normal -0.000570207892451 -0.0294135138392 -0.99956715107
    outer loop
      vertex -16.799955368 52.8162307739 18.9849681854
      vertex -21.5999755859 52.8170547485 19.1060333252
      vertex -21.5999755859 52.8310623169 19.5820426941
    endloop
  endfacet
  facet normal -0.8698746562 -0.493272840977 -0.000172934654984
    outer loop
      vertex -21.0151348114 53.9236679077 2.73671579361
      vertex -21.1036472321 7.07913970947 2.87638092041
      vertex -21.3822975159 7.07904958725 3.36777544022
    endloop
  endfacet
  facet normal 0.00042709740228 0.0101249478757 -0.999948620796
    outer loop
      vertex -21.5999755859 52.8218841553 18.6294059753
      vertex -21.5999755859 52.8170547485 19.1060333252
      vertex -16.799955368 52.8162307739 18.9849681854
    endloop
  endfacet
  facet normal -1 0 0
    outer loop
      vertex -21.5999755859 7.0790605545 18.0055007935
      vertex -21.5999755859 52.8218841553 18.6294059753
      vertex -21.5999755859 52.8456764221 18.1532688141
    endloop
  endfacet
  facet normal -1 0 -0
    outer loop
      vertex -21.5999755859 7.0790605545 18.0055007935
      vertex -21.5999755859 52.8456764221 18.1532688141
      vertex -21.5999755859 52.8560218811 18.0053138733
    endloop
  endfacet
  facet normal 0.000326146662701 1.94204380932e-06 0.999999940395
    outer loop
      vertex -21.3977947235 7.07916307449 64.4032440186
      vertex -21.3822975159 7.07904958725 3.36777544022
      vertex -21.1036472321 7.07913970947 2.87638092041
    endloop
  endfacet
  facet normal -1 0 0
    outer loop
      vertex -21.5999755859 7.0790605545 18.0055007935
      vertex -21.5999755859 52.8170547485 19.1060333252
      vertex -21.5999755859 52.8218841553 18.6294059753
    endloop
  endfacet
  facet normal -1 0 0
    outer loop
      vertex -21.5999755859 7.0790605545 18.0055007935
      vertex -21.5999755859 52.8560218811 18.0053138733
      vertex -21.5999755859 7.07909679413 10.5148735046
    endloop
  endfacet
  facet normal -0.000156657755724 1.81945586064e-06 1
    outer loop
      vertex -21.3977947235 7.07916307449 64.4032440186
      vertex -21.5999755859 7.07909679413 10.5148735046
      vertex -21.3822975159 7.07904958725 3.36777544022
    endloop
  endfacet
  facet normal -1 0 0
    outer loop
      vertex -21.5999755859 7.0790605545 18.0055007935
      vertex -21.5999755859 7.07913351059 26.9847869873
      vertex -21.5999755859 52.8170547485 19.1060333252
    endloop
  endfacet
  facet normal 0.00162347231526 -4.85926193505e-06 0.999998688698
    outer loop
      vertex -21.3977947235 7.07916307449 64.4032440186
      vertex -21.5999755859 7.0790605545 18.0055007935
      vertex -21.5999755859 7.07909679413 10.5148735046
    endloop
  endfacet
  facet normal -0.00135220435914 8.10731125966e-06 0.99999910593
    outer loop
      vertex -21.3977947235 7.07916307449 64.4032440186
      vertex -21.5999755859 7.07913351059 26.9847869873
      vertex -21.5999755859 7.0790605545 18.0055007935
    endloop
  endfacet
  facet normal -0.000407874555094 3.00491637972e-06 0.999999940395
    outer loop
      vertex -21.3977947235 7.07916307449 64.4032440186
      vertex -21.5999755859 7.0791759491 41.2355384827
      vertex -21.5999755859 7.07913351059 26.9847869873
    endloop
  endfacet
  facet normal -7.00321379554e-06 -4.9339320185e-07 1
    outer loop
      vertex -21.3977947235 7.07916307449 64.4032440186
      vertex -21.5999755859 7.07917165756 49.9146842957
      vertex -21.5999755859 7.0791759491 41.2355384827
    endloop
  endfacet
  facet normal -0.0309770572931 0.000431675231084 0.999520003796
    outer loop
      vertex -21.3977947235 7.07916307449 64.4032440186
      vertex -21.5999755859 7.07919120789 49.9593009949
      vertex -21.5999755859 7.07917165756 49.9146842957
    endloop
  endfacet
  facet normal -0.910918056965 0.412587285042 -2.30307819038e-06
    outer loop
      vertex -21.68318367 49.65574646 63.7729263306
      vertex -21.68318367 7.07921695709 63.7731628418
      vertex -21.3977947235 7.07916307449 64.4032440186
    endloop
  endfacet
  facet normal -9.59185199463e-05 -5.84451129271e-07 1
    outer loop
      vertex -21.3977947235 7.07916307449 64.4032440186
      vertex -21.5999755859 7.07918691635 57.2862281799
      vertex -21.5999755859 7.07919120789 49.9593009949
    endloop
  endfacet
  facet normal -0.00019231812621 2.15405384552e-06 1
    outer loop
      vertex -21.3977947235 7.07916307449 64.4032440186
      vertex -21.68318367 7.07921695709 63.7731628418
      vertex -21.5999755859 7.07918691635 57.2862281799
    endloop
  endfacet
  facet normal -0.0011887177825 -3.67051143257e-06 0.999999284744
    outer loop
      vertex -21.68318367 7.07921695709 63.7731628418
      vertex -21.7077407837 7.07926607132 58.3100585938
      vertex -21.6269168854 7.07917165756 57.8008499146
    endloop
  endfacet
  facet normal 0.000853750505485 1.55719972099e-05 0.999999642372
    outer loop
      vertex -21.68318367 7.07921695709 63.7731628418
      vertex -21.6269168854 7.07917165756 57.8008499146
      vertex -21.5999755859 7.07918691635 57.2862281799
    endloop
  endfacet
  facet normal -0.000151971922605 0.0697441101074 -0.997564911842
    outer loop
      vertex -22.1974525452 53.6309051514 6.92360591888
      vertex -22.0959453583 53.730430603 5.50029277802
      vertex -22.1814785004 53.6808395386 6.20943880081
    endloop
  endfacet
  facet normal -7.75076387072e-06 0.0697543472052 -0.997564196587
    outer loop
      vertex -22.1436901093 53.5810928345 7.63599348068
      vertex -22.0959453583 53.730430603 5.50029277802
      vertex -22.1974525452 53.6309051514 6.92360591888
    endloop
  endfacet
  facet normal 2.23598253797e-05 0.0697550103068 -0.997564136982
    outer loop
      vertex -22.1436901093 53.5810928345 7.63599348068
      vertex -21.9418678284 53.7792129517 4.80262708664
      vertex -22.0959453583 53.730430603 5.50029277802
    endloop
  endfacet
  facet normal 1.38542809509e-05 0.0697544142604 -0.997564196587
    outer loop
      vertex -22.0245990753 53.5331268311 8.32192611694
      vertex -21.9418678284 53.7792129517 4.80262708664
      vertex -22.1436901093 53.5810928345 7.63599348068
    endloop
  endfacet
  facet normal 0.000151248998009 0.0697562918067 -0.997564077377
    outer loop
      vertex -21.3822975159 53.8795471191 3.36769843102
      vertex -21.5999755859 52.8560218811 18.0053138733
      vertex -21.5999755859 52.8456764221 18.1532688141
    endloop
  endfacet
  facet normal 1.11619347081e-05 0.0697543472052 -0.997564196587
    outer loop
      vertex -21.8411369324 53.4861831665 8.99324703217
      vertex -21.9418678284 53.7792129517 4.80262708664
      vertex -22.0245990753 53.5331268311 8.32192611694
    endloop
  endfacet
  facet normal -1.56911528393e-06 0.0697540342808 -0.997564196587
    outer loop
      vertex -21.3822975159 53.8795471191 3.36769843102
      vertex -21.5999755859 53.3797874451 10.5148458481
      vertex -21.5999755859 52.8560218811 18.0053138733
    endloop
  endfacet
  facet normal 5.65898608329e-06 0.0697544813156 -0.997564196587
    outer loop
      vertex -21.8411369324 53.4861831665 8.99324703217
      vertex -21.7201976776 53.8267211914 4.12317609787
      vertex -21.9418678284 53.7792129517 4.80262708664
    endloop
  endfacet
  facet normal 2.27020814236e-06 0.0697541460395 -0.997564196587
    outer loop
      vertex -21.3822975159 53.8795471191 3.36769843102
      vertex -21.7201976776 53.8267211914 4.12317609787
      vertex -21.5999755859 53.3797874451 10.5148458481
    endloop
  endfacet
  facet normal -1 0 -0
    outer loop
      vertex -21.5999755859 7.07909679413 10.5148735046
      vertex -21.5999755859 52.8560218811 18.0053138733
      vertex -21.5999755859 53.3797874451 10.5148458481
    endloop
  endfacet
  facet normal 2.74569538306e-06 0.0697544068098 -0.997564196587
    outer loop
      vertex -21.7076206207 53.4513702393 9.49109649658
      vertex -21.7201976776 53.8267211914 4.12317609787
      vertex -21.8411369324 53.4861831665 8.99324703217
    endloop
  endfacet
  facet normal -2.50072007475e-05 0.0697546601295 -0.997564196587
    outer loop
      vertex -21.5999755859 53.3797874451 10.5148458481
      vertex -21.7201976776 53.8267211914 4.12317609787
      vertex -21.6269168854 53.4157791138 10.0001106262
    endloop
  endfacet
  facet normal -0.998633027077 0.052269294858 -3.14226404896e-08
    outer loop
      vertex -21.6269168854 53.4157791138 10.0001106262
      vertex -21.5999755859 7.07909679413 10.5148735046
      vertex -21.5999755859 53.3797874451 10.5148458481
    endloop
  endfacet
  facet normal -1.12135394374e-05 0.0697544366121 -0.997564196587
    outer loop
      vertex -21.7201976776 53.8267211914 4.12317609787
      vertex -21.7076206207 53.4513702393 9.49109649658
      vertex -21.6269168854 53.4157791138 10.0001106262
    endloop
  endfacet
  facet normal -0.998632371426 0.0522816553712 -1.69107565284e-07
    outer loop
      vertex -21.6269168854 53.4157791138 10.0001106262
      vertex -21.6269168854 7.07914400101 10.0002603531
      vertex -21.5999755859 7.07909679413 10.5148735046
    endloop
  endfacet
  facet normal -0.987662792206 0.156595766544 -5.06516641963e-07
    outer loop
      vertex -21.7076206207 53.4513702393 9.49109649658
      vertex -21.6269168854 7.07914400101 10.0002603531
      vertex -21.6269168854 53.4157791138 10.0001106262
    endloop
  endfacet
  facet normal -0.911264657974 -0.411821216345 6.78267326748e-07
    outer loop
      vertex -21.7000522614 7.07905387878 4.07089233398
      vertex -21.3822975159 53.8795471191 3.36769843102
      vertex -21.3822975159 7.07904958725 3.36777544022
    endloop
  endfacet
  facet normal -0.00118493824266 -2.94985075016e-05 0.999999284744
    outer loop
      vertex -21.6269168854 7.07914400101 10.0002603531
      vertex -21.3822975159 7.07904958725 3.36777544022
      vertex -21.5999755859 7.07909679413 10.5148735046
    endloop
  endfacet
  facet normal -0.987636804581 0.156759634614 -2.35102129409e-06
    outer loop
      vertex -21.7076206207 53.4513702393 9.49109649658
      vertex -21.7077407837 7.07910966873 9.49103736877
      vertex -21.6269168854 7.07914400101 10.0002603531
    endloop
  endfacet
  facet normal 1.95494849322e-05 1.49252127812e-05 1
    outer loop
      vertex -21.6269168854 7.07914400101 10.0002603531
      vertex -21.7000522614 7.07905387878 4.07089233398
      vertex -21.3822975159 7.07904958725 3.36777544022
    endloop
  endfacet
  facet normal 0.000355961790774 1.07757095975e-05 0.999999940395
    outer loop
      vertex -21.7077407837 7.07910966873 9.49103736877
      vertex -21.7000522614 7.07905387878 4.07089233398
      vertex -21.6269168854 7.07914400101 10.0002603531
    endloop
  endfacet
  facet normal -3.43403883107e-07 0.0697540715337 -0.997564196587
    outer loop
      vertex -16.0547180176 49.3394355774 68.296546936
      vertex -16.799955368 50.5996284485 50.2743148804
      vertex -16.8323802948 49.3513450623 68.1262207031
    endloop
  endfacet
  facet normal 0 0.100100435317 -0.994977355003
    outer loop
      vertex -16.799955368 50.6730117798 49.5449295044
      vertex -21.5999755859 50.5996284485 50.2743148804
      vertex -16.799955368 50.5996284485 50.2743148804
    endloop
  endfacet
  facet normal 0 0.0697540715337 -0.997564196587
    outer loop
      vertex -21.5999755859 50.5996284485 50.2743148804
      vertex -16.8323802948 49.3513450623 68.1262207031
      vertex -16.799955368 50.5996284485 50.2743148804
    endloop
  endfacet
  facet normal 2.16969374378e-06 0.0697534903884 -0.997564256191
    outer loop
      vertex -21.5999755859 50.5996284485 50.2743148804
      vertex -17.5866165161 49.3690834045 67.8725662231
      vertex -16.8323802948 49.3513450623 68.1262207031
    endloop
  endfacet
  facet normal -3.37704636877e-06 0.0697547495365 -0.997564196587
    outer loop
      vertex -21.5999755859 50.5996284485 50.2743148804
      vertex -18.3084888458 49.3924217224 67.5388183594
      vertex -17.5866165161 49.3690834045 67.8725662231
    endloop
  endfacet
  facet normal 3.10472091769e-06 0.0697535201907 -0.997564256191
    outer loop
      vertex -21.5999755859 50.5996284485 50.2743148804
      vertex -18.9896507263 49.421081543 67.1289291382
      vertex -18.3084888458 49.3924217224 67.5388183594
    endloop
  endfacet
  facet normal 3.62056971426e-06 0.0697534456849 -0.997564256191
    outer loop
      vertex -21.5999755859 50.5996284485 50.2743148804
      vertex -19.5681705475 49.4515647888 66.6930541992
      vertex -18.9896507263 49.421081543 67.1289291382
    endloop
  endfacet
  facet normal -3.26191411659e-06 0.0697542876005 -0.997564196587
    outer loop
      vertex -21.5999755859 50.5996284485 50.2743148804
      vertex -20.1004428864 49.4858512878 66.2026443481
      vertex -19.5681705475 49.4515647888 66.6930541992
    endloop
  endfacet
  facet normal -1.0740484413e-06 0.0697540864348 -0.997564196587
    outer loop
      vertex -21.5999755859 50.5996284485 50.2743148804
      vertex -20.5813331604 49.5236358643 65.6622772217
      vertex -20.1004428864 49.4858512878 66.2026443481
    endloop
  endfacet
  facet normal -1.68128303812e-06 0.0697541236877 -0.997564196587
    outer loop
      vertex -21.5999755859 50.5996284485 50.2743148804
      vertex -21.0064334869 49.5645256042 65.0774993896
      vertex -20.5813331604 49.5236358643 65.6622772217
    endloop
  endfacet
  facet normal 6.80005268805e-06 0.0697537884116 -0.997564256191
    outer loop
      vertex -21.5999755859 50.5996284485 50.2743148804
      vertex -21.3977947235 49.6116867065 64.4030685425
      vertex -21.0064334869 49.5645256042 65.0774993896
    endloop
  endfacet
  facet normal -1.14137583296e-05 0.0697540491819 -0.997564196587
    outer loop
      vertex -21.5999755859 50.5996284485 50.2743148804
      vertex -21.5999755859 50.1093292236 57.2861862183
      vertex -21.3977947235 49.6116867065 64.4030685425
    endloop
  endfacet
  facet normal 7.71727063693e-05 0.0697533935308 -0.997564256191
    outer loop
      vertex -22.1708087921 49.7990188599 61.7240066528
      vertex -22.1597824097 49.898223877 60.3052253723
      vertex -22.1997184753 49.8486404419 61.0143699646
    endloop
  endfacet
  facet normal -2.96651815006e-05 0.0697525665164 -0.997564315796
    outer loop
      vertex -22.1708087921 49.7990188599 61.7240066528
      vertex -22.0511837006 49.9473190308 59.6031455994
      vertex -22.1597824097 49.898223877 60.3052253723
    endloop
  endfacet
  facet normal 2.9460359201e-06 0.0697543993592 -0.997564196587
    outer loop
      vertex -22.0732364655 49.7498245239 62.427532196
      vertex -22.0511837006 49.9473190308 59.6031455994
      vertex -22.1708087921 49.7990188599 61.7240066528
    endloop
  endfacet
  facet normal 1.50365349327e-05 0.0697544962168 -0.997564196587
    outer loop
      vertex -22.0732364655 49.7498245239 62.427532196
      vertex -21.8411369324 50.0029373169 58.8076934814
      vertex -22.0511837006 49.9473190308 59.6031455994
    endloop
  endfacet
  facet normal 1.1048475244e-05 0.069754242897 -0.997564196587
    outer loop
      vertex -21.9080123901 49.7015075684 63.1184844971
      vertex -21.8411369324 50.0029373169 58.8076934814
      vertex -22.0732364655 49.7498245239 62.427532196
    endloop
  endfacet
  facet normal -1.80360166269e-05 0.0697537884116 -0.997564256191
    outer loop
      vertex -21.9080123901 49.7015075684 63.1184844971
      vertex -21.7076206207 50.0377540588 58.3098068237
      vertex -21.8411369324 50.0029373169 58.8076934814
    endloop
  endfacet
  facet normal -6.89518492436e-06 0.0697542503476 -0.997564196587
    outer loop
      vertex -21.68318367 49.65574646 63.7729263306
      vertex -21.7076206207 50.0377540588 58.3098068237
      vertex -21.9080123901 49.7015075684 63.1184844971
    endloop
  endfacet
  facet normal -6.63746095597e-06 0.0697542503476 -0.997564196587
    outer loop
      vertex -21.68318367 49.65574646 63.7729263306
      vertex -21.6269168854 50.0733451843 57.8008117676
      vertex -21.7076206207 50.0377540588 58.3098068237
    endloop
  endfacet
  facet normal 7.11373359081e-05 0.0697549805045 -0.997564136982
    outer loop
      vertex -21.68318367 49.65574646 63.7729263306
      vertex -21.5999755859 50.1093292236 57.2861862183
      vertex -21.6269168854 50.0733451843 57.8008117676
    endloop
  endfacet
  facet normal -8.50345259096e-06 0.0697539672256 -0.997564196587
    outer loop
      vertex -21.3977947235 49.6116867065 64.4030685425
      vertex -21.5999755859 50.1093292236 57.2861862183
      vertex -21.68318367 49.65574646 63.7729263306
    endloop
  endfacet
  facet normal -0.910932779312 0.41255480051 -1.72376769569e-06
    outer loop
      vertex -21.68318367 49.65574646 63.7729263306
      vertex -21.3977947235 7.07916307449 64.4032440186
      vertex -21.3977947235 49.6116867065 64.4030685425
    endloop
  endfacet
  facet normal 9.60967809078e-05 8.42217616537e-07 1
    outer loop
      vertex -21.3977947235 7.07916307449 64.4032440186
      vertex -21.1036472321 7.07913970947 2.87638092041
      vertex -21.046667099 7.07919740677 65.0154190063
    endloop
  endfacet
  facet normal -0.867438614368 0.497544199228 -2.07887683246e-06
    outer loop
      vertex -21.046667099 7.07919740677 65.0154190063
      vertex -21.3977947235 49.6116867065 64.4030685425
      vertex -21.3977947235 7.07916307449 64.4032440186
    endloop
  endfacet
  facet normal -0.864920139313 0.501909434795 -8.57172417454e-05
    outer loop
      vertex -21.046667099 7.07919740677 65.0154190063
      vertex -21.0064334869 49.5645256042 65.0774993896
      vertex -21.3977947235 49.6116867065 64.4030685425
    endloop
  endfacet
  facet normal -0.817519366741 0.575901091099 6.72841197229e-05
    outer loop
      vertex -20.6700839996 7.07922124863 65.5499954224
      vertex -21.0064334869 49.5645256042 65.0774993896
      vertex -21.046667099 7.07919740677 65.0154190063
    endloop
  endfacet
  facet normal -0.808860361576 0.588000714779 -0.000135834954563
    outer loop
      vertex -20.6700839996 7.07922124863 65.5499954224
      vertex -20.5813331604 49.5236358643 65.6622772217
      vertex -21.0064334869 49.5645256042 65.0774993896
    endloop
  endfacet
  facet normal -0.762865424156 0.646557271481 0.000115245849884
    outer loop
      vertex -20.2470703125 7.07918453217 66.0491027832
      vertex -20.5813331604 49.5236358643 65.6622772217
      vertex -20.6700839996 7.07922124863 65.5499954224
    endloop
  endfacet
  facet normal -0.702105224133 0.712073206902 0.000150520951138
    outer loop
      vertex -19.7810211182 7.0792016983 66.5086288452
      vertex -20.1004428864 49.4858512878 66.2026443481
      vertex -20.2470703125 7.07918453217 66.0491027832
    endloop
  endfacet
  facet normal -0.747015357018 0.664806723595 -0.00017589815252
    outer loop
      vertex -20.2470703125 7.07918453217 66.0491027832
      vertex -20.1004428864 49.4858512878 66.2026443481
      vertex -20.5813331604 49.5236358643 65.6622772217
    endloop
  endfacet
  facet normal 3.49179063051e-05 1.8617134856e-06 1
    outer loop
      vertex -20.2470703125 7.07918453217 66.0491027832
      vertex -19.7999744415 7.07907962799 1.30966210365
      vertex -19.7810211182 7.0792016983 66.5086288452
    endloop
  endfacet
  facet normal 0.000204889074666 3.03554566017e-06 1
    outer loop
      vertex -20.2470703125 7.07918453217 66.0491027832
      vertex -20.1286334991 7.07901334763 1.62725806236
      vertex -19.7999744415 7.07907962799 1.30966210365
    endloop
  endfacet
  facet normal 6.13010706729e-05 8.7412411176e-07 1
    outer loop
      vertex -21.1036472321 7.07913970947 2.87638092041
      vertex -20.6700839996 7.07922124863 65.5499954224
      vertex -21.046667099 7.07919740677 65.0154190063
    endloop
  endfacet
  facet normal -0.829266726971 -0.5588529706 9.93174908217e-05
    outer loop
      vertex -20.7878017426 7.07907962799 2.40770769119
      vertex -21.1036472321 7.07913970947 2.87638092041
      vertex -21.0151348114 53.9236679077 2.73671579361
    endloop
  endfacet
  facet normal -0.74728757143 -0.664500713348 -0.000166578873177
    outer loop
      vertex -20.1007404327 54.0032501221 1.59865498543
      vertex -20.4366722107 7.07910776138 1.96467649937
      vertex -20.5865783691 53.965045929 2.14501214027
    endloop
  endfacet
  facet normal -0.809895038605 -0.586574792862 -0.000189392638276
    outer loop
      vertex -20.7878017426 7.07907962799 2.40770769119
      vertex -21.0151348114 53.9236679077 2.73671579361
      vertex -20.5865783691 53.965045929 2.14501214027
    endloop
  endfacet
  facet normal -0.738528728485 -0.674222052097 -2.80446220131e-05
    outer loop
      vertex -20.1007404327 54.0032501221 1.59865498543
      vertex -20.1286334991 7.07901334763 1.62725806236
      vertex -20.4366722107 7.07910776138 1.96467649937
    endloop
  endfacet
  facet normal -8.89908915269e-05 2.49526465268e-06 1
    outer loop
      vertex -20.6700839996 7.07922124863 65.5499954224
      vertex -20.1286334991 7.07901334763 1.62725806236
      vertex -20.2470703125 7.07918453217 66.0491027832
    endloop
  endfacet
  facet normal -0.00018597705639 2.58474301518e-06 1
    outer loop
      vertex -20.7878017426 7.07907962799 2.40770769119
      vertex -20.6700839996 7.07922124863 65.5499954224
      vertex -21.1036472321 7.07913970947 2.87638092041
    endloop
  endfacet
  facet normal -0.783703804016 -0.621134757996 0.000116649447591
    outer loop
      vertex -20.5865783691 53.965045929 2.14501214027
      vertex -20.4366722107 7.07910776138 1.96467649937
      vertex -20.7878017426 7.07907962799 2.40770769119
    endloop
  endfacet
  facet normal -0.000305107823806 6.64672711537e-07 0.999999940395
    outer loop
      vertex -20.6700839996 7.07922124863 65.5499954224
      vertex -20.4366722107 7.07910776138 1.96467649937
      vertex -20.1286334991 7.07901334763 1.62725806236
    endloop
  endfacet
  facet normal 8.19023116492e-05 2.08532537727e-06 1
    outer loop
      vertex -20.7878017426 7.07907962799 2.40770769119
      vertex -20.4366722107 7.07910776138 1.96467649937
      vertex -20.6700839996 7.07922124863 65.5499954224
    endloop
  endfacet
  facet normal 0.948769152164 0.179847240448 -0.259792268276
    outer loop
      vertex 17.7907028198 67.0791854858 63.9555206299
      vertex 19.6320114136 60.2008018494 64.1777877808
      vertex 17.9151573181 67.0792770386 63.2988395691
    endloop
  endfacet
  facet normal -0.00128195702564 -0.000102755031548 -0.999999165535
    outer loop
      vertex 17.9569396973 67.0792617798 62.6317176819
      vertex 17.7907028198 67.0791854858 63.9555206299
      vertex 17.9151573181 67.0792770386 63.2988395691
    endloop
  endfacet
  facet normal 0.953454434872 0.156182080507 -0.257937699556
    outer loop
      vertex 19.6320114136 60.2008018494 64.1777877808
      vertex 19.7578964233 60.2007598877 63.409362793
      vertex 17.9151573181 67.0792770386 63.2988395691
    endloop
  endfacet
  facet normal 0.964605510235 0.052265714854 -0.258465737104
    outer loop
      vertex 19.7578964233 60.2007598877 63.409362793
      vertex 19.8000335693 60.2007637024 62.6316642761
      vertex 17.9569396973 67.0792617798 62.6317176819
    endloop
  endfacet
  facet normal 0.963933885098 0.0603651478887 -0.259205549955
    outer loop
      vertex 17.9151573181 67.0792770386 63.2988395691
      vertex 19.7578964233 60.2007598877 63.409362793
      vertex 17.9569396973 67.0792617798 62.6317176819
    endloop
  endfacet
  facet normal 0.000603291089647 0.000133984256536 -0.999999821186
    outer loop
      vertex 17.9569396973 67.0792617798 62.6317176819
      vertex 17.5855445862 67.0792236328 64.5916442871
      vertex 17.7907028198 67.0791854858 63.9555206299
    endloop
  endfacet
  facet normal -6.92034809617e-05 6.55038775221e-06 -1
    outer loop
      vertex 17.9569396973 67.0792617798 62.6317176819
      vertex 17.3025398254 67.0792007446 65.1973190308
      vertex 17.5855445862 67.0792236328 64.5916442871
    endloop
  endfacet
  facet normal 0.000246651732596 8.71144802659e-05 -0.999999940395
    outer loop
      vertex 17.9569396973 67.0792617798 62.6317176819
      vertex 16.946521759 67.0792388916 65.7629241943
      vertex 17.3025398254 67.0792007446 65.1973190308
    endloop
  endfacet
  facet normal -0.000218158456846 -6.28763373243e-05 -1
    outer loop
      vertex 17.9569396973 67.0792617798 62.6317176819
      vertex 16.5227355957 67.0791778564 66.2798309326
      vertex 16.946521759 67.0792388916 65.7629241943
    endloop
  endfacet
  facet normal 0.000231903308304 0.000114058893814 -0.999999940395
    outer loop
      vertex 17.9569396973 67.0792617798 62.6317176819
      vertex 16.0379104614 67.0792388916 66.7399597168
      vertex 16.5227355957 67.0791778564 66.2798309326
    endloop
  endfacet
  facet normal 1.24849711938e-05 1.15648763312e-05 -1
    outer loop
      vertex 17.9569396973 67.0792617798 62.6317176819
      vertex 15.4995002747 67.0792388916 67.1360626221
      vertex 16.0379104614 67.0792388916 66.7399597168
    endloop
  endfacet
  facet normal -4.99822363054e-06 2.02655996873e-06 -1
    outer loop
      vertex 0.600009858608 67.0791625977 67.3670272827
      vertex 15.4995002747 67.0792388916 67.1360626221
      vertex 17.9569396973 67.0792617798 62.6317176819
    endloop
  endfacet
  facet normal -6.63920809529e-06 -0.000103832229797 -1
    outer loop
      vertex 0.600009858608 67.0791625977 67.3670272827
      vertex 14.9159116745 67.0792694092 67.4620742798
      vertex 15.4995002747 67.0792388916 67.1360626221
    endloop
  endfacet
  facet normal -6.37387302049e-06 -0.000143798868521 -1
    outer loop
      vertex 0.600009858608 67.0791625977 67.3670272827
      vertex 14.2963209152 67.0792999268 67.7128829956
      vertex 14.9159116745 67.0792694092 67.4620742798
    endloop
  endfacet
  facet normal 0.106118403375 0.960317194462 -0.257933676243
    outer loop
      vertex 13.0018892288 60.2008323669 69.8204879761
      vertex 13.7759742737 60.2007789612 69.7349700928
      vertex 12.9880609512 67.079284668 67.9745178223
    endloop
  endfacet
  facet normal 0.129862040281 0.956896662712 -0.259778022766
    outer loop
      vertex 12.9880609512 67.079284668 67.9745178223
      vertex 13.7759742737 60.2007789612 69.7349700928
      vertex 13.6503868103 67.0791778564 67.8846664429
    endloop
  endfacet
  facet normal -2.55215127254e-05 0.00061448343331 -0.999999821186
    outer loop
      vertex 0.600009858608 67.0791625977 67.3670272827
      vertex 13.6503868103 67.0791778564 67.8846664429
      vertex 14.2963209152 67.0792999268 67.7128829956
    endloop
  endfacet
  facet normal 0.00975063629448 0.96577334404 -0.259204208851
    outer loop
      vertex 13.0018892288 60.2008323669 69.8204879761
      vertex 12.9880609512 67.079284668 67.9745178223
      vertex 12.3196525574 67.0792922974 67.9812698364
    endloop
  endfacet
  facet normal 3.56773125532e-05 -0.000928436231334 -0.999999582767
    outer loop
      vertex 0.600009858608 67.0791625977 67.3670272827
      vertex 12.9880609512 67.079284668 67.9745178223
      vertex 13.6503868103 67.0791778564 67.8846664429
    endloop
  endfacet
  facet normal -1 0 0
    outer loop
      vertex 0.600009858608 67.0791625977 67.3670272827
      vertex 0.600009858608 51.681186676 69.2127380371
      vertex 0.600009858608 60.2007331848 69.2126312256
    endloop
  endfacet
  facet normal 0.00161112484057 0.966019868851 -0.258462816477
    outer loop
      vertex 12.2232713699 60.2007408142 69.8218154907
      vertex 13.0018892288 60.2008323669 69.8204879761
      vertex 12.3196525574 67.0792922974 67.9812698364
    endloop
  endfacet
  facet normal 6.2878875724e-06 -0.000329121801769 -0.999999940395
    outer loop
      vertex 0.600009858608 67.0791625977 67.3670272827
      vertex 12.3196525574 67.0792922974 67.9812698364
      vertex 12.9880609512 67.079284668 67.9745178223
    endloop
  endfacet
  facet normal -0.0505552850664 0.964601755142 -0.25881972909
    outer loop
      vertex 12.2232713699 60.2007408142 69.8218154907
      vertex 0.600009858608 67.0791625977 67.3670272827
      vertex 0.600009858608 60.2007331848 69.2126312256
    endloop
  endfacet
  facet normal -0.0505585335195 0.964602947235 -0.258814662695
    outer loop
      vertex 12.3196525574 67.0792922974 67.9812698364
      vertex 0.600009858608 67.0791625977 67.3670272827
      vertex 12.2232713699 60.2007408142 69.8218154907
    endloop
  endfacet
  facet normal 0.362308174372 0.89500451088 -0.260191738605
    outer loop
      vertex 14.2963209152 67.0792999268 67.7128829956
      vertex 15.2738952637 60.20079422 69.3168334961
      vertex 14.9159116745 67.0792694092 67.4620742798
    endloop
  endfacet
  facet normal 0.309701710939 0.915316045284 -0.257451653481
    outer loop
      vertex 14.536231041 60.2007637024 69.5664367676
      vertex 15.2738952637 60.20079422 69.3168334961
      vertex 14.2963209152 67.0792999268 67.7128829956
    endloop
  endfacet
  facet normal 0.309856176376 0.95078343153 7.50715553295e-05
    outer loop
      vertex 14.536231041 49.0791893005 69.5664596558
      vertex 14.4688186646 7.07927036285 69.5851135254
      vertex 15.1871099472 7.07929801941 69.3510284424
    endloop
  endfacet
  facet normal 0.320515304804 0.947243332863 -2.0059869712e-06
    outer loop
      vertex 14.536231041 60.2007637024 69.5664367676
      vertex 14.536231041 49.0791893005 69.5664596558
      vertex 15.2738952637 60.20079422 69.3168334961
    endloop
  endfacet
  facet normal 0.248119816184 0.933155298233 -0.26011094451
    outer loop
      vertex 13.6503868103 67.0791778564 67.8846664429
      vertex 14.536231041 60.2007637024 69.5664367676
      vertex 14.2963209152 67.0792999268 67.7128829956
    endloop
  endfacet
  facet normal 8.44039186632e-06 -9.30070018512e-05 1
    outer loop
      vertex -18.9582977295 7.07921457291 67.1501464844
      vertex 15.1871099472 7.07929801941 69.3510284424
      vertex 14.4688186646 7.07927036285 69.5851135254
    endloop
  endfacet
  facet normal 0.208439230919 0.978035330772 -9.98136383714e-05
    outer loop
      vertex 14.536231041 49.0791893005 69.5664596558
      vertex 13.7299575806 7.07919549942 69.7425765991
      vertex 14.4688186646 7.07927036285 69.5851135254
    endloop
  endfacet
  facet normal 0.216425895691 0.97629904747 -2.0675183805e-06
    outer loop
      vertex 14.536231041 60.2007637024 69.5664367676
      vertex 13.7759742737 49.0792007446 69.734992981
      vertex 14.536231041 49.0791893005 69.5664596558
    endloop
  endfacet
  facet normal 0.209122672677 0.94335514307 -0.257582515478
    outer loop
      vertex 13.7759742737 60.2007789612 69.7349700928
      vertex 14.536231041 60.2007637024 69.5664367676
      vertex 13.6503868103 67.0791778564 67.8846664429
    endloop
  endfacet
  facet normal 2.70773125521e-05 -0.000348853820469 0.999999940395
    outer loop
      vertex -18.9582977295 7.07921457291 67.1501464844
      vertex 14.4688186646 7.07927036285 69.5851135254
      vertex 13.7299575806 7.07919549942 69.7425765991
    endloop
  endfacet
  facet normal 0.216425895691 0.97629904747 6.07871807006e-05
    outer loop
      vertex 13.7759742737 49.0792007446 69.734992981
      vertex 13.7299575806 7.07919549942 69.7425765991
      vertex 14.536231041 49.0791893005 69.5664596558
    endloop
  endfacet
  facet normal 0.216420665383 0.976300179958 -2.44343391387e-06
    outer loop
      vertex 13.7759742737 60.2007789612 69.7349700928
      vertex 13.7759742737 49.0792007446 69.734992981
      vertex 14.536231041 60.2007637024 69.5664367676
    endloop
  endfacet
  facet normal -8.89862531039e-06 0.000104770493635 1
    outer loop
      vertex -18.9582977295 7.07921457291 67.1501464844
      vertex 13.7299575806 7.07919549942 69.7425765991
      vertex 12.9787607193 7.07921028137 69.8218307495
    endloop
  endfacet
  facet normal 0.104917764664 0.994480907917 -6.46694970783e-05
    outer loop
      vertex 13.7759742737 49.0792007446 69.734992981
      vertex 12.9787607193 7.07921028137 69.8218307495
      vertex 13.7299575806 7.07919549942 69.7425765991
    endloop
  endfacet
  facet normal 0.109832987189 0.993950068951 -2.48760693466e-06
    outer loop
      vertex 13.7759742737 60.2007789612 69.7349700928
      vertex 13.0018892288 49.0792579651 69.8205337524
      vertex 13.7759742737 49.0792007446 69.734992981
    endloop
  endfacet
  facet normal 0.10981669277 0.99395185709 -3.63573985851e-06
    outer loop
      vertex 13.0018892288 60.2008323669 69.8204879761
      vertex 13.0018892288 49.0792579651 69.8205337524
      vertex 13.7759742737 60.2007789612 69.7349700928
    endloop
  endfacet
  facet normal -1.04821140212e-06 6.62359707349e-06 1
    outer loop
      vertex -18.9582977295 7.07921457291 67.1501464844
      vertex 12.2232713699 7.07919979095 69.8219680786
      vertex -15.263048172 7.07921886444 68.3814468384
    endloop
  endfacet
  facet normal 1.41394393722e-05 -0.000170624334714 1
    outer loop
      vertex -18.9582977295 7.07921457291 67.1501464844
      vertex 12.9787607193 7.07921028137 69.8218307495
      vertex 12.2232713699 7.07919979095 69.8219680786
    endloop
  endfacet
  facet normal 0.109832987189 0.993950068951 2.972519178e-05
    outer loop
      vertex 13.0018892288 49.0792579651 69.8205337524
      vertex 12.9787607193 7.07921028137 69.8218307495
      vertex 13.7759742737 49.0792007446 69.734992981
    endloop
  endfacet
  facet normal 0.00167468260042 0.999998569489 -3.65785808754e-06
    outer loop
      vertex 13.0018892288 60.2008323669 69.8204879761
      vertex 12.2232713699 49.0792579651 69.8218383789
      vertex 13.0018892288 49.0792579651 69.8205337524
    endloop
  endfacet
  facet normal -0.0523368380964 0.998629510403 -3.15635884363e-06
    outer loop
      vertex 12.2232713699 49.0792579651 69.8218383789
      vertex -15.263048172 7.07921886444 68.3814468384
      vertex 12.2232713699 7.07919979095 69.8219680786
    endloop
  endfacet
  facet normal 0.000181380513823 1 -3.08443050017e-05
    outer loop
      vertex 13.0018892288 49.0792579651 69.8205337524
      vertex 12.2232713699 7.07919979095 69.8219680786
      vertex 12.9787607193 7.07921028137 69.8218307495
    endloop
  endfacet
  facet normal 0.00167468260042 0.999998569489 -3.16068621942e-06
    outer loop
      vertex 12.2232713699 49.0792579651 69.8218383789
      vertex 12.2232713699 7.07919979095 69.8219680786
      vertex 13.0018892288 49.0792579651 69.8205337524
    endloop
  endfacet
  facet normal -0.0523381792009 -0.998629391193 1.53804228376e-06
    outer loop
      vertex 12.2232713699 49.079044342 -2.02089500427
      vertex 0.600009858608 60.2005958557 -1.41173672676
      vertex 12.2232713699 60.2006187439 -2.02091217041
    endloop
  endfacet
  facet normal -0.0523207597435 -0.998630344868 -1.67183843587e-05
    outer loop
      vertex 12.2232713699 49.079044342 -2.02089500427
      vertex 0.600009858608 56.6195602417 -1.41179668903
      vertex 0.600009858608 60.2005958557 -1.41173672676
    endloop
  endfacet
  facet normal -0.0523719377816 -0.998627662659 6.23864107183e-05
    outer loop
      vertex 12.2232713699 49.079044342 -2.02089500427
      vertex 0.570207536221 56.2415275574 -1.4102101326
      vertex 0.600009858608 56.6195602417 -1.41179668903
    endloop
  endfacet
  facet normal -0.0523062646389 -0.998631060123 -4.47538586741e-05
    outer loop
      vertex 12.2232713699 49.079044342 -2.02089500427
      vertex 0.481635987759 55.8727302551 -1.40558743477
      vertex 0.570207536221 56.2415275574 -1.4102101326
    endloop
  endfacet
  facet normal -0.0523499846458 -0.998628795147 3.10145151161e-05
    outer loop
      vertex 12.2232713699 49.079044342 -2.02089500427
      vertex 0.336439073086 55.5223922729 -1.39796507359
      vertex 0.481635987759 55.8727302551 -1.40558743477
    endloop
  endfacet
  facet normal -0.0524055249989 -0.998625874519 0.000133759211167
    outer loop
      vertex 12.2232713699 49.079044342 -2.02089500427
      vertex 0.137954697013 55.198677063 -1.38750576973
      vertex 0.336439073086 55.5223922729 -1.39796507359
    endloop
  endfacet
  facet normal -0.0522721558809 -0.998632848263 -0.000130343774799
    outer loop
      vertex 12.2232713699 49.079044342 -2.02089500427
      vertex -0.108808502555 54.9099006653 -1.37462699413
      vertex 0.137954697013 55.198677063 -1.38750576973
    endloop
  endfacet
  facet normal -0.0523345284164 -0.998629629612 1.92885499928e-06
    outer loop
      vertex 12.2232713699 49.079044342 -2.02089500427
      vertex -0.397651642561 54.6635971069 -1.35948932171
      vertex -0.108808502555 54.9099006653 -1.37462699413
    endloop
  endfacet
  facet normal -0.0523207113147 -0.998630344868 -2.93843677355e-05
    outer loop
      vertex 12.2232713699 49.079044342 -2.02089500427
      vertex -0.721305787563 54.4655952454 -1.34253799915
      vertex -0.397651642561 54.6635971069 -1.35948932171
    endloop
  endfacet
  facet normal 3.35201707458e-06 8.46349648782e-05 1
    outer loop
      vertex -17.6404399872 7.07910776138 -0.049880053848
      vertex 15.7661705017 7.07911396027 -1.29707360268
      vertex 16.4053726196 7.07914638519 -0.942915916443
    endloop
  endfacet
  facet normal -0.052358943969 -0.99862831831 6.27521731076e-05
    outer loop
      vertex 12.2232713699 49.079044342 -2.02089500427
      vertex -1.07184016705 54.321056366 -1.32415020466
      vertex -0.721305787563 54.4655952454 -1.34253799915
    endloop
  endfacet
  facet normal 1.0658553947e-05 0.000280343665509 0.999999940395
    outer loop
      vertex -17.6404399872 7.07910776138 -0.049880053848
      vertex 15.0944290161 7.07902622223 -1.58467042446
      vertex 15.7661705017 7.07911396027 -1.29707360268
    endloop
  endfacet
  facet normal -0.0524281077087 -0.998624682426 0.000238649023231
    outer loop
      vertex 12.2232713699 49.079044342 -2.02089500427
      vertex -1.44085288048 54.2334213257 -1.30475592613
      vertex -1.07184016705 54.321056366 -1.32415020466
    endloop
  endfacet
  facet normal -1.73707958311e-05 -0.000317481986713 0.999999940395
    outer loop
      vertex -17.6404399872 7.07910776138 -0.049880053848
      vertex 14.3970527649 7.07910776138 -1.80278801918
      vertex 15.0944290161 7.07902622223 -1.58467042446
    endloop
  endfacet
  facet normal -0.0523556731641 -0.998628497124 4.61014278699e-05
    outer loop
      vertex 12.2232713699 49.079044342 -2.02089500427
      vertex -1.79997038841 54.2049484253 -1.28592693806
      vertex -1.44085288048 54.2334213257 -1.30475592613
    endloop
  endfacet
  facet normal 0.200171083212 -0.979760944843 0.000101119978353
    outer loop
      vertex 13.6810836792 7.0791182518 -1.9490647316
      vertex 13.7759742737 49.0791015625 -1.93401277065
      vertex 14.3970527649 7.07910776138 -1.80278801918
    endloop
  endfacet
  facet normal -3.15851434607e-06 -5.7727433159e-05 1
    outer loop
      vertex -17.6404399872 7.07910776138 -0.049880053848
      vertex 13.6810836792 7.0791182518 -1.9490647316
      vertex 14.3970527649 7.07910776138 -1.80278801918
    endloop
  endfacet
  facet normal -0.0523346066475 -0.998629629612 -1.16896317195e-05
    outer loop
      vertex 12.2232713699 49.079044342 -2.02089500427
      vertex -15.263048172 54.1556129456 -0.580375730991
      vertex -1.79997038841 54.2049484253 -1.28592693806
    endloop
  endfacet
  facet normal 0.109835699201 -0.993949770927 -0.000108060812636
    outer loop
      vertex 13.6810836792 7.0791182518 -1.9490647316
      vertex 13.0018892288 49.079044342 -2.01955246925
      vertex 13.7759742737 49.0791015625 -1.93401277065
    endloop
  endfacet
  facet normal 5.5701842939e-05 0.000913002819289 0.999999582767
    outer loop
      vertex -17.6404399872 7.07910776138 -0.049880053848
      vertex 12.9539079666 7.07901144028 -2.02195692062
      vertex 13.6810836792 7.0791182518 -1.9490647316
    endloop
  endfacet
  facet normal -0.0523372702301 -0.998629450798 2.77057233689e-06
    outer loop
      vertex 12.2232713699 49.079044342 -2.02089500427
      vertex -15.263048172 7.0790348053 -0.580245137215
      vertex -15.263048172 54.1556129456 -0.580375730991
    endloop
  endfacet
  facet normal 0.0997402817011 -0.995013475418 5.69806325075e-05
    outer loop
      vertex 12.9539079666 7.07901144028 -2.02195692062
      vertex 13.0018892288 49.079044342 -2.01955246925
      vertex 13.6810836792 7.0791182518 -1.9490647316
    endloop
  endfacet
  facet normal -9.91632696241e-05 -0.00148953904863 0.999998867512
    outer loop
      vertex -17.6404399872 7.07910776138 -0.049880053848
      vertex 12.2232713699 7.07908201218 -2.02075147629
      vertex 12.9539079666 7.07901144028 -2.02195692062
    endloop
  endfacet
  facet normal -0.052336294204 -0.998629510403 3.41091140399e-06
    outer loop
      vertex 12.2232713699 49.079044342 -2.02089500427
      vertex 12.2232713699 7.07908201218 -2.02075147629
      vertex -15.263048172 7.0790348053 -0.580245137215
    endloop
  endfacet
  facet normal 0.0017241804162 -0.999998509884 -5.52795027033e-05
    outer loop
      vertex 12.9539079666 7.07901144028 -2.02195692062
      vertex 12.2232713699 49.079044342 -2.02089500427
      vertex 13.0018892288 49.079044342 -2.01955246925
    endloop
  endfacet
  facet normal -0.00164985843003 -0.999998629093 3.41558779837e-06
    outer loop
      vertex 12.2232713699 7.07908201218 -2.02075147629
      vertex 12.2232713699 49.079044342 -2.02089500427
      vertex 12.9539079666 7.07901144028 -2.02195692062
    endloop
  endfacet
  facet normal 4.91815163803e-18 -0.023948000744 -0.999713182449
    outer loop
      vertex -15.5677471161 52.8342323303 19.656375885
      vertex -14.8178606033 52.8161888123 18.9031600952
      vertex -15.5677471161 52.8161888123 18.9031600952
    endloop
  endfacet
  facet normal -0.000470164173748 -0.0246141944081 -0.999696910381
    outer loop
      vertex -14.8176822662 52.8347320557 19.6564102173
      vertex -14.0679159164 52.8165397644 18.9031848907
      vertex -14.8178606033 52.8161888123 18.9031600952
    endloop
  endfacet
  facet normal 0.000232247970416 -0.0239535439759 -0.99971306324
    outer loop
      vertex -16.1844768524 52.8343772888 19.6563873291
      vertex -15.5677471161 52.8161888123 18.9031600952
      vertex -16.1844768524 52.8163299561 18.9031677246
    endloop
  endfacet
  facet normal 9.4255882496e-18 0.0392918586731 -0.999227762222
    outer loop
      vertex -16.799955368 52.8456764221 18.1532688141
      vertex -15.5677471161 52.8161888123 18.9031600952
      vertex -14.8178606033 52.8161888123 18.9031600952
    endloop
  endfacet
  facet normal -0.000690221204422 -0.0257225837559 -0.999668896198
    outer loop
      vertex -14.0679159164 52.8359222412 19.6564941406
      vertex -13.3179702759 52.8170547485 18.9031143188
      vertex -14.0679159164 52.8165397644 18.9031848907
    endloop
  endfacet
  facet normal -0.000471965788165 0.0405373834074 -0.999177932739
    outer loop
      vertex -16.799955368 52.8456764221 18.1532688141
      vertex -14.8178606033 52.8161888123 18.9031600952
      vertex -14.0679159164 52.8165397644 18.9031848907
    endloop
  endfacet
  facet normal -5.83094504236e-07 0.0697541311383 -0.997564196587
    outer loop
      vertex -21.5999755859 52.8456764221 18.1532688141
      vertex -18.9768943787 54.0686378479 0.663490474224
      vertex -19.5625095367 54.037902832 1.10307228565
    endloop
  endfacet
  facet normal 0.0002329024137 0.0389097481966 -0.999242722988
    outer loop
      vertex -16.799955368 52.8456764221 18.1532688141
      vertex -16.1844768524 52.8163299561 18.9031677246
      vertex -15.5677471161 52.8161888123 18.9031600952
    endloop
  endfacet
  facet normal -0.000589706294704 -0.0269786007702 -0.99963581562
    outer loop
      vertex -13.3179702759 52.837387085 19.6564750671
      vertex -12.5680856705 52.8175010681 18.9031448364
      vertex -13.3179702759 52.8170547485 18.9031143188
    endloop
  endfacet
  facet normal -0.000683641992509 0.0413073189557 -0.999146282673
    outer loop
      vertex -16.799955368 52.8456764221 18.1532688141
      vertex -14.0679159164 52.8165397644 18.9031848907
      vertex -13.3179702759 52.8170547485 18.9031143188
    endloop
  endfacet
  facet normal 8.72823056852e-06 0.0697555243969 -0.997564136982
    outer loop
      vertex -21.5999755859 52.8456764221 18.1532688141
      vertex -18.310634613 54.0966148376 0.263328790665
      vertex -18.9768943787 54.0686378479 0.663490474224
    endloop
  endfacet
  facet normal 0.00454191537574 0.0353778675199 -0.999363660812
    outer loop
      vertex -16.799955368 52.8456764221 18.1532688141
      vertex -16.799955368 52.8162307739 18.9849681854
      vertex -16.1844768524 52.8163299561 18.9031677246
    endloop
  endfacet
  facet normal -0.000531509926077 -0.0279675386846 -0.999608695507
    outer loop
      vertex -12.5680856705 52.8385772705 19.6565551758
      vertex -12.0695524216 52.8177642822 18.9031600952
      vertex -12.5680856705 52.8175010681 18.9031448364
    endloop
  endfacet
  facet normal -0.000592236872762 0.0408835373819 -0.999163746834
    outer loop
      vertex -16.799955368 52.8456764221 18.1532688141
      vertex -13.3179702759 52.8170547485 18.9031143188
      vertex -12.5680856705 52.8175010681 18.9031448364
    endloop
  endfacet
  facet normal -1.94753965843e-07 0.0697538927197 -0.997564256191
    outer loop
      vertex -21.5999755859 52.8456764221 18.1532688141
      vertex -17.6052722931 54.11951828 -0.0642169639468
      vertex -18.310634613 54.0966148376 0.263328790665
    endloop
  endfacet
  facet normal -0.00144421320874 0.0353781953454 -0.999372959137
    outer loop
      vertex -16.799955368 52.8456764221 18.1532688141
      vertex -21.5999755859 52.8218841553 18.6294059753
      vertex -16.799955368 52.8162307739 18.9849681854
    endloop
  endfacet
  facet normal -0.000483972165966 -0.0282478313893 -0.999600827694
    outer loop
      vertex -12.0695524216 52.8390579224 19.6565895081
      vertex -11.5709590912 52.8180084229 18.9031791687
      vertex -12.0695524216 52.8177642822 18.9031600952
    endloop
  endfacet
  facet normal -0.000533340091351 0.0405516698956 -0.999177277088
    outer loop
      vertex -16.799955368 52.8456764221 18.1532688141
      vertex -12.5680856705 52.8175010681 18.9031448364
      vertex -12.0695524216 52.8177642822 18.9031600952
    endloop
  endfacet
  facet normal -1.96131441044e-06 0.0697535052896 -0.997564256191
    outer loop
      vertex -21.5999755859 52.8456764221 18.1532688141
      vertex -16.8688564301 54.1370620728 -0.315102219582
      vertex -17.6052722931 54.11951828 -0.0642169639468
    endloop
  endfacet
  facet normal 0 0.0499065928161 -0.998753905296
    outer loop
      vertex -21.5999755859 52.8456764221 18.1532688141
      vertex -21.5999755859 52.8218841553 18.6294059753
      vertex -16.799955368 52.8456764221 18.1532688141
    endloop
  endfacet
  facet normal -0.000486420060042 0.040256138891 -0.999189257622
    outer loop
      vertex -16.799955368 52.8456764221 18.1532688141
      vertex -12.0695524216 52.8177642822 18.9031600952
      vertex -11.5709590912 52.8180084229 18.9031791687
    endloop
  endfacet
  facet normal 0 0.0697540044785 -0.997564196587
    outer loop
      vertex -16.799955368 52.8456764221 18.1532688141
      vertex -16.8688564301 54.1370620728 -0.315102219582
      vertex -21.5999755859 52.8456764221 18.1532688141
    endloop
  endfacet
  facet normal 0.000715790723916 -0.0260796826333 -0.999659597874
    outer loop
      vertex -10.5738916397 52.8375205994 19.656375885
      vertex -9.57694530487 52.817150116 18.9029960632
      vertex -10.5738916397 52.8178672791 18.9030456543
    endloop
  endfacet
  facet normal 0.000146449659951 0.0358494482934 -0.999357163906
    outer loop
      vertex -16.799955368 52.8456764221 18.1532688141
      vertex -11.5709590912 52.8180084229 18.9031791687
      vertex -10.5738916397 52.8178672791 18.9030456543
    endloop
  endfacet
  facet normal 4.3784166337e-07 0.0697540044785 -0.997564196587
    outer loop
      vertex -16.799955368 52.8456764221 18.1532688141
      vertex -16.1095542908 54.1490402222 -0.486397892237
      vertex -16.8688564301 54.1370620728 -0.315102219582
    endloop
  endfacet
  facet normal 0.00108397216536 -0.0224194321781 -0.999748051167
    outer loop
      vertex -9.57694530487 52.8340415955 19.6561317444
      vertex -8.83760929108 52.8163490295 18.9029388428
      vertex -9.57694530487 52.817150116 18.9029960632
    endloop
  endfacet
  facet normal 0.000718512339517 0.0311049986631 -0.999515891075
    outer loop
      vertex -16.799955368 52.8456764221 18.1532688141
      vertex -10.5738916397 52.8178672791 18.9030456543
      vertex -9.57694530487 52.817150116 18.9029960632
    endloop
  endfacet
  facet normal -1.03867660073e-06 0.0697539523244 -0.997564256191
    outer loop
      vertex -16.799955368 52.8456764221 18.1532688141
      vertex -15.3360042572 54.1553192139 -0.576196312904
      vertex -16.1095542908 54.1490402222 -0.486397892237
    endloop
  endfacet
  facet normal 0.00164101913106 0.0380790047348 -0.999273359776
    outer loop
      vertex -9.30002212524 52.8456764221 18.1532688141
      vertex -8.83760929108 52.8163490295 18.9029388428
      vertex -8.09845256805 52.8151435852 18.9027175903
    endloop
  endfacet
  facet normal 0.00108774018008 0.0275517515838 -0.999619781971
    outer loop
      vertex -16.799955368 52.8456764221 18.1532688141
      vertex -9.57694530487 52.817150116 18.9029960632
      vertex -8.83760929108 52.8163490295 18.9029388428
    endloop
  endfacet
  facet normal -1.49295674419e-05 0.0697528719902 -0.997564315796
    outer loop
      vertex -16.799955368 52.8456764221 18.1532688141
      vertex -15.263048172 54.1556129456 -0.580375730991
      vertex -15.3360042572 54.1553192139 -0.576196312904
    endloop
  endfacet
  facet normal 0 0.039089743048 -0.99923568964
    outer loop
      vertex -16.799955368 52.8456764221 18.1532688141
      vertex -8.83760929108 52.8163490295 18.9029388428
      vertex -9.30002212524 52.8456764221 18.1532688141
    endloop
  endfacet
  facet normal -2.48793483593e-08 0.0697540938854 -0.997564196587
    outer loop
      vertex -15.263048172 54.1556129456 -0.580375730991
      vertex -9.30002212524 52.8456764221 18.1532688141
      vertex -1.79997038841 54.2049484253 -1.28592693806
    endloop
  endfacet
  facet normal 0 0.0697540864348 -0.997564196587
    outer loop
      vertex -16.799955368 52.8456764221 18.1532688141
      vertex -9.30002212524 52.8456764221 18.1532688141
      vertex -15.263048172 54.1556129456 -0.580375730991
    endloop
  endfacet
  facet normal 0.0017241804162 -0.999998509884 1.54015094722e-06
    outer loop
      vertex 12.2232713699 60.2006187439 -2.02091217041
      vertex 13.0018892288 49.079044342 -2.01955246925
      vertex 12.2232713699 49.079044342 -2.02089500427
    endloop
  endfacet
  facet normal 0.00168568210211 -0.999998569489 4.2354154175e-06
    outer loop
      vertex 13.0018892288 60.2006187439 -2.01959967613
      vertex 13.0018892288 49.079044342 -2.01955246925
      vertex 12.2232713699 60.2006187439 -2.02091217041
    endloop
  endfacet
  facet normal 0.109835706651 -0.993949770927 4.20979586124e-06
    outer loop
      vertex 13.0018892288 60.2006187439 -2.01959967613
      vertex 13.7759742737 49.0791015625 -1.93401277065
      vertex 13.0018892288 49.079044342 -2.01955246925
    endloop
  endfacet
  facet normal 0.109835706651 -0.993949770927 4.20979586124e-06
    outer loop
      vertex 13.7759742737 60.2006721497 -1.93405985832
      vertex 13.7759742737 49.0791015625 -1.93401277065
      vertex 13.0018892288 60.2006187439 -2.01959967613
    endloop
  endfacet
  facet normal 0.216407552361 -0.976303100586 4.13505495089e-06
    outer loop
      vertex 13.7759742737 60.2006721497 -1.93405985832
      vertex 14.536231041 49.0791168213 -1.7654941082
      vertex 13.7759742737 49.0791015625 -1.93401277065
    endloop
  endfacet
  facet normal 0.209118247032 -0.943357050419 -0.257579147816
    outer loop
      vertex 14.536231041 60.2006874084 -1.7655261755
      vertex 13.7759742737 60.2006721497 -1.93405985832
      vertex 13.6503868103 67.0790939331 -0.0837803408504
    endloop
  endfacet
  facet normal 0.216407552361 -0.976303100586 -0.000149781597429
    outer loop
      vertex 13.7759742737 49.0791015625 -1.93401277065
      vertex 14.536231041 49.0791168213 -1.7654941082
      vertex 14.3970527649 7.07910776138 -1.80278801918
    endloop
  endfacet
  facet normal 0.216425895691 -0.97629904747 2.81934421764e-06
    outer loop
      vertex 14.536231041 60.2006874084 -1.7655261755
      vertex 14.536231041 49.0791168213 -1.7654941082
      vertex 13.7759742737 60.2006721497 -1.93405985832
    endloop
  endfacet
  facet normal 0.248142719269 -0.933149695396 -0.260109305382
    outer loop
      vertex 14.2963209152 67.0790939331 0.087986394763
      vertex 14.536231041 60.2006874084 -1.7655261755
      vertex 13.6503868103 67.0790939331 -0.0837803408504
    endloop
  endfacet
  facet normal 0.298508733511 -0.954406917095 0.000141726704896
    outer loop
      vertex 15.0944290161 7.07902622223 -1.58467042446
      vertex 14.3970527649 7.07910776138 -1.80278801918
      vertex 14.536231041 49.0791168213 -1.7654941082
    endloop
  endfacet
  facet normal 0.320527642965 -0.947239160538 2.73542536888e-06
    outer loop
      vertex 14.536231041 60.2006874084 -1.7655261755
      vertex 15.2738952637 49.0790786743 -1.51588284969
      vertex 14.536231041 49.0791168213 -1.7654941082
    endloop
  endfacet
  facet normal 0.309725731611 -0.915308535099 -0.25744959712
    outer loop
      vertex 15.2738952637 60.2006492615 -1.51592350006
      vertex 14.536231041 60.2006874084 -1.7655261755
      vertex 14.2963209152 67.0790939331 0.087986394763
    endloop
  endfacet
  facet normal 0.320527642965 -0.947239160538 -0.000181772673386
    outer loop
      vertex 14.536231041 49.0791168213 -1.7654941082
      vertex 15.2738952637 49.0790786743 -1.51588284969
      vertex 15.0944290161 7.07902622223 -1.58467042446
    endloop
  endfacet
  facet normal 0.320517778397 -0.947242498398 3.46488445757e-06
    outer loop
      vertex 15.2738952637 60.2006492615 -1.51592350006
      vertex 15.2738952637 49.0790786743 -1.51588284969
      vertex 14.536231041 60.2006874084 -1.7655261755
    endloop
  endfacet
  facet normal 0.362270325422 -0.895021259785 -0.260186731815
    outer loop
      vertex 14.9159116745 67.0791244507 0.338781714439
      vertex 15.2738952637 60.2006492615 -1.51592350006
      vertex 14.2963209152 67.0790939331 0.087986394763
    endloop
  endfacet
  facet normal 0.393581032753 -0.919289886951 0.000176159650437
    outer loop
      vertex 15.7661705017 7.07911396027 -1.29707360268
      vertex 15.0944290161 7.07902622223 -1.58467042446
      vertex 15.2738952637 49.0790786743 -1.51588284969
    endloop
  endfacet
  facet normal 0.421079725027 -0.907023608685 3.31776914209e-06
    outer loop
      vertex 15.2738952637 60.2006492615 -1.51592350006
      vertex 15.9802122116 49.0790367126 -1.18797945976
      vertex 15.2738952637 49.0790786743 -1.51588284969
    endloop
  endfacet
  facet normal 0.406927347183 -0.87641698122 -0.257494419813
    outer loop
      vertex 15.9802122116 60.2005729675 -1.1879966259
      vertex 15.2738952637 60.2006492615 -1.51592350006
      vertex 14.9159116745 67.0791244507 0.338781714439
    endloop
  endfacet
  facet normal 0.421079725027 -0.907023608685 -0.000210053025512
    outer loop
      vertex 15.2738952637 49.0790786743 -1.51588284969
      vertex 15.9802122116 49.0790367126 -1.18797945976
      vertex 15.7661705017 7.07911396027 -1.29707360268
    endloop
  endfacet
  facet normal 0.421104609966 -0.907012104988 1.39694179779e-06
    outer loop
      vertex 15.9802122116 60.2005729675 -1.1879966259
      vertex 15.9802122116 49.0790367126 -1.18797945976
      vertex 15.2738952637 60.2006492615 -1.51592350006
    endloop
  endfacet
  facet normal 0.470934897661 -0.842989623547 -0.259978532791
    outer loop
      vertex 15.4995002747 67.0790634155 0.664783716202
      vertex 15.9802122116 60.2005729675 -1.1879966259
      vertex 14.9159116745 67.0791244507 0.338781714439
    endloop
  endfacet
  facet normal 0.484644919634 -0.874710977077 0.000197822475457
    outer loop
      vertex 16.4053726196 7.07914638519 -0.942915916443
      vertex 15.7661705017 7.07911396027 -1.29707360268
      vertex 15.9802122116 49.0790367126 -1.18797945976
    endloop
  endfacet
  facet normal 0.516561806202 -0.856249928474 1.31876004161e-06
    outer loop
      vertex 15.9802122116 60.2005729675 -1.1879966259
      vertex 16.6470108032 49.079044342 -0.785710930824
      vertex 15.9802122116 49.0790367126 -1.18797945976
    endloop
  endfacet
  facet normal 0.49907720089 -0.827343225479 -0.257730811834
    outer loop
      vertex 16.6470108032 60.2005882263 -0.785760164261
      vertex 15.9802122116 60.2005729675 -1.1879966259
      vertex 15.4995002747 67.0790634155 0.664783716202
    endloop
  endfacet
  facet normal 0.516561806202 -0.85624986887 -0.000232985723414
    outer loop
      vertex 15.9802122116 49.0790367126 -1.18797945976
      vertex 16.6470108032 49.079044342 -0.785710930824
      vertex 16.4053726196 7.07914638519 -0.942915916443
    endloop
  endfacet
  facet normal -3.0607050121e-06 -0.000159841583809 1
    outer loop
      vertex -17.6404399872 7.07910776138 -0.049880053848
      vertex 16.4053726196 7.07914638519 -0.942915916443
      vertex 17.0052947998 7.07907772064 -0.525755882263
    endloop
  endfacet
  facet normal 0.516531586647 -0.856268167496 3.79151447305e-06
    outer loop
      vertex 16.6470108032 60.2005882263 -0.785760164261
      vertex 16.6470108032 49.079044342 -0.785710930824
      vertex 15.9802122116 60.2005729675 -1.1879966259
    endloop
  endfacet
  facet normal 0.688341915607 -0.725386321545 -0.000250824261457
    outer loop
      vertex 17.5598526001 7.07910776138 -0.049880053848
      vertex 17.2664222717 49.0789718628 -0.313802570105
      vertex 17.8312950134 49.079044342 0.222223654389
    endloop
  endfacet
  facet normal 0.570900917053 -0.82101893425 0.000211513368413
    outer loop
      vertex 17.0052947998 7.07907772064 -0.525755882263
      vertex 16.4053726196 7.07914638519 -0.942915916443
      vertex 16.6470108032 49.079044342 -0.785710930824
    endloop
  endfacet
  facet normal 0.606023907661 -0.795446455479 3.52219876731e-06
    outer loop
      vertex 16.6470108032 60.2005882263 -0.785760164261
      vertex 17.2664222717 49.0789718628 -0.313802570105
      vertex 16.6470108032 49.079044342 -0.785710930824
    endloop
  endfacet
  facet normal 0.651217877865 -0.758890807629 0.000219079433009
    outer loop
      vertex 17.5598526001 7.07910776138 -0.049880053848
      vertex 17.0052947998 7.07907772064 -0.525755882263
      vertex 17.2664222717 49.0789718628 -0.313802570105
    endloop
  endfacet
  facet normal 0.606023907661 -0.795446395874 -0.000246385025093
    outer loop
      vertex 16.6470108032 49.079044342 -0.785710930824
      vertex 17.2664222717 49.0789718628 -0.313802570105
      vertex 17.0052947998 7.07907772064 -0.525755882263
    endloop
  endfacet
  facet normal 1.71853130837e-07 0.000183590746019 -1
    outer loop
      vertex 0.600009858608 67.0791091919 0.433819413185
      vertex 15.4995002747 67.0790634155 0.664783716202
      vertex 14.9159116745 67.0791244507 0.338781714439
    endloop
  endfacet
  facet normal 1.62771652867e-06 8.96731071407e-05 -1
    outer loop
      vertex 0.600009858608 67.0791091919 0.433819413185
      vertex 16.0379104614 67.0790252686 1.06091797352
      vertex 15.4995002747 67.0790634155 0.664783716202
    endloop
  endfacet
  facet normal 1.12326688395e-05 -0.000146781429066 -1
    outer loop
      vertex 0.600009858608 67.0791091919 0.433819413185
      vertex 16.5227355957 67.0790863037 1.52104592323
      vertex 16.0379104614 67.0790252686 1.06091797352
    endloop
  endfacet
  facet normal -6.2085805439e-06 0.000108650368929 -1
    outer loop
      vertex 0.600009858608 67.0791091919 0.433819413185
      vertex 16.946521759 67.0790328979 2.03792405128
      vertex 16.5227355957 67.0790863037 1.52104592323
    endloop
  endfacet
  facet normal 1.02880330815e-05 -5.94571611146e-05 -1
    outer loop
      vertex 0.600009858608 67.0791091919 0.433819413185
      vertex 17.3025398254 67.0790634155 2.60368180275
      vertex 16.946521759 67.0790328979 2.03792405128
    endloop
  endfacet
  facet normal -6.93803542617e-07 2.50755947491e-05 -1
    outer loop
      vertex 0.600009858608 67.0791091919 0.433819413185
      vertex 17.5855445862 67.0790481567 3.20921730995
      vertex 17.3025398254 67.0790634155 2.60368180275
    endloop
  endfacet
  facet normal 3.59282262252e-06 -1.15871114303e-06 -1
    outer loop
      vertex 0.600009858608 67.0791091919 0.433819413185
      vertex 17.7907028198 67.0790481567 3.84535336494
      vertex 17.5855445862 67.0790481567 3.20921730995
    endloop
  endfacet
  facet normal 0.918969213963 -0.296374171972 -0.260111361742
    outer loop
      vertex 17.7907028198 67.0790481567 3.84535336494
      vertex 19.4239311218 60.2006568909 2.87272596359
      vertex 17.5855445862 67.0790481567 3.20921730995
    endloop
  endfacet
  facet normal 0.931122422218 -0.258177131414 -0.257595866919
    outer loop
      vertex 19.6320114136 60.2006149292 3.62313127518
      vertex 19.4239311218 60.2006568909 2.87272596359
      vertex 17.7907028198 67.0790481567 3.84535336494
    endloop
  endfacet
  facet normal 0.963638961315 -0.267207622528 4.11541719814e-07
    outer loop
      vertex 19.6320114136 60.2006149292 3.62313127518
      vertex 19.6320114136 49.0790710449 3.62314844131
      vertex 19.4239311218 60.2006568909 2.87272596359
    endloop
  endfacet
  facet normal 0.986849546432 -0.161641329527 2.48953028859e-07
    outer loop
      vertex 19.6320114136 60.2006149292 3.62313127518
      vertex 19.7578964233 49.0791091919 4.39169788361
      vertex 19.6320114136 49.0790710449 3.62314844131
    endloop
  endfacet
  facet normal 0.986849725246 -0.161640450358 1.86713833727e-07
    outer loop
      vertex 19.7578964233 60.2006492615 4.391685009
      vertex 19.7578964233 49.0791091919 4.39169788361
      vertex 19.6320114136 60.2006149292 3.62313127518
    endloop
  endfacet
  facet normal 0.998534917831 -0.0541111491621 6.25047746894e-08
    outer loop
      vertex 19.7578964233 60.2006492615 4.391685009
      vertex 19.8000335693 49.0790786743 5.16927194595
      vertex 19.7578964233 49.0791091919 4.39169788361
    endloop
  endfacet
  facet normal 0.998534917831 -0.0541112981737 7.29222406903e-08
    outer loop
      vertex 19.8000335693 60.2006492615 5.16925668716
      vertex 19.8000335693 49.0790786743 5.16927194595
      vertex 19.7578964233 60.2006492615 4.391685009
    endloop
  endfacet
  facet normal 1 0 0
    outer loop
      vertex 19.8000335693 9.4912519455 62.6318244934
      vertex 19.8000335693 49.0790786743 5.16927194595
      vertex 19.8000335693 60.2006492615 5.16925668716
    endloop
  endfacet
  facet normal 0.988631486893 -0.150358781219 6.31434013485e-05
    outer loop
      vertex 19.7578964233 49.0791091919 4.39169788361
      vertex 19.7636737823 9.49106216431 4.44631958008
      vertex 19.6548366547 9.49105930328 3.73069882393
    endloop
  endfacet
  facet normal 1 0 0
    outer loop
      vertex 19.8000335693 9.49111557007 5.16929340363
      vertex 19.8000335693 49.0790786743 5.16927194595
      vertex 19.8000335693 9.4912519455 62.6318244934
    endloop
  endfacet
  facet normal 0.998737871647 -0.0502264685929 -7.64904470998e-05
    outer loop
      vertex 19.7578964233 49.0791091919 4.39169788361
      vertex 19.8000335693 9.49111557007 5.16929340363
      vertex 19.7636737823 9.49106216431 4.44631958008
    endloop
  endfacet
  facet normal 0.998534917831 -0.0541111491621 2.9266026047e-08
    outer loop
      vertex 19.8000335693 49.0790786743 5.16927194595
      vertex 19.8000335693 9.49111557007 5.16929340363
      vertex 19.7578964233 49.0791091919 4.39169788361
    endloop
  endfacet
  facet normal 0.287541478872 0.0433916151524 -0.956784725189
    outer loop
      vertex 20.7255172729 8.31431293488 63.4433059692
      vertex 20.3839836121 8.38253116608 64.2023239136
      vertex 20.604637146 8.31419944763 64.2468490601
    endloop
  endfacet
  facet normal 0.286968439817 0.0431171916425 -0.956969201565
    outer loop
      vertex 20.5014038086 8.38252258301 63.4210166931
      vertex 20.3839836121 8.38253116608 64.2023239136
      vertex 20.7255172729 8.31431293488 63.4433059692
    endloop
  endfacet
  facet normal 0.0958712622523 0.00478762201965 -0.995382249355
    outer loop
      vertex 20.7659301758 8.31432342529 62.6318054199
      vertex 20.7255172729 8.31431293488 63.4433059692
      vertex 20.9696578979 8.29127216339 63.3447341919
    endloop
  endfacet
  facet normal 0.289953827858 -2.38924940277e-06 -0.957040607929
    outer loop
      vertex 20.540802002 8.38238811493 5.16935110092
      vertex 20.7659301758 8.31432342529 62.6318054199
      vertex 20.7659301758 8.31418037415 5.16939592361
    endloop
  endfacet
  facet normal 0.466524928808 0.0701030567288 -0.881725609303
    outer loop
      vertex 20.5014038086 8.38252258301 63.4210166931
      vertex 20.1805496216 8.49342632294 64.1613616943
      vertex 20.3839836121 8.38253116608 64.2023239136
    endloop
  endfacet
  facet normal 0.289820998907 0.0144460182637 -0.956971824169
    outer loop
      vertex 20.7659301758 8.31432342529 62.6318054199
      vertex 20.5014038086 8.38252258301 63.4210166931
      vertex 20.7255172729 8.31431293488 63.4433059692
    endloop
  endfacet
  facet normal 0.289795428514 -1.71178305663e-06 -0.957088589668
    outer loop
      vertex 20.540802002 8.38238811493 5.16935110092
      vertex 20.540802002 8.38249015808 62.631893158
      vertex 20.7659301758 8.31432342529 62.6318054199
    endloop
  endfacet
  facet normal 0.466878145933 0.0702863335609 -0.881524026394
    outer loop
      vertex 20.2950496674 8.49345779419 63.4003868103
      vertex 20.1805496216 8.49342632294 64.1613616943
      vertex 20.5014038086 8.38252258301 63.4210166931
    endloop
  endfacet
  facet normal 0.289770305157 0.0144276693463 -0.956987500191
    outer loop
      vertex 20.540802002 8.38249015808 62.631893158
      vertex 20.5014038086 8.38252258301 63.4210166931
      vertex 20.7659301758 8.31432342529 62.6318054199
    endloop
  endfacet
  facet normal 0.628036677837 0.0945305526257 -0.772420823574
    outer loop
      vertex 20.2950496674 8.49345779419 63.4003868103
      vertex 20.0023918152 8.6426897049 64.1253433228
      vertex 20.1805496216 8.49342632294 64.1613616943
    endloop
  endfacet
  facet normal 0.471554577351 0.0235062185675 -0.881523549557
    outer loop
      vertex 20.540802002 8.38249015808 62.631893158
      vertex 20.2950496674 8.49345779419 63.4003868103
      vertex 20.5014038086 8.38252258301 63.4210166931
    endloop
  endfacet
  facet normal 0.627701818943 0.094334423542 -0.772716939449
    outer loop
      vertex 20.1140937805 8.64266204834 63.3823051453
      vertex 20.0023918152 8.6426897049 64.1253433228
      vertex 20.2950496674 8.49345779419 63.4003868103
    endloop
  endfacet
  facet normal 0.471464723349 0.0234704092145 -0.881572544575
    outer loop
      vertex 20.3333778381 8.49342155457 62.6318321228
      vertex 20.2950496674 8.49345779419 63.4003868103
      vertex 20.540802002 8.38249015808 62.631893158
    endloop
  endfacet
  facet normal 0.633968889713 0.031579721719 -0.77271348238
    outer loop
      vertex 20.3333778381 8.49342155457 62.6318321228
      vertex 20.1140937805 8.64266204834 63.3823051453
      vertex 20.2950496674 8.49345779419 63.4003868103
    endloop
  endfacet
  facet normal 0.634510993958 -1.9583771973e-06 -0.772913813591
    outer loop
      vertex 20.1515235901 8.64256763458 5.1693854332
      vertex 20.1515235901 8.64271354675 62.6317939758
      vertex 20.3333778381 8.49342155457 62.6318321228
    endloop
  endfacet
  facet normal 0.764837801456 0.115021452308 -0.633871614933
    outer loop
      vertex 19.9656181335 8.82450866699 63.3674583435
      vertex 19.8560009003 8.8246011734 64.0958480835
      vertex 20.1140937805 8.64266204834 63.3823051453
    endloop
  endfacet
  facet normal 0.634188473225 0.0316805392504 -0.772529184818
    outer loop
      vertex 20.1515235901 8.64271354675 62.6317939758
      vertex 20.1140937805 8.64266204834 63.3823051453
      vertex 20.3333778381 8.49342155457 62.6318321228
    endloop
  endfacet
  facet normal 0.772712409496 -1.60831928042e-06 -0.634756326675
    outer loop
      vertex 20.0022125244 8.82432937622 5.16933822632
      vertex 20.1515235901 8.64271354675 62.6317939758
      vertex 20.1515235901 8.64256763458 5.1693854332
    endloop
  endfacet
  facet normal 0.772479116917 0.0385677479208 -0.63386785984
    outer loop
      vertex 20.1515235901 8.64271354675 62.6317939758
      vertex 19.9656181335 8.82450866699 63.3674583435
      vertex 20.1140937805 8.64266204834 63.3823051453
    endloop
  endfacet
  facet normal 0.772851705551 -2.50641051025e-06 -0.634586691856
    outer loop
      vertex 20.1515235901 8.64271354675 62.6317939758
      vertex 20.0022125244 8.82432937622 5.16933822632
      vertex 20.0022125244 8.82455635071 62.6318740845
    endloop
  endfacet
  facet normal 0.772288322449 0.0384604595602 -0.634106874466
    outer loop
      vertex 20.0022125244 8.82455635071 62.6318740845
      vertex 19.9656181335 8.82450866699 63.3674583435
      vertex 20.1515235901 8.64271354675 62.6317939758
    endloop
  endfacet
  facet normal 0.880969703197 0.0438567139208 -0.471135824919
    outer loop
      vertex 20.0022125244 8.82455635071 62.6318740845
      vertex 19.8552284241 9.03194618225 63.3564758301
      vertex 19.9656181335 8.82450866699 63.3674583435
    endloop
  endfacet
  facet normal 0.881052494049 0.04391951859 -0.470975071192
    outer loop
      vertex 19.8913497925 9.03195095062 62.6318283081
      vertex 19.8552284241 9.03194618225 63.3564758301
      vertex 20.0022125244 8.82455635071 62.6318740845
    endloop
  endfacet
  facet normal 0.955882072449 0.0476483851671 -0.289860576391
    outer loop
      vertex 19.8913497925 9.03195095062 62.6318283081
      vertex 19.7872810364 9.25714874268 63.3496208191
      vertex 19.8552284241 9.03194618225 63.3564758301
    endloop
  endfacet
  facet normal 0.956960439682 -7.35343348879e-07 -0.290218472481
    outer loop
      vertex 19.8913497925 9.03195095062 62.6318283081
      vertex 19.8230438232 9.25703525543 5.16940021515
      vertex 19.8230438232 9.2571811676 62.6318244934
    endloop
  endfacet
  facet normal 0.955873668194 0.0476380027831 -0.289889812469
    outer loop
      vertex 19.8230438232 9.2571811676 62.6318244934
      vertex 19.7872810364 9.25714874268 63.3496208191
      vertex 19.8913497925 9.03195095062 62.6318283081
    endloop
  endfacet
  facet normal 0.984149217606 0.148031786084 -0.0976569876075
    outer loop
      vertex 19.7643909454 9.49126052856 63.3473434448
      vertex 19.6578178406 9.49128246307 64.0558547974
      vertex 19.7872810364 9.25714874268 63.3496208191
    endloop
  endfacet
  facet normal 0.993986546993 0.0495283193886 -0.0976611226797
    outer loop
      vertex 19.8230438232 9.2571811676 62.6318244934
      vertex 19.7643909454 9.49126052856 63.3473434448
      vertex 19.7872810364 9.25714874268 63.3496208191
    endloop
  endfacet
  facet normal 0.988875508308 0.148745656013 7.08650477463e-05
    outer loop
      vertex 19.7643909454 9.49126052856 63.3473434448
      vertex 19.7578964233 49.0792121887 63.4093894958
      vertex 19.6578178406 9.49128246307 64.0558547974
    endloop
  endfacet
  facet normal 0.993982195854 0.0495105534792 -0.0977143347263
    outer loop
      vertex 19.8000335693 9.4912519455 62.6318244934
      vertex 19.7643909454 9.49126052856 63.3473434448
      vertex 19.8230438232 9.2571811676 62.6318244934
    endloop
  endfacet
  facet normal 0.998535394669 0.0541025325656 -7.90571284597e-05
    outer loop
      vertex 19.7643909454 9.49126052856 63.3473434448
      vertex 19.8000335693 49.0791931152 62.631690979
      vertex 19.7578964233 49.0792121887 63.4093894958
    endloop
  endfacet
  facet normal 0.998761713505 0.0497497990727 -1.66824662529e-07
    outer loop
      vertex 19.8000335693 9.4912519455 62.6318244934
      vertex 19.8000335693 49.0791931152 62.631690979
      vertex 19.7643909454 9.49126052856 63.3473434448
    endloop
  endfacet
  facet normal 0.76471811533 0.114937491715 -0.634031176567
    outer loop
      vertex 20.1140937805 8.64266204834 63.3823051453
      vertex 19.8560009003 8.8246011734 64.0958480835
      vertex 20.0023918152 8.6426897049 64.1253433228
    endloop
  endfacet
  facet normal 0.75021225214 0.187349677086 -0.634099066257
    outer loop
      vertex 19.6925697327 8.82464790344 64.7501220703
      vertex 20.0023918152 8.6426897049 64.1253433228
      vertex 19.8560009003 8.8246011734 64.0958480835
    endloop
  endfacet
  facet normal 0.829146444798 0.2070748806 -0.519265055656
    outer loop
      vertex 19.8560009003 8.8246011734 64.0958480835
      vertex 19.629863739 8.92475986481 64.7501602173
      vertex 19.6925697327 8.82464790344 64.7501220703
    endloop
  endfacet
  facet normal 0.870965361595 0.234958723187 -0.431524902582
    outer loop
      vertex 19.8560009003 8.8246011734 64.0958480835
      vertex 19.5775299072 9.03036403656 64.7502059937
      vertex 19.629863739 8.92475986481 64.7501602173
    endloop
  endfacet
  facet normal 0.855269432068 0.215836852789 -0.471092998981
    outer loop
      vertex 19.7472839355 9.03203201294 64.0738983154
      vertex 19.5775299072 9.03036403656 64.7502059937
      vertex 19.8560009003 8.8246011734 64.0958480835
    endloop
  endfacet
  facet normal 0.872288048267 0.131212383509 -0.471059292555
    outer loop
      vertex 19.9656181335 8.82450866699 63.3674583435
      vertex 19.7472839355 9.03203201294 64.0738983154
      vertex 19.8560009003 8.8246011734 64.0958480835
    endloop
  endfacet
  facet normal 0.916553199291 0.230862751603 -0.326546579599
    outer loop
      vertex 19.7472839355 9.03203201294 64.0738983154
      vertex 19.5244827271 9.17929363251 64.7501602173
      vertex 19.5775299072 9.03036403656 64.7502059937
    endloop
  endfacet
  facet normal 0.872258245945 0.131184697151 -0.471122205257
    outer loop
      vertex 19.8552284241 9.03194618225 63.3564758301
      vertex 19.7472839355 9.03203201294 64.0738983154
      vertex 19.9656181335 8.82450866699 63.3674583435
    endloop
  endfacet
  facet normal 0.925985753536 0.241965144873 -0.289833247662
    outer loop
      vertex 19.6803512573 9.25712776184 64.0604248047
      vertex 19.5244827271 9.17929363251 64.7501602173
      vertex 19.7472839355 9.03203201294 64.0738983154
    endloop
  endfacet
  facet normal 0.946397483349 0.14236138761 -0.289939641953
    outer loop
      vertex 19.8552284241 9.03194618225 63.3564758301
      vertex 19.6803512573 9.25712776184 64.0604248047
      vertex 19.7472839355 9.03203201294 64.0738983154
    endloop
  endfacet
  facet normal 0.954847633839 0.297095924616 1.45413889641e-06
    outer loop
      vertex 19.4813289642 9.49121570587 64.7501907349
      vertex 19.4720916748 5.05562019348 64.7798614502
      vertex 19.4813289642 4.67923784256 64.7501602173
    endloop
  endfacet
  facet normal 0.950960993767 0.237292125821 -0.198407694697
    outer loop
      vertex 19.6803512573 9.25712776184 64.0604248047
      vertex 19.4922370911 9.33386993408 64.7501373291
      vertex 19.5244827271 9.17929363251 64.7501602173
    endloop
  endfacet
  facet normal 0.946410417557 0.142381250858 -0.2898876369
    outer loop
      vertex 19.7872810364 9.25714874268 63.3496208191
      vertex 19.6803512573 9.25712776184 64.0604248047
      vertex 19.8552284241 9.03194618225 63.3564758301
    endloop
  endfacet
  facet normal 0.952823996544 0.303523361683 -4.57567621197e-05
    outer loop
      vertex 19.4813289642 9.49121570587 64.7501907349
      vertex 19.4438381195 5.42342567444 64.8684921265
      vertex 19.4720916748 5.05562019348 64.7798614502
    endloop
  endfacet
  facet normal 0.964468061924 0.25562286377 -0.0667709708214
    outer loop
      vertex 19.6803512573 9.25712776184 64.0604248047
      vertex 19.4813289642 9.49121570587 64.7501907349
      vertex 19.4922370911 9.33386993408 64.7501373291
    endloop
  endfacet
  facet normal 0.984152257442 0.148053109646 -0.0975943505764
    outer loop
      vertex 19.7872810364 9.25714874268 63.3496208191
      vertex 19.6578178406 9.49128246307 64.0558547974
      vertex 19.6803512573 9.25712776184 64.0604248047
    endloop
  endfacet
  facet normal 0.963636040688 0.267218261957 -8.23116351967e-07
    outer loop
      vertex 19.6320114136 60.2008018494 64.1777877808
      vertex 19.4239311218 49.0792160034 64.9281997681
      vertex 19.6320114136 49.0792579651 64.1778259277
    endloop
  endfacet
  facet normal 0.953074038029 0.30273732543 -2.05918258871e-05
    outer loop
      vertex 19.4813289642 9.49121570587 64.7501907349
      vertex 19.4239311218 49.0792160034 64.9281997681
      vertex 19.4438381195 5.42342567444 64.8684921265
    endloop
  endfacet
  facet normal 0.986845552921 0.161665901542 -4.97981886838e-07
    outer loop
      vertex 19.6320114136 60.2008018494 64.1777877808
      vertex 19.6320114136 49.0792579651 64.1778259277
      vertex 19.7578964233 60.2007598877 63.409362793
    endloop
  endfacet
  facet normal 0.998535394669 0.0541026815772 -1.45821559272e-07
    outer loop
      vertex 19.7578964233 60.2007598877 63.409362793
      vertex 19.7578964233 49.0792121887 63.4093894958
      vertex 19.8000335693 60.2007637024 62.6316642761
    endloop
  endfacet
  facet normal 0.964551091194 0.245183378458 -0.0976025462151
    outer loop
      vertex 19.6578178406 9.49128246307 64.0558547974
      vertex 19.4813289642 9.49121570587 64.7501907349
      vertex 19.6803512573 9.25712776184 64.0604248047
    endloop
  endfacet
  facet normal 0.963636040688 0.267218261957 -0.000195619693841
    outer loop
      vertex 19.4813289642 9.49121570587 64.7501907349
      vertex 19.6320114136 49.0792579651 64.1778259277
      vertex 19.4239311218 49.0792160034 64.9281997681
    endloop
  endfacet
  facet normal 0.986845672131 0.161665022373 -4.35731521975e-07
    outer loop
      vertex 19.7578964233 60.2007598877 63.409362793
      vertex 19.6320114136 49.0792579651 64.1778259277
      vertex 19.7578964233 49.0792121887 63.4093894958
    endloop
  endfacet
  facet normal 0.969180703163 0.246350809932 0.000127185863676
    outer loop
      vertex 19.4813289642 9.49121570587 64.7501907349
      vertex 19.6578178406 9.49128246307 64.0558547974
      vertex 19.6320114136 49.0792579651 64.1778259277
    endloop
  endfacet
  facet normal 0.986845672131 0.161665007472 -0.00014523799473
    outer loop
      vertex 19.7578964233 49.0792121887 63.4093894958
      vertex 19.6320114136 49.0792579651 64.1778259277
      vertex 19.6578178406 9.49128246307 64.0558547974
    endloop
  endfacet
  facet normal 0 0.08991894871 -0.995949089527
    outer loop
      vertex -16.799955368 50.5996284485 50.2743148804
      vertex -9.29984378815 50.5996284485 50.2743148804
      vertex -8.83629798889 50.6426925659 49.7973670959
    endloop
  endfacet
  facet normal 0 0.0697540566325 -0.997564196587
    outer loop
      vertex -16.0547180176 49.3394355774 68.296546936
      vertex -9.29984378815 50.5996284485 50.2743148804
      vertex -16.799955368 50.5996284485 50.2743148804
    endloop
  endfacet
  facet normal -7.56601821195e-07 0.0697537735105 -0.997564256191
    outer loop
      vertex -15.263048172 49.3334999084 68.381439209
      vertex -9.29984378815 50.5996284485 50.2743148804
      vertex -16.0547180176 49.3394355774 68.296546936
    endloop
  endfacet
  facet normal -0.106616348028 0.994300246239 -2.51916702609e-07
    outer loop
      vertex -16.0547180176 49.3394355774 68.296546936
      vertex -15.263048172 7.07921886444 68.3814468384
      vertex -15.263048172 49.3334999084 68.381439209
    endloop
  endfacet
  facet normal -0.106015257537 0.994364500046 -1.16413730211e-05
    outer loop
      vertex -16.0547180176 49.3394355774 68.296546936
      vertex -16.047088623 7.07921028137 68.2978591919
      vertex -15.263048172 7.07921886444 68.3814468384
    endloop
  endfacet
  facet normal -0.213956549764 0.976843178272 8.38926735014e-06
    outer loop
      vertex -16.8323802948 49.3513450623 68.1262207031
      vertex -16.047088623 7.07921028137 68.2978591919
      vertex -16.0547180176 49.3394355774 68.296546936
    endloop
  endfacet
  facet normal 1.55178950081e-05 -4.309288488e-05 1
    outer loop
      vertex -18.9582977295 7.07921457291 67.1501464844
      vertex -15.263048172 7.07921886444 68.3814468384
      vertex -16.047088623 7.07921028137 68.2978591919
    endloop
  endfacet
  facet normal -0.212393283844 0.977184295654 -2.20366018766e-05
    outer loop
      vertex -16.8323802948 49.3513450623 68.1262207031
      vertex -16.8174781799 7.07920598984 68.1304092407
      vertex -16.047088623 7.07921028137 68.2978591919
    endloop
  endfacet
  facet normal -0.590876460075 0.806762039661 -0.00019834988052
    outer loop
      vertex -18.9582977295 7.07921457291 67.1501464844
      vertex -19.5681705475 49.4515647888 66.6930541992
      vertex -19.4441947937 7.05271816254 66.7942810059
    endloop
  endfacet
  facet normal 1.41961691043e-05 -3.97402727685e-05 1
    outer loop
      vertex -18.9582977295 7.07921457291 67.1501464844
      vertex -16.047088623 7.07921028137 68.2978591919
      vertex -16.8174781799 7.07920598984 68.1304092407
    endloop
  endfacet
  facet normal -0.318762481213 0.947834610939 1.83723768714e-05
    outer loop
      vertex -17.5866165161 49.3690834045 67.8725662231
      vertex -16.8174781799 7.07920598984 68.1304092407
      vertex -16.8323802948 49.3513450623 68.1262207031
    endloop
  endfacet
  facet normal -0.601750016212 0.798684477806 4.52913154732e-05
    outer loop
      vertex -18.9582977295 7.07921457291 67.1501464844
      vertex -18.9896507263 49.421081543 67.1289291382
      vertex -19.5681705475 49.4515647888 66.6930541992
    endloop
  endfacet
  facet normal -3.14005301334e-05 5.98394908593e-05 1
    outer loop
      vertex -18.9582977295 7.07921457291 67.1501464844
      vertex -16.8174781799 7.07920598984 68.1304092407
      vertex -17.5652179718 7.07921457291 67.8811569214
    endloop
  endfacet
  facet normal -0.316231012344 0.948682188988 -3.28355818056e-05
    outer loop
      vertex -17.5866165161 49.3690834045 67.8725662231
      vertex -17.5652179718 7.07921457291 67.8811569214
      vertex -16.8174781799 7.07920598984 68.1304092407
    endloop
  endfacet
  facet normal -0.511653244495 0.859192073345 -5.1746279496e-05
    outer loop
      vertex -18.2816066742 7.07917833328 67.5531234741
      vertex -18.9896507263 49.421081543 67.1289291382
      vertex -18.9582977295 7.07921457291 67.1501464844
    endloop
  endfacet
  facet normal 0.000398900621803 -0.00076017860556 0.999999642372
    outer loop
      vertex -18.9582977295 7.07921457291 67.1501464844
      vertex -17.5652179718 7.07921457291 67.8811569214
      vertex -18.2816066742 7.07917833328 67.5531234741
    endloop
  endfacet
  facet normal -0.41965636611 0.907683074474 2.78309635178e-05
    outer loop
      vertex -18.3084888458 49.3924217224 67.5388183594
      vertex -17.5652179718 7.07921457291 67.8811569214
      vertex -17.5866165161 49.3690834045 67.8725662231
    endloop
  endfacet
  facet normal -0.515598773956 0.856830120087 3.78935001208e-05
    outer loop
      vertex -18.2816066742 7.07917833328 67.5531234741
      vertex -18.3084888458 49.3924217224 67.5388183594
      vertex -18.9896507263 49.421081543 67.1289291382
    endloop
  endfacet
  facet normal -0.416334956884 0.909211277962 -4.28774983448e-05
    outer loop
      vertex -17.5652179718 7.07921457291 67.8811569214
      vertex -18.3084888458 49.3924217224 67.5388183594
      vertex -18.2816066742 7.07917833328 67.5531234741
    endloop
  endfacet
  facet normal 3.46126648765e-06 0.0697541236877 -0.997564196587
    outer loop
      vertex -21.5999755859 52.8456764221 18.1532688141
      vertex -21.0151348114 53.9236679077 2.73671579361
      vertex -21.3822975159 53.8795471191 3.36769843102
    endloop
  endfacet
  facet normal -1.15989987535e-05 0.0697535574436 -0.997564256191
    outer loop
      vertex -21.5999755859 52.8456764221 18.1532688141
      vertex -20.5865783691 53.965045929 2.14501214027
      vertex -21.0151348114 53.9236679077 2.73671579361
    endloop
  endfacet
  facet normal -2.70789143997e-07 0.0697542726994 -0.997564196587
    outer loop
      vertex -21.5999755859 52.8456764221 18.1532688141
      vertex -20.1007404327 54.0032501221 1.59865498543
      vertex -20.5865783691 53.965045929 2.14501214027
    endloop
  endfacet
  facet normal 3.25686960423e-06 0.0697545930743 -0.997564196587
    outer loop
      vertex -21.5999755859 52.8456764221 18.1532688141
      vertex -19.5625095367 54.037902832 1.10307228565
      vertex -20.1007404327 54.0032501221 1.59865498543
    endloop
  endfacet
  facet normal -0.677359580994 -0.735652089119 4.57631722384e-05
    outer loop
      vertex -19.5625095367 54.037902832 1.10307228565
      vertex -20.1286334991 7.07901334763 1.62725806236
      vertex -20.1007404327 54.0032501221 1.59865498543
    endloop
  endfacet
  facet normal -0.694900095463 -0.719106197357 -0.000350397021975
    outer loop
      vertex -19.5625095367 54.037902832 1.10307228565
      vertex -19.7999744415 7.07907962799 1.30966210365
      vertex -20.1286334991 7.07901334763 1.62725806236
    endloop
  endfacet
  facet normal -0.64707159996 -0.762429237366 8.20600544102e-05
    outer loop
      vertex -19.4289360046 7.05019187927 0.994766056538
      vertex -19.7999744415 7.07907962799 1.30966210365
      vertex -19.5625095367 54.037902832 1.10307228565
    endloop
  endfacet
  facet normal -0.677588582039 0.735441148281 -0.000202757262741
    outer loop
      vertex -19.7810211182 7.0792016983 66.5086288452
      vertex -19.5681705475 49.4515647888 66.6930541992
      vertex -20.1004428864 49.4858512878 66.2026443481
    endloop
  endfacet
  facet normal -0.0775902718306 3.77557335014e-05 0.996985316277
    outer loop
      vertex -19.4289360046 7.05019187927 0.994766056538
      vertex -19.77094841 7.07922315598 64.7501831055
      vertex -19.7999744415 7.07907962799 1.30966210365
    endloop
  endfacet
  facet normal -0.646793067455 0.762665510178 7.04325502738e-05
    outer loop
      vertex -19.7810211182 7.0792016983 66.5086288452
      vertex -19.4441947937 7.05271816254 66.7942810059
      vertex -19.5681705475 49.4515647888 66.6930541992
    endloop
  endfacet
  facet normal 0.00233371509239 1.19345452276e-06 0.999997258186
    outer loop
      vertex -19.77094841 7.07922315598 64.7501831055
      vertex -19.7810211182 7.0792016983 66.5086288452
      vertex -19.7999744415 7.07907962799 1.30966210365
    endloop
  endfacet
  facet normal -0.0809714049101 1.94954645849e-05 0.996716439724
    outer loop
      vertex -19.4289360046 7.05019187927 0.994766056538
      vertex -19.4441947937 7.05271816254 66.7942810059
      vertex -19.77094841 7.07922315598 64.7501831055
    endloop
  endfacet
  facet normal -0.0779974088073 -0.000458977097878 0.996953427792
    outer loop
      vertex -19.7810211182 7.0792016983 66.5086288452
      vertex -19.77094841 7.07922315598 64.7501831055
      vertex -19.4441947937 7.05271816254 66.7942810059
    endloop
  endfacet
  facet normal 0.931114792824 0.258202254772 -0.257598251104
    outer loop
      vertex 19.4239311218 60.2007904053 64.9281692505
      vertex 19.6320114136 60.2008018494 64.1777877808
      vertex 17.7907028198 67.0791854858 63.9555206299
    endloop
  endfacet
  facet normal 0.963636398315 0.267216831446 -7.20221009942e-07
    outer loop
      vertex 19.4239311218 60.2007904053 64.9281692505
      vertex 19.4239311218 49.0792160034 64.9281997681
      vertex 19.6320114136 60.2008018494 64.1777877808
    endloop
  endfacet
  facet normal 0.918971717358 0.296366214752 -0.260111600161
    outer loop
      vertex 17.5855445862 67.0792236328 64.5916442871
      vertex 19.4239311218 60.2007904053 64.9281692505
      vertex 17.7907028198 67.0791854858 63.9555206299
    endloop
  endfacet
  facet normal 0.929151892662 0.369698166847 -9.96435687739e-07
    outer loop
      vertex 19.4239311218 60.2007904053 64.9281692505
      vertex 19.1360378265 49.0792655945 65.6517486572
      vertex 19.4239311218 49.0792160034 64.9281997681
    endloop
  endfacet
  facet normal 0.89782679081 0.357256412506 -0.257439255714
    outer loop
      vertex 19.1360378265 60.2007141113 65.6517333984
      vertex 19.4239311218 60.2007904053 64.9281692505
      vertex 17.5855445862 67.0792236328 64.5916442871
    endloop
  endfacet
  facet normal 0.929153800011 0.369693428278 -6.40564849164e-07
    outer loop
      vertex 19.1360378265 60.2007141113 65.6517333984
      vertex 19.1360378265 49.0792655945 65.6517486572
      vertex 19.4239311218 60.2007904053 64.9281692505
    endloop
  endfacet
  facet normal 0.87477350235 0.408751934767 -0.260179072618
    outer loop
      vertex 17.3025398254 67.0792007446 65.1973190308
      vertex 19.1360378265 60.2007141113 65.6517333984
      vertex 17.5855445862 67.0792236328 64.5916442871
    endloop
  endfacet
  facet normal 0.883750140667 0.467959105968 -8.10828964859e-07
    outer loop
      vertex 19.1360378265 60.2007141113 65.6517333984
      vertex 18.7716178894 49.0792694092 66.3399658203
      vertex 19.1360378265 49.0792655945 65.6517486572
    endloop
  endfacet
  facet normal 0.853941500187 0.45219424367 -0.257496118546
    outer loop
      vertex 18.7716178894 60.2006912231 66.3399276733
      vertex 19.1360378265 60.2007141113 65.6517333984
      vertex 17.3025398254 67.0792007446 65.1973190308
    endloop
  endfacet
  facet normal 0.883745312691 0.467968195677 -1.53159919591e-06
    outer loop
      vertex 18.7716178894 60.2006912231 66.3399276733
      vertex 18.7716178894 49.0792694092 66.3399658203
      vertex 19.1360378265 60.2007141113 65.6517333984
    endloop
  endfacet
  facet normal 0.81720995903 0.514371931553 -0.259979695082
    outer loop
      vertex 16.946521759 67.0792388916 65.7629241943
      vertex 18.7716178894 60.2006912231 66.3399276733
      vertex 17.3025398254 67.0792007446 65.1973190308
    endloop
  endfacet
  facet normal 0.828070104122 0.560624599457 -1.83485155958e-06
    outer loop
      vertex 18.7716178894 60.2006912231 66.3399276733
      vertex 18.3350143433 49.079284668 66.9848480225
      vertex 18.7716178894 49.0792694092 66.3399658203
    endloop
  endfacet
  facet normal 0.800103843212 0.541671991348 -0.257730960846
    outer loop
      vertex 18.3350143433 60.2007446289 66.9848098755
      vertex 18.7716178894 60.2006912231 66.3399276733
      vertex 16.946521759 67.0792388916 65.7629241943
    endloop
  endfacet
  facet normal 0.828069210052 0.560625851154 -1.94278209165e-06
    outer loop
      vertex 18.3350143433 60.2007446289 66.9848098755
      vertex 18.3350143433 49.079284668 66.9848480225
      vertex 18.7716178894 60.2006912231 66.3399276733
    endloop
  endfacet
  facet normal 0.746815383434 0.612303555012 -0.25952103734
    outer loop
      vertex 16.5227355957 67.0791778564 66.2798309326
      vertex 18.3350143433 60.2007446289 66.9848098755
      vertex 16.946521759 67.0792388916 65.7629241943
    endloop
  endfacet
  facet normal 0.762628436089 0.64683675766 -2.24153563977e-06
    outer loop
      vertex 18.3350143433 60.2007446289 66.9848098755
      vertex 17.8312950134 49.0792274475 67.578742981
      vertex 18.3350143433 49.079284668 66.9848480225
    endloop
  endfacet
  facet normal 0.736800253391 0.624878466129 -0.258171141148
    outer loop
      vertex 17.8312950134 60.2008323669 67.5787124634
      vertex 18.3350143433 60.2007446289 66.9848098755
      vertex 16.5227355957 67.0791778564 66.2798309326
    endloop
  endfacet
  facet normal 0.762635350227 0.646828651428 -1.4943188944e-06
    outer loop
      vertex 17.8312950134 60.2008323669 67.5787124634
      vertex 17.8312950134 49.0792274475 67.578742981
      vertex 18.3350143433 60.2007446289 66.9848098755
    endloop
  endfacet
  facet normal 0.664951205254 0.700614273548 -0.258804023266
    outer loop
      vertex 16.0379104614 67.0792388916 66.7399597168
      vertex 17.8312950134 60.2008323669 67.5787124634
      vertex 16.5227355957 67.0791778564 66.2798309326
    endloop
  endfacet
  facet normal 0.688347756863 0.725380837917 -1.67579207755e-06
    outer loop
      vertex 17.8312950134 60.2008323669 67.5787124634
      vertex 17.2664222717 49.0791778564 68.1147766113
      vertex 17.8312950134 49.0792274475 67.578742981
    endloop
  endfacet
  facet normal 0.688334703445 0.725393235683 -2.93269317808e-06
    outer loop
      vertex 17.2664222717 60.200756073 68.114730835
      vertex 17.2664222717 49.0791778564 68.1147766113
      vertex 17.8312950134 60.2008323669 67.5787124634
    endloop
  endfacet
  facet normal 0.664866626263 0.700698852539 -0.258792281151
    outer loop
      vertex 17.2664222717 60.200756073 68.114730835
      vertex 17.8312950134 60.2008323669 67.5787124634
      vertex 16.0379104614 67.0792388916 66.7399597168
    endloop
  endfacet
  facet normal 0.688347697258 0.725380837917 -0.000185022014193
    outer loop
      vertex 17.2664222717 49.0791778564 68.1147766113
      vertex 17.7014770508 7.07919740677 67.7126464844
      vertex 17.8312950134 49.0792274475 67.578742981
    endloop
  endfacet
  facet normal 0.744605183601 0.667505085468 0.000173382184585
    outer loop
      vertex 18.2057304382 7.07921457291 67.1501464844
      vertex 17.8312950134 49.0792274475 67.578742981
      vertex 17.7014770508 7.07919740677 67.7126464844
    endloop
  endfacet
  facet normal 0.60600823164 0.795458376408 -3.21595962305e-06
    outer loop
      vertex 17.2664222717 60.200756073 68.114730835
      vertex 16.6470108032 49.079284668 68.5866622925
      vertex 17.2664222717 49.0791778564 68.1147766113
    endloop
  endfacet
  facet normal 0.58551889658 0.768452882767 -0.258162349463
    outer loop
      vertex 16.6470108032 60.2008247375 68.5866622925
      vertex 17.2664222717 60.200756073 68.114730835
      vertex 16.0379104614 67.0792388916 66.7399597168
    endloop
  endfacet
  facet normal 0.670549571514 0.741864681244 0.000157164715347
    outer loop
      vertex 17.2664222717 49.0791778564 68.1147766113
      vertex 17.1410713196 7.07927465439 68.2191772461
      vertex 17.7014770508 7.07919740677 67.7126464844
    endloop
  endfacet
  facet normal 0 -3.04515979224e-05 1
    outer loop
      vertex -18.9582977295 7.07921457291 67.1501464844
      vertex 18.2057304382 7.07921457291 67.1501464844
      vertex 17.7014770508 7.07919740677 67.7126464844
    endloop
  endfacet
  facet normal 0.606008291245 0.795458316803 -0.000168684258824
    outer loop
      vertex 16.6470108032 49.079284668 68.5866622925
      vertex 17.1410713196 7.07927465439 68.2191772461
      vertex 17.2664222717 49.0791778564 68.1147766113
    endloop
  endfacet
  facet normal 0.606044769287 0.795430541039 -0
    outer loop
      vertex 16.6470108032 60.2008247375 68.5866622925
      vertex 16.6470108032 49.079284668 68.5866622925
      vertex 17.2664222717 60.200756073 68.114730835
    endloop
  endfacet
  facet normal 0.572296380997 0.777896344662 -0.259526818991
    outer loop
      vertex 15.4995002747 67.0792388916 67.1360626221
      vertex 16.6470108032 60.2008247375 68.5866622925
      vertex 16.0379104614 67.0792388916 66.7399597168
    endloop
  endfacet
  facet normal -2.75534330285e-06 0.000149123225128 1
    outer loop
      vertex -18.9582977295 7.07921457291 67.1501464844
      vertex 17.7014770508 7.07919740677 67.7126464844
      vertex 17.1410713196 7.07927465439 68.2191772461
    endloop
  endfacet
  facet normal 0.589147806168 0.808025300503 0.000139607902383
    outer loop
      vertex 16.6470108032 49.079284668 68.5866622925
      vertex 16.5306015015 7.07915687561 68.6642837524
      vertex 17.1410713196 7.07927465439 68.2191772461
    endloop
  endfacet
  facet normal 0.51656383276 0.856248676777 -0
    outer loop
      vertex 16.6470108032 60.2008247375 68.5866622925
      vertex 15.9802122116 49.0792961121 68.9889373779
      vertex 16.6470108032 49.079284668 68.5866622925
    endloop
  endfacet
  facet normal 0.499075263739 0.827341794968 -0.257739156485
    outer loop
      vertex 15.9802122116 60.2007484436 68.9889144897
      vertex 16.6470108032 60.2008247375 68.5866622925
      vertex 15.4995002747 67.0792388916 67.1360626221
    endloop
  endfacet
  facet normal 0.470930665731 0.842989325523 -0.259987175465
    outer loop
      vertex 14.9159116745 67.0792694092 67.4620742798
      vertex 15.9802122116 60.2007484436 68.9889144897
      vertex 15.4995002747 67.0792388916 67.1360626221
    endloop
  endfacet
  facet normal 9.1249576144e-06 -0.000252054334851 0.999999940395
    outer loop
      vertex -18.9582977295 7.07921457291 67.1501464844
      vertex 17.1410713196 7.07927465439 68.2191772461
      vertex 16.5306015015 7.07915687561 68.6642837524
    endloop
  endfacet
  facet normal 0.51656383276 0.856248676777 -0.000150689578732
    outer loop
      vertex 15.9802122116 49.0792961121 68.9889373779
      vertex 16.5306015015 7.07915687561 68.6642837524
      vertex 16.6470108032 49.079284668 68.5866622925
    endloop
  endfacet
  facet normal 0.516547679901 0.856258392334 -1.3187834611e-06
    outer loop
      vertex 15.9802122116 60.2007484436 68.9889144897
      vertex 15.9802122116 49.0792961121 68.9889373779
      vertex 16.6470108032 60.2008247375 68.5866622925
    endloop
  endfacet
  facet normal 0.406908035278 0.876423537731 -0.257502585649
    outer loop
      vertex 15.2738952637 60.20079422 69.3168334961
      vertex 15.9802122116 60.2007484436 68.9889144897
      vertex 14.9159116745 67.0792694092 67.4620742798
    endloop
  endfacet
  facet normal -1.63465465448e-05 0.000344956060871 0.999999940395
    outer loop
      vertex -18.9582977295 7.07921457291 67.1501464844
      vertex 16.5306015015 7.07915687561 68.6642837524
      vertex 15.8768577576 7.07929801941 69.0429611206
    endloop
  endfacet
  facet normal 0.50122910738 0.865314602852 0.000120340788271
    outer loop
      vertex 15.9802122116 49.0792961121 68.9889373779
      vertex 15.8768577576 7.07929801941 69.0429611206
      vertex 16.5306015015 7.07915687561 68.6642837524
    endloop
  endfacet
  facet normal 0.421100080013 0.907014191151 -1.39695600865e-06
    outer loop
      vertex 15.9802122116 60.2007484436 68.9889144897
      vertex 15.2738952637 49.0791969299 69.3168563843
      vertex 15.9802122116 49.0792961121 68.9889373779
    endloop
  endfacet
  facet normal 0.42109555006 0.907016277313 -1.74617616722e-06
    outer loop
      vertex 15.2738952637 60.20079422 69.3168334961
      vertex 15.2738952637 49.0791969299 69.3168563843
      vertex 15.9802122116 60.2007484436 68.9889144897
    endloop
  endfacet
  facet normal 2.13710882235e-06 4.78493711853e-06 1
    outer loop
      vertex -18.9582977295 7.07921457291 67.1501464844
      vertex 15.8768577576 7.07929801941 69.0429611206
      vertex 15.1871099472 7.07929801941 69.3510284424
    endloop
  endfacet
  facet normal 0.421100050211 0.907014191151 -0.000130483545945
    outer loop
      vertex 15.2738952637 49.0791969299 69.3168563843
      vertex 15.8768577576 7.07929801941 69.0429611206
      vertex 15.9802122116 49.0792961121 68.9889373779
    endloop
  endfacet
  facet normal 0.320517778397 0.947242498398 -1.82361918633e-06
    outer loop
      vertex 15.2738952637 60.20079422 69.3168334961
      vertex 14.536231041 49.0791893005 69.5664596558
      vertex 15.2738952637 49.0791969299 69.3168563843
    endloop
  endfacet
  facet normal 0.407806128263 0.913068532944 9.98503965093e-05
    outer loop
      vertex 15.2738952637 49.0791969299 69.3168563843
      vertex 15.1871099472 7.07929801941 69.3510284424
      vertex 15.8768577576 7.07929801941 69.0429611206
    endloop
  endfacet
  facet normal 0.320517748594 0.947242498398 -0.000108315725811
    outer loop
      vertex 14.536231041 49.0791893005 69.5664596558
      vertex 15.1871099472 7.07929801941 69.3510284424
      vertex 15.2738952637 49.0791969299 69.3168563843
    endloop
  endfacet
  facet normal -0.0571933016181 -0.998363137245 2.12004852074e-06
    outer loop
      vertex -15.3393421173 7.07908821106 -0.57590508461
      vertex -15.3360042572 54.1553192139 -0.576196312904
      vertex -15.263048172 54.1556129456 -0.580375730991
    endloop
  endfacet
  facet normal -0.0567936562002 -0.998385965824 2.76989658232e-06
    outer loop
      vertex -15.3393421173 7.07908821106 -0.57590508461
      vertex -15.263048172 54.1556129456 -0.580375730991
      vertex -15.263048172 7.0790348053 -0.580245137215
    endloop
  endfacet
  facet normal 1.1642330719e-05 0.000189447469893 1
    outer loop
      vertex -17.6404399872 7.07910776138 -0.049880053848
      vertex -15.263048172 7.0790348053 -0.580245137215
      vertex 12.2232713699 7.07908201218 -2.02075147629
    endloop
  endfacet
  facet normal -0.115311615169 -0.99332934618 1.7056498109e-05
    outer loop
      vertex -16.1240978241 7.07902002335 -0.48390135169
      vertex -16.1095542908 54.1490402222 -0.486397892237
      vertex -15.3360042572 54.1553192139 -0.576196312904
    endloop
  endfacet
  facet normal -0.116441257298 -0.99319756031 -2.11295423469e-06
    outer loop
      vertex -16.1240978241 7.07902002335 -0.48390135169
      vertex -15.3360042572 54.1553192139 -0.576196312904
      vertex -15.3393421173 7.07908821106 -0.57590508461
    endloop
  endfacet
  facet normal -0.000931242597289 -0.00403708964586 0.999991416931
    outer loop
      vertex -17.6404399872 7.07910776138 -0.049880053848
      vertex -15.3393421173 7.07908821106 -0.57590508461
      vertex -15.263048172 7.0790348053 -0.580245137215
    endloop
  endfacet
  facet normal -0.222940862179 -0.974831998348 -1.71794872585e-05
    outer loop
      vertex -16.8941898346 7.0791311264 -0.307783871889
      vertex -16.1095542908 54.1490402222 -0.486397892237
      vertex -16.1240978241 7.07902002335 -0.48390135169
    endloop
  endfacet
  facet normal 0.000188043297385 0.000859229126945 0.999999642372
    outer loop
      vertex -17.6404399872 7.07910776138 -0.049880053848
      vertex -16.1240978241 7.07902002335 -0.48390135169
      vertex -15.3393421173 7.07908821106 -0.57590508461
    endloop
  endfacet
  facet normal -0.2200653404 -0.975485146046 3.32326635544e-05
    outer loop
      vertex -16.8941898346 7.0791311264 -0.307783871889
      vertex -16.8688564301 54.1370620728 -0.315102219582
      vertex -16.1095542908 54.1490402222 -0.486397892237
    endloop
  endfacet
  facet normal -0.000489156169351 -0.00150670635048 0.999998748302
    outer loop
      vertex -17.6404399872 7.07910776138 -0.049880053848
      vertex -16.8941898346 7.0791311264 -0.307783871889
      vertex -16.1240978241 7.07902002335 -0.48390135169
    endloop
  endfacet
  facet normal -0.326642632484 -0.945147931576 -2.88612955046e-05
    outer loop
      vertex -17.6404399872 7.07910776138 -0.049880053848
      vertex -16.8688564301 54.1370620728 -0.315102219582
      vertex -16.8941898346 7.0791311264 -0.307783871889
    endloop
  endfacet
  facet normal -0.322481960058 -0.946575582027 4.74056359963e-05
    outer loop
      vertex -17.6404399872 7.07910776138 -0.049880053848
      vertex -17.6052722931 54.11951828 -0.0642169639468
      vertex -16.8688564301 54.1370620728 -0.315102219582
    endloop
  endfacet
  facet normal -0.600327372551 -0.79975438118 -0.000136855494929
    outer loop
      vertex -18.9768943787 54.0686378479 0.663490474224
      vertex -19.4289360046 7.05019187927 0.994766056538
      vertex -19.5625095367 54.037902832 1.10307228565
    endloop
  endfacet
  facet normal -0.399259030819 -0.916838169098 -1.90568989638e-05
    outer loop
      vertex -17.9632587433 7.07496261597 0.0906991884112
      vertex -17.6052722931 54.11951828 -0.0642169639468
      vertex -17.6404399872 7.07910776138 -0.049880053848
    endloop
  endfacet
  facet normal -0.595453202724 -0.803390026093 -6.43790626782e-05
    outer loop
      vertex -18.9768943787 54.0686378479 0.663490474224
      vertex -19.0421028137 6.95620775223 0.708047091961
      vertex -19.4289360046 7.05019187927 0.994766056538
    endloop
  endfacet
  facet normal -0.421176791191 -0.906978547573 -0.000218308297917
    outer loop
      vertex -17.9632587433 7.07496261597 0.0906991884112
      vertex -18.310634613 54.0966148376 0.263328790665
      vertex -17.6052722931 54.11951828 -0.0642169639468
    endloop
  endfacet
  facet normal -0.533117592335 -0.846041142941 6.22389561613e-05
    outer loop
      vertex -18.5171642303 7.04072809219 0.37725970149
      vertex -19.0421028137 6.95620775223 0.708047091961
      vertex -18.9768943787 54.0686378479 0.663490474224
    endloop
  endfacet
  facet normal -0.459490001202 -0.888182938099 0.000133736204589
    outer loop
      vertex -18.5171642303 7.04072809219 0.37725970149
      vertex -18.310634613 54.0966148376 0.263328790665
      vertex -17.9632587433 7.07496261597 0.0906991884112
    endloop
  endfacet
  facet normal -0.514885425568 -0.857258975506 -0.000184268938028
    outer loop
      vertex -18.9768943787 54.0686378479 0.663490474224
      vertex -18.310634613 54.0966148376 0.263328790665
      vertex -18.5171642303 7.04072809219 0.37725970149
    endloop
  endfacet
  facet normal 0.57233440876 -0.777870893478 -0.259519219398
    outer loop
      vertex 16.0379104614 67.0790252686 1.06091797352
      vertex 16.6470108032 60.2005882263 -0.785760164261
      vertex 15.4995002747 67.0790634155 0.664783716202
    endloop
  endfacet
  facet normal 0.585518300533 -0.768454551697 -0.258158653975
    outer loop
      vertex 17.2664222717 60.2005462646 -0.313819676638
      vertex 16.6470108032 60.2005882263 -0.785760164261
      vertex 16.0379104614 67.0790252686 1.06091797352
    endloop
  endfacet
  facet normal 0.606050014496 -0.795426547527 1.22507856304e-06
    outer loop
      vertex 17.2664222717 60.2005462646 -0.313819676638
      vertex 17.2664222717 49.0789718628 -0.313802570105
      vertex 16.6470108032 60.2005882263 -0.785760164261
    endloop
  endfacet
  facet normal 0.664923071861 -0.70064675808 -0.258788406849
    outer loop
      vertex 16.5227355957 67.0790863037 1.52104592323
      vertex 17.2664222717 60.2005462646 -0.313819676638
      vertex 16.0379104614 67.0790252686 1.06091797352
    endloop
  endfacet
  facet normal 0.688341975212 -0.725386381149 1.11720601126e-06
    outer loop
      vertex 17.2664222717 60.2005462646 -0.313819676638
      vertex 17.8312950134 49.079044342 0.222223654389
      vertex 17.2664222717 49.0789718628 -0.313802570105
    endloop
  endfacet
  facet normal 0.66487467289 -0.70069026947 -0.258794784546
    outer loop
      vertex 17.8312950134 60.2006149292 0.222206518054
      vertex 17.2664222717 60.2005462646 -0.313819676638
      vertex 16.5227355957 67.0790863037 1.52104592323
    endloop
  endfacet
  facet normal 0.688341975212 -0.725386381149 1.11720657969e-06
    outer loop
      vertex 17.8312950134 60.2006149292 0.222206518054
      vertex 17.8312950134 49.079044342 0.222223654389
      vertex 17.2664222717 60.2005462646 -0.313819676638
    endloop
  endfacet
  facet normal 0.762626171112 -0.646839499474 9.96232301986e-07
    outer loop
      vertex 17.8312950134 60.2006149292 0.222206518054
      vertex 18.3350143433 49.0791320801 0.816111385822
      vertex 17.8312950134 49.079044342 0.222223654389
    endloop
  endfacet
  facet normal 0.80466479063 -0.593729376793 6.28884808975e-05
    outer loop
      vertex 18.2622356415 6.951649189 0.721938669682
      vertex 18.3350143433 49.0791320801 0.816111385822
      vertex 18.5194892883 6.80143928528 1.07060229778
    endloop
  endfacet
  facet normal 0.762626171112 -0.646839499474 -0.000128460218548
    outer loop
      vertex 18.2622356415 6.951649189 0.721938669682
      vertex 17.8312950134 49.079044342 0.222223654389
      vertex 18.3350143433 49.0791320801 0.816111385822
    endloop
  endfacet
  facet normal -0 6.29904243397e-05 1
    outer loop
      vertex -17.6404399872 7.07910776138 -0.049880053848
      vertex 17.0052947998 7.07907772064 -0.525755882263
      vertex 17.5598526001 7.07910776138 -0.049880053848
    endloop
  endfacet
  facet normal 0.714938700199 -0.699187099934 9.08053843887e-05
    outer loop
      vertex 17.5598526001 7.07910776138 -0.049880053848
      vertex 17.8312950134 49.079044342 0.222223654389
      vertex 17.9283905029 7.04929494858 0.326964884996
    endloop
  endfacet
  facet normal 0.763750851154 -0.645511090755 -0.000155722984346
    outer loop
      vertex 17.9283905029 7.04929494858 0.326964884996
      vertex 17.8312950134 49.079044342 0.222223654389
      vertex 18.2622356415 6.951649189 0.721938669682
    endloop
  endfacet
  facet normal -1.53012128204e-19 -0.0788654237986 0.996885299683
    outer loop
      vertex 17.9283905029 7.04929494858 0.326964884996
      vertex -17.6404399872 7.07910776138 -0.049880053848
      vertex 17.5598526001 7.07910776138 -0.049880053848
    endloop
  endfacet
  facet normal -0.000102892634459 -0.239913225174 0.970794320107
    outer loop
      vertex 18.2622356415 6.951649189 0.721938669682
      vertex -18.5171642303 7.04072809219 0.37725970149
      vertex 17.9283905029 7.04929494858 0.326964884996
    endloop
  endfacet
  facet normal -0.00051304110093 -0.0306508392096 0.999530017376
    outer loop
      vertex 17.9283905029 7.04929494858 0.326964884996
      vertex -17.9632587433 7.07496261597 0.0906991884112
      vertex -17.6404399872 7.07910776138 -0.049880053848
    endloop
  endfacet
  facet normal 6.98808507877e-05 -0.118489533663 0.992955327034
    outer loop
      vertex -18.5171642303 7.04072809219 0.37725970149
      vertex -17.9632587433 7.07496261597 0.0906991884112
      vertex 17.9283905029 7.04929494858 0.326964884996
    endloop
  endfacet
  facet normal 0.0965121015906 -0.0116932196543 -0.99526309967
    outer loop
      vertex 20.6604270935 8.31414222717 3.86083364487
      vertex 20.7395248413 8.3141336441 4.51294708252
      vertex 20.9692974091 8.29112911224 4.45143890381
    endloop
  endfacet
  facet normal 0.288145184517 -0.0349375717342 -0.956949174404
    outer loop
      vertex 20.6604270935 8.31414222717 3.86083364487
      vertex 20.5150527954 8.38238525391 4.53107595444
      vertex 20.7395248413 8.3141336441 4.51294708252
    endloop
  endfacet
  facet normal 0.288500100374 -0.0348500274122 -0.956845402718
    outer loop
      vertex 20.43816185 8.38247585297 3.8970272541
      vertex 20.5150527954 8.38238525391 4.53107595444
      vertex 20.6604270935 8.31414222717 3.86083364487
    endloop
  endfacet
  facet normal 0.468617886305 -0.0567031726241 -0.8815792799
    outer loop
      vertex 20.43816185 8.38247585297 3.8970272541
      vertex 20.30834198 8.4933385849 4.54775285721
      vertex 20.5150527954 8.38238525391 4.53107595444
    endloop
  endfacet
  facet normal 0.467989444733 -0.0568834356964 -0.881901443005
    outer loop
      vertex 20.2333030701 8.49332332611 3.93015670776
      vertex 20.30834198 8.4933385849 4.54775285721
      vertex 20.43816185 8.38247585297 3.8970272541
    endloop
  endfacet
  facet normal 0.629975795746 -0.0765625834465 -0.772831618786
    outer loop
      vertex 20.2333030701 8.49332332611 3.93015670776
      vertex 20.1270256042 8.64258861542 4.56239366531
      vertex 20.30834198 8.4933385849 4.54775285721
    endloop
  endfacet
  facet normal 0.630243778229 -0.0764681398869 -0.772622406483
    outer loop
      vertex 20.0539512634 8.64251232147 3.95934438705
      vertex 20.1270256042 8.64258861542 4.56239366531
      vertex 20.2333030701 8.49332332611 3.93015670776
    endloop
  endfacet
  facet normal 0.767772853374 -0.0931154042482 -0.633919894695
    outer loop
      vertex 20.0539512634 8.64251232147 3.95934438705
      vertex 19.978313446 8.8244638443 4.57437992096
      vertex 20.1270256042 8.64258861542 4.56239366531
    endloop
  endfacet
  facet normal 0.767615556717 -0.0931879281998 -0.634099662304
    outer loop
      vertex 19.9066085815 8.8243932724 3.98325419426
      vertex 19.978313446 8.8244638443 4.57437992096
      vertex 20.0539512634 8.64251232147 3.95934438705
    endloop
  endfacet
  facet normal 0.875600516796 -0.106267087162 -0.471201658249
    outer loop
      vertex 19.9066085815 8.8243932724 3.98325419426
      vertex 19.867805481 9.0318069458 4.58322906494
      vertex 19.978313446 8.8244638443 4.57437992096
    endloop
  endfacet
  facet normal 0.87570887804 -0.106196008623 -0.471016317606
    outer loop
      vertex 19.7971725464 9.03185844421 4.00100421906
      vertex 19.867805481 9.0318069458 4.58322906494
      vertex 19.9066085815 8.8243932724 3.98325419426
    endloop
  endfacet
  facet normal 0.995202720165 -2.33306380437e-07 -0.0978343188763
    outer loop
      vertex 19.8230438232 9.2571811676 62.6318244934
      vertex 19.8000335693 9.49111557007 5.16929340363
      vertex 19.8000335693 9.4912519455 62.6318244934
    endloop
  endfacet
  facet normal 0.950140595436 -0.115241773427 -0.28974494338
    outer loop
      vertex 19.7971725464 9.03185844421 4.00100421906
      vertex 19.7997970581 9.25700950623 4.5887298584
      vertex 19.867805481 9.0318069458 4.58322906494
    endloop
  endfacet
  facet normal 0.995203077793 -2.47879512472e-07 -0.0978307723999
    outer loop
      vertex 19.8230438232 9.2571811676 62.6318244934
      vertex 19.8230438232 9.25703525543 5.16940021515
      vertex 19.8000335693 9.49111557007 5.16929340363
    endloop
  endfacet
  facet normal 0.950048089027 -0.115342237055 -0.290008246899
    outer loop
      vertex 19.729763031 9.25703811646 4.011947155
      vertex 19.7997970581 9.25700950623 4.5887298584
      vertex 19.7971725464 9.03185844421 4.00100421906
    endloop
  endfacet
  facet normal 0.99441576004 -0.0398139543831 -0.0977351740003
    outer loop
      vertex 19.8230438232 9.25703525543 5.16940021515
      vertex 19.7997970581 9.25700950623 4.5887298584
      vertex 19.8000335693 9.49111557007 5.16929340363
    endloop
  endfacet
  facet normal 0.989557862282 -0.120149724185 -0.0796193704009
    outer loop
      vertex 19.729763031 9.25703811646 4.011947155
      vertex 19.7636737823 9.49106216431 4.44631958008
      vertex 19.7997970581 9.25700950623 4.5887298584
    endloop
  endfacet
  facet normal 0.991197824478 -0.0498563535511 -0.122642800212
    outer loop
      vertex 19.8000335693 9.49111557007 5.16929340363
      vertex 19.7997970581 9.25700950623 4.5887298584
      vertex 19.7636737823 9.49106216431 4.44631958008
    endloop
  endfacet
  facet normal 0.0950914472342 -0.0193800721318 -0.995279848576
    outer loop
      vertex 20.5291786194 8.31415081024 3.21728277206
      vertex 20.6604270935 8.31414222717 3.86083364487
      vertex 20.8773880005 8.29103660583 3.73882436752
    endloop
  endfacet
  facet normal 0.284722954035 -0.0580547638237 -0.956850290298
    outer loop
      vertex 20.5291786194 8.31415081024 3.21728277206
      vertex 20.43816185 8.38247585297 3.8970272541
      vertex 20.6604270935 8.31414222717 3.86083364487
    endloop
  endfacet
  facet normal 0.284819692373 -0.0580390132964 -0.956822454929
    outer loop
      vertex 20.3106689453 8.38245391846 3.2710185051
      vertex 20.43816185 8.38247585297 3.8970272541
      vertex 20.5291786194 8.31415081024 3.21728277206
    endloop
  endfacet
  facet normal 0.461963295937 -0.0941134616733 -0.881891489029
    outer loop
      vertex 20.3106689453 8.38245391846 3.2710185051
      vertex 20.2333030701 8.49332332611 3.93015670776
      vertex 20.43816185 8.38247585297 3.8970272541
    endloop
  endfacet
  facet normal 0.461758971214 -0.0941547006369 -0.881994068623
    outer loop
      vertex 20.1091461182 8.49325466156 3.32061743736
      vertex 20.2333030701 8.49332332611 3.93015670776
      vertex 20.3106689453 8.38245391846 3.2710185051
    endloop
  endfacet
  facet normal 0.622062325478 -0.126794546843 -0.7726328969
    outer loop
      vertex 20.1091461182 8.49325466156 3.32061743736
      vertex 20.0539512634 8.64251232147 3.95934438705
      vertex 20.2333030701 8.49332332611 3.93015670776
    endloop
  endfacet
  facet normal 0.621732831001 -0.126881659031 -0.77288377285
    outer loop
      vertex 19.9324760437 8.64251613617 3.36412477493
      vertex 20.0539512634 8.64251232147 3.95934438705
      vertex 20.1091461182 8.49325466156 3.32061743736
    endloop
  endfacet
  facet normal 0.757639706135 -0.154619395733 -0.634093821049
    outer loop
      vertex 19.9324760437 8.64251613617 3.36412477493
      vertex 19.9066085815 8.8243932724 3.98325419426
      vertex 20.0539512634 8.64251232147 3.95934438705
    endloop
  endfacet
  facet normal 0.757935166359 -0.15451104939 -0.633767008781
    outer loop
      vertex 19.7876358032 8.82444000244 3.39983868599
      vertex 19.9066085815 8.8243932724 3.98325419426
      vertex 19.9324760437 8.64251613617 3.36412477493
    endloop
  endfacet
  facet normal 0.864344716072 -0.176223814487 -0.471013098955
    outer loop
      vertex 19.7876358032 8.82444000244 3.39983868599
      vertex 19.7971725464 9.03185844421 4.00100421906
      vertex 19.9066085815 8.8243932724 3.98325419426
    endloop
  endfacet
  facet normal 0.864307224751 -0.176244333386 -0.471074253321
    outer loop
      vertex 19.6799926758 9.03186130524 3.42636060715
      vertex 19.7971725464 9.03185844421 4.00100421906
      vertex 19.7876358032 8.82444000244 3.39983868599
    endloop
  endfacet
  facet normal 0.937727093697 -0.191216483712 -0.290007203817
    outer loop
      vertex 19.6799926758 9.03186130524 3.42636060715
      vertex 19.729763031 9.25703811646 4.011947155
      vertex 19.7971725464 9.03185844421 4.00100421906
    endloop
  endfacet
  facet normal 0.937702298164 -0.191239401698 -0.290072292089
    outer loop
      vertex 19.6136512756 9.25702667236 3.44259667397
      vertex 19.729763031 9.25703811646 4.011947155
      vertex 19.6799926758 9.03186130524 3.42636060715
    endloop
  endfacet
  facet normal 0.977191150188 -0.199288651347 -0.0733590126038
    outer loop
      vertex 19.6136512756 9.25702667236 3.44259667397
      vertex 19.6548366547 9.49105930328 3.73069882393
      vertex 19.729763031 9.25703811646 4.011947155
    endloop
  endfacet
  facet normal 0.979636311531 -0.148991122842 -0.134589642286
    outer loop
      vertex 19.729763031 9.25703811646 4.011947155
      vertex 19.6548366547 9.49105930328 3.73069882393
      vertex 19.7636737823 9.49106216431 4.44631958008
    endloop
  endfacet
  facet normal 0.956339597702 -0.0382981412113 -0.289737612009
    outer loop
      vertex 19.8230438232 9.25703525543 5.16940021515
      vertex 19.867805481 9.0318069458 4.58322906494
      vertex 19.7997970581 9.25700950623 4.5887298584
    endloop
  endfacet
  facet normal 0.956945836544 -5.29966484919e-07 -0.290266484022
    outer loop
      vertex 19.8913497925 9.03195095062 62.6318283081
      vertex 19.8913497925 9.03184604645 5.16929960251
      vertex 19.8230438232 9.25703525543 5.16940021515
    endloop
  endfacet
  facet normal 0.956234097481 -0.0384330488741 -0.290067762136
    outer loop
      vertex 19.8913497925 9.03184604645 5.16929960251
      vertex 19.867805481 9.0318069458 4.58322906494
      vertex 19.8230438232 9.25703525543 5.16940021515
    endloop
  endfacet
  facet normal 0.881907463074 -8.60719922002e-07 -0.471422582865
    outer loop
      vertex 20.0022125244 8.82455635071 62.6318740845
      vertex 19.8913497925 9.03184604645 5.16929960251
      vertex 19.8913497925 9.03195095062 62.6318283081
    endloop
  endfacet
  facet normal 0.881304383278 -0.0354348756373 -0.471218556166
    outer loop
      vertex 19.8913497925 9.03184604645 5.16929960251
      vertex 19.978313446 8.8244638443 4.57437992096
      vertex 19.867805481 9.0318069458 4.58322906494
    endloop
  endfacet
  facet normal 0.882022738457 -1.86111356015e-06 -0.471206903458
    outer loop
      vertex 20.0022125244 8.82455635071 62.6318740845
      vertex 20.0022125244 8.82432937622 5.16933822632
      vertex 19.8913497925 9.03184604645 5.16929960251
    endloop
  endfacet
  facet normal 0.881475687027 -0.0353016108274 -0.470908075571
    outer loop
      vertex 20.0022125244 8.82432937622 5.16933822632
      vertex 19.978313446 8.8244638443 4.57437992096
      vertex 19.8913497925 9.03184604645 5.16929960251
    endloop
  endfacet
  facet normal 0.772783696651 -0.0308985579759 -0.633916854858
    outer loop
      vertex 20.0022125244 8.82432937622 5.16933822632
      vertex 20.1270256042 8.64258861542 4.56239366531
      vertex 19.978313446 8.8244638443 4.57437992096
    endloop
  endfacet
  facet normal 0.772341430187 -0.0311472024769 -0.6344435215
    outer loop
      vertex 20.1515235901 8.64256763458 5.1693854332
      vertex 20.1270256042 8.64258861542 4.56239366531
      vertex 20.0022125244 8.82432937622 5.16933822632
    endloop
  endfacet
  facet normal 0.634094774723 -0.0255630649626 -0.772832691669
    outer loop
      vertex 20.1515235901 8.64256763458 5.1693854332
      vertex 20.30834198 8.4933385849 4.54775285721
      vertex 20.1270256042 8.64258861542 4.56239366531
    endloop
  endfacet
  facet normal 0.634402215481 -1.38254063131e-06 -0.773003101349
    outer loop
      vertex 20.1515235901 8.64256763458 5.1693854332
      vertex 20.3333778381 8.49342155457 62.6318321228
      vertex 20.3333778381 8.49331855774 5.16930389404
    endloop
  endfacet
  facet normal 0.634188771248 -0.0255211610347 -0.772756934166
    outer loop
      vertex 20.3333778381 8.49331855774 5.16930389404
      vertex 20.30834198 8.4933385849 4.54775285721
      vertex 20.1515235901 8.64256763458 5.1693854332
    endloop
  endfacet
  facet normal 0.471599906683 -1.5771499875e-06 -0.881812632084
    outer loop
      vertex 20.3333778381 8.49331855774 5.16930389404
      vertex 20.3333778381 8.49342155457 62.6318321228
      vertex 20.540802002 8.38249015808 62.631893158
    endloop
  endfacet
  facet normal 0.471660405397 -0.0189711470157 -0.881576180458
    outer loop
      vertex 20.3333778381 8.49331855774 5.16930389404
      vertex 20.5150527954 8.38238525391 4.53107595444
      vertex 20.30834198 8.4933385849 4.54775285721
    endloop
  endfacet
  facet normal 0.471599906683 -1.57714964644e-06 -0.881812632084
    outer loop
      vertex 20.3333778381 8.49331855774 5.16930389404
      vertex 20.540802002 8.38249015808 62.631893158
      vertex 20.540802002 8.38238811493 5.16935110092
    endloop
  endfacet
  facet normal 0.471517920494 -0.0190247576684 -0.881651222706
    outer loop
      vertex 20.540802002 8.38238811493 5.16935110092
      vertex 20.5150527954 8.38238525391 4.53107595444
      vertex 20.3333778381 8.49331855774 5.16930389404
    endloop
  endfacet
  facet normal 0.0934271067381 0.0141953611746 -0.995524942875
    outer loop
      vertex 20.7255172729 8.31431293488 63.4433059692
      vertex 20.604637146 8.31419944763 64.2468490601
      vertex 20.8790588379 8.29121494293 64.0526657104
    endloop
  endfacet
  facet normal 0.290021449327 -0.0117031475529 -0.956948578358
    outer loop
      vertex 20.540802002 8.38238811493 5.16935110092
      vertex 20.7395248413 8.3141336441 4.51294708252
      vertex 20.5150527954 8.38238525391 4.53107595444
    endloop
  endfacet
  facet normal 0.0990532264113 0.0127578461543 -0.995000362396
    outer loop
      vertex 20.9696578979 8.29127216339 63.3447341919
      vertex 20.7255172729 8.31431293488 63.4433059692
      vertex 20.8790588379 8.29121494293 64.0526657104
    endloop
  endfacet
  facet normal 0 6.44670144538e-05 -1
    outer loop
      vertex 22.2000160217 8.29117012024 64.7501296997
      vertex 20.8790588379 8.29121494293 64.0526657104
      vertex 20.7284393311 8.29117012024 64.7501296997
    endloop
  endfacet
  facet normal 0.289936035872 -0.0117316646501 -0.95697414875
    outer loop
      vertex 20.7659301758 8.31418037415 5.16939592361
      vertex 20.7395248413 8.3141336441 4.51294708252
      vertex 20.540802002 8.38238811493 5.16935110092
    endloop
  endfacet
  facet normal 0.0983328521252 -2.48439846473e-06 -0.995153605938
    outer loop
      vertex 20.7659301758 8.31418037415 5.16939592361
      vertex 20.7659301758 8.31432342529 62.6318054199
      vertex 20.9999961853 8.29119586945 62.6318855286
    endloop
  endfacet
  facet normal 0.0983306691051 0.0040771625936 -0.995145440102
    outer loop
      vertex 20.9999961853 8.29119586945 62.6318855286
      vertex 20.7659301758 8.31432342529 62.6318054199
      vertex 20.9696578979 8.29127216339 63.3447341919
    endloop
  endfacet
  facet normal -8.50369269756e-06 8.05725139799e-05 -1
    outer loop
      vertex 22.2000160217 8.29117012024 64.7501296997
      vertex 20.9696578979 8.29127216339 63.3447341919
      vertex 20.8790588379 8.29121494293 64.0526657104
    endloop
  endfacet
  facet normal 0.098548039794 -0.00403560977429 -0.995124101639
    outer loop
      vertex 20.7659301758 8.31418037415 5.16939592361
      vertex 20.9692974091 8.29112911224 4.45143890381
      vertex 20.7395248413 8.3141336441 4.51294708252
    endloop
  endfacet
  facet normal 0.0980443507433 -1.29785416902e-06 -0.995182037354
    outer loop
      vertex 20.7659301758 8.31418037415 5.16939592361
      vertex 20.9999961853 8.29119586945 62.6318855286
      vertex 20.9999961853 8.29112052917 5.16934251785
    endloop
  endfacet
  facet normal 0.000197445959202 -9.97269307845e-05 -1
    outer loop
      vertex 22.2000160217 8.29117012024 64.7501296997
      vertex 20.9999961853 8.29119586945 62.6318855286
      vertex 20.9696578979 8.29127216339 63.3447341919
    endloop
  endfacet
  facet normal 1 0 0
    outer loop
      vertex 22.2000160217 -0.720703303814 60.8548240662
      vertex 22.2000160217 -0.720696866512 2.35024452209
      vertex 22.2000160217 8.29107379913 2.35015869141
    endloop
  endfacet
  facet normal 0.0980425477028 -0.0041803768836 -0.995173454285
    outer loop
      vertex 20.9999961853 8.29112052917 5.16934251785
      vertex 20.9692974091 8.29112911224 4.45143890381
      vertex 20.7659301758 8.31418037415 5.16939592361
    endloop
  endfacet
  facet normal 2.37128188019e-05 -1.30413741317e-06 -1
    outer loop
      vertex 22.2000160217 8.29117012024 64.7501296997
      vertex 20.9999961853 8.29112052917 5.16934251785
      vertex 20.9999961853 8.29119586945 62.6318855286
    endloop
  endfacet
  facet normal 1 -0 0
    outer loop
      vertex 22.2000160217 8.29107379913 2.35015869141
      vertex 22.2000160217 8.29117012024 64.7501296997
      vertex 22.2000160217 -0.720703303814 60.8548240662
    endloop
  endfacet
  facet normal 1 0 0
    outer loop
      vertex 22.2000160217 -0.720703303814 60.8548240662
      vertex 22.2000160217 8.29117012024 64.7501296997
      vertex 22.2000160217 -0.720683991909 64.7501907349
    endloop
  endfacet
  facet normal 6.11380601185e-05 9.31559679884e-06 -1
    outer loop
      vertex 22.2000160217 8.29107379913 2.35015869141
      vertex 20.9692974091 8.29112911224 4.45143890381
      vertex 20.9999961853 8.29112052917 5.16934251785
    endloop
  endfacet
  facet normal 3.56256568921e-05 -1.54407473474e-06 -1
    outer loop
      vertex 22.2000160217 8.29117012024 64.7501296997
      vertex 22.2000160217 8.29107379913 2.35015869141
      vertex 20.9999961853 8.29112052917 5.16934251785
    endloop
  endfacet
  facet normal 0.798303365707 -0.291671812534 -0.526914834976
    outer loop
      vertex 19.6222343445 8.82434368134 2.8278503418
      vertex 19.4722709656 8.78714847565 2.35020589828
      vertex 19.3658752441 8.94832324982 2.35016727448
    endloop
  endfacet
  facet normal 0.822277486324 -0.318975031376 -0.471290379763
    outer loop
      vertex 19.3658752441 8.94832324982 2.35016727448
      vertex 19.5169124603 9.03182411194 2.86290025711
      vertex 19.6222343445 8.82434368134 2.8278503418
    endloop
  endfacet
  facet normal 0.911368131638 -0.338649302721 -0.233933180571
    outer loop
      vertex 19.2401695251 9.3089838028 2.35011386871
      vertex 19.4521217346 9.25691318512 2.8845448494
      vertex 19.2877349854 9.12372112274 2.35014367104
    endloop
  endfacet
  facet normal 0.866067349911 -0.317950457335 -0.38579121232
    outer loop
      vertex 19.2877349854 9.12372112274 2.35014367104
      vertex 19.5169124603 9.03182411194 2.86290025711
      vertex 19.3658752441 8.94832324982 2.35016727448
    endloop
  endfacet
  facet normal 0.891992270947 -0.346687734127 -0.290099054575
    outer loop
      vertex 19.4521217346 9.25691318512 2.8845448494
      vertex 19.5169124603 9.03182411194 2.86290025711
      vertex 19.2877349854 9.12372112274 2.35014367104
    endloop
  endfacet
  facet normal 0.0927692204714 -0.0268860533834 -0.995324552059
    outer loop
      vertex 20.3466110229 8.31412029266 2.58622741699
      vertex 20.5291786194 8.31415081024 3.21728277206
      vertex 20.7246818542 8.29104995728 3.03667545319
    endloop
  endfacet
  facet normal 0.279215782881 -0.0808244943619 -0.956820726395
    outer loop
      vertex 20.3466110229 8.31412029266 2.58622741699
      vertex 20.3106689453 8.38245391846 3.2710185051
      vertex 20.5291786194 8.31415081024 3.21728277206
    endloop
  endfacet
  facet normal 0.27897939086 -0.0808436200023 -0.956888079643
    outer loop
      vertex 20.1330451965 8.38239860535 2.65740251541
      vertex 20.3106689453 8.38245391846 3.2710185051
      vertex 20.3466110229 8.31412029266 2.58622741699
    endloop
  endfacet
  facet normal 0.45266097784 -0.131112828851 -0.881990611553
    outer loop
      vertex 20.1330451965 8.38239860535 2.65740251541
      vertex 20.1091461182 8.49325466156 3.32061743736
      vertex 20.3106689453 8.38245391846 3.2710185051
    endloop
  endfacet
  facet normal 0.453092485666 -0.131061524153 -0.881776690483
    outer loop
      vertex 19.9362335205 8.49329948425 2.72314548492
      vertex 20.1091461182 8.49325466156 3.32061743736
      vertex 20.1330451965 8.38239860535 2.65740251541
    endloop
  endfacet
  facet normal 0.60955041647 -0.176349669695 -0.772883594036
    outer loop
      vertex 19.9362335205 8.49329948425 2.72314548492
      vertex 19.9324760437 8.64251613617 3.36412477493
      vertex 20.1091461182 8.49325466156 3.32061743736
    endloop
  endfacet
  facet normal 0.609584450722 -0.176343545318 -0.772858142853
    outer loop
      vertex 19.7636737823 8.64251232147 2.78059363365
      vertex 19.9324760437 8.64251613617 3.36412477493
      vertex 19.9362335205 8.49329948425 2.72314548492
    endloop
  endfacet
  facet normal 0.743047893047 -0.214950233698 -0.633779346943
    outer loop
      vertex 19.7636737823 8.64251232147 2.78059363365
      vertex 19.7876358032 8.82444000244 3.39983868599
      vertex 19.9324760437 8.64251613617 3.36412477493
    endloop
  endfacet
  facet normal 0.743007659912 -0.214961409569 -0.63382267952
    outer loop
      vertex 19.6222343445 8.82434368134 2.8278503418
      vertex 19.7876358032 8.82444000244 3.39983868599
      vertex 19.7636737823 8.64251232147 2.78059363365
    endloop
  endfacet
  facet normal 0.847352147102 -0.245107159019 -0.471080511808
    outer loop
      vertex 19.6222343445 8.82434368134 2.8278503418
      vertex 19.6799926758 9.03186130524 3.42636060715
      vertex 19.7876358032 8.82444000244 3.39983868599
    endloop
  endfacet
  facet normal 0.847122073174 -0.24520984292 -0.471440702677
    outer loop
      vertex 19.5169124603 9.03182411194 2.86290025711
      vertex 19.6799926758 9.03186130524 3.42636060715
      vertex 19.6222343445 8.82434368134 2.8278503418
    endloop
  endfacet
  facet normal 0.919280230999 -0.26608261466 -0.290041208267
    outer loop
      vertex 19.5169124603 9.03182411194 2.86290025711
      vertex 19.6136512756 9.25702667236 3.44259667397
      vertex 19.6799926758 9.03186130524 3.42636060715
    endloop
  endfacet
  facet normal 0.925923109055 -0.354516237974 -0.130325227976
    outer loop
      vertex 19.2401695251 9.3089838028 2.35011386871
      vertex 19.4747123718 9.49108791351 3.02963328362
      vertex 19.4521217346 9.25691318512 2.8845448494
    endloop
  endfacet
  facet normal 0.919219434261 -0.266130298376 -0.290190070868
    outer loop
      vertex 19.4521217346 9.25691318512 2.8845448494
      vertex 19.6136512756 9.25702667236 3.44259667397
      vertex 19.5169124603 9.03182411194 2.86290025711
    endloop
  endfacet
  facet normal 0.957535624504 -0.277178168297 -0.079358741641
    outer loop
      vertex 19.4521217346 9.25691318512 2.8845448494
      vertex 19.4747123718 9.49108791351 3.02963328362
      vertex 19.6136512756 9.25702667236 3.44259667397
    endloop
  endfacet
  facet normal 0.959723651409 -0.24657766521 -0.134647458792
    outer loop
      vertex 19.6136512756 9.25702667236 3.44259667397
      vertex 19.4747123718 9.49108791351 3.02963328362
      vertex 19.6548366547 9.49105930328 3.73069882393
    endloop
  endfacet
  facet normal 0.736780226231 -0.624905049801 -0.258163809776
    outer loop
      vertex 18.3350143433 60.2005805969 0.816092073917
      vertex 17.8312950134 60.2006149292 0.222206518054
      vertex 16.5227355957 67.0790863037 1.52104592323
    endloop
  endfacet
  facet normal 0.762625038624 -0.64684087038 1.12077566428e-06
    outer loop
      vertex 18.3350143433 60.2005805969 0.816092073917
      vertex 18.3350143433 49.0791320801 0.816111385822
      vertex 17.8312950134 60.2006149292 0.222206518054
    endloop
  endfacet
  facet normal 0.74682533741 -0.612292766571 -0.259517818689
    outer loop
      vertex 16.946521759 67.0790328979 2.03792405128
      vertex 18.3350143433 60.2005805969 0.816092073917
      vertex 16.5227355957 67.0790863037 1.52104592323
    endloop
  endfacet
  facet normal 0.828065752983 -0.560630977154 9.71400595517e-07
    outer loop
      vertex 18.3350143433 60.2005805969 0.816092073917
      vertex 18.7716178894 49.0790328979 1.46098554134
      vertex 18.3350143433 49.0791320801 0.816111385822
    endloop
  endfacet
  facet normal 0.80008995533 -0.541693389416 -0.257729172707
    outer loop
      vertex 18.7716178894 60.2006072998 1.46097481251
      vertex 18.3350143433 60.2005805969 0.816092073917
      vertex 16.946521759 67.0790328979 2.03792405128
    endloop
  endfacet
  facet normal 0.828069210052 -0.560625851154 5.39655957255e-07
    outer loop
      vertex 18.7716178894 60.2006072998 1.46097481251
      vertex 18.7716178894 49.0790328979 1.46098554134
      vertex 18.3350143433 60.2005805969 0.816092073917
    endloop
  endfacet
  facet normal 0.817256629467 -0.514294564724 -0.259985953569
    outer loop
      vertex 17.3025398254 67.0790634155 2.60368180275
      vertex 18.7716178894 60.2006072998 1.46097481251
      vertex 16.946521759 67.0790328979 2.03792405128
    endloop
  endfacet
  facet normal 0.883746504784 -0.467965900898 4.50461925539e-07
    outer loop
      vertex 18.7716178894 60.2006072998 1.46097481251
      vertex 19.1360378265 49.0790100098 2.14918732643
      vertex 18.7716178894 49.0790328979 1.46098554134
    endloop
  endfacet
  facet normal 0.853946566582 -0.452180683613 -0.257503211498
    outer loop
      vertex 19.1360378265 60.2005805969 2.14917016029
      vertex 18.7716178894 60.2006072998 1.46097481251
      vertex 17.3025398254 67.0790634155 2.60368180275
    endloop
  endfacet
  facet normal 0.883744716644 -0.467969328165 7.2074453783e-07
    outer loop
      vertex 19.1360378265 60.2005805969 2.14917016029
      vertex 19.1360378265 49.0790100098 2.14918732643
      vertex 18.7716178894 60.2006072998 1.46097481251
    endloop
  endfacet
  facet normal 0.8747433424 -0.408815205097 -0.260181218386
    outer loop
      vertex 17.5855445862 67.0790481567 3.20921730995
      vertex 19.1360378265 60.2005805969 2.14917016029
      vertex 17.3025398254 67.0790634155 2.60368180275
    endloop
  endfacet
  facet normal 0.929156780243 -0.36968588829 5.69372957671e-07
    outer loop
      vertex 19.1360378265 60.2005805969 2.14917016029
      vertex 19.4239311218 49.0790786743 2.87276649475
      vertex 19.1360378265 49.0790100098 2.14918732643
    endloop
  endfacet
  facet normal 0.897826015949 -0.357258528471 -0.257438898087
    outer loop
      vertex 19.4239311218 60.2006568909 2.87272596359
      vertex 19.1360378265 60.2005805969 2.14917016029
      vertex 17.5855445862 67.0790481567 3.20921730995
    endloop
  endfacet
  facet normal 0.929152667522 -0.369696259499 1.35229834086e-06
    outer loop
      vertex 19.4239311218 60.2006568909 2.87272596359
      vertex 19.4239311218 49.0790786743 2.87276649475
      vertex 19.1360378265 60.2005805969 2.14917016029
    endloop
  endfacet
  facet normal 0.938671052456 -0.344813913107 0.000162254073075
    outer loop
      vertex 19.2250900269 9.49110412598 2.35009884834
      vertex 19.4239311218 49.0790786743 2.87276649475
      vertex 19.4747123718 9.49108791351 3.02963328362
    endloop
  endfacet
  facet normal 0.963636815548 -0.267215430737 9.774373666e-07
    outer loop
      vertex 19.4239311218 60.2006568909 2.87272596359
      vertex 19.6320114136 49.0790710449 3.62314844131
      vertex 19.4239311218 49.0790786743 2.87276649475
    endloop
  endfacet
  facet normal 0.963636815548 -0.267215400934 -0.000177252935828
    outer loop
      vertex 19.6320114136 49.0790710449 3.62314844131
      vertex 19.4747123718 9.49108791351 3.02963328362
      vertex 19.4239311218 49.0790786743 2.87276649475
    endloop
  endfacet
  facet normal 0.968542337418 -0.248848795891 0.000117596609925
    outer loop
      vertex 19.6320114136 49.0790710449 3.62314844131
      vertex 19.6548366547 9.49105930328 3.73069882393
      vertex 19.4747123718 9.49108791351 3.02963328362
    endloop
  endfacet
  facet normal 0.986849546432 -0.161641344428 -0.000129879452288
    outer loop
      vertex 19.7578964233 49.0791091919 4.39169788361
      vertex 19.6548366547 9.49105930328 3.73069882393
      vertex 19.6320114136 49.0790710449 3.62314844131
    endloop
  endfacet
  facet normal 0.00464076502249 0.999989211559 4.89445710627e-06
    outer loop
      vertex 19.4813289642 4.67923784256 64.7501602173
      vertex 19.4922370911 9.33386993408 64.7501373291
      vertex 19.4813289642 9.49121570587 64.7501907349
    endloop
  endfacet
  facet normal -0.000628286565188 0.999999821186 -7.45217357689e-06
    outer loop
      vertex 19.4813289642 4.67923784256 64.7501602173
      vertex 19.5244827271 9.17929363251 64.7501602173
      vertex 19.4922370911 9.33386993408 64.7501373291
    endloop
  endfacet
  facet normal -0.000860775413457 0.999999642372 -9.68156109593e-06
    outer loop
      vertex 19.4813289642 4.67923784256 64.7501602173
      vertex 19.5775299072 9.03036403656 64.7502059937
      vertex 19.5244827271 9.17929363251 64.7501602173
    endloop
  endfacet
  facet normal 0.000726089230739 0.999999761581 2.54028982454e-05
    outer loop
      vertex 19.4813289642 4.67923784256 64.7501602173
      vertex 19.629863739 8.92475986481 64.7501602173
      vertex 19.5775299072 9.03036403656 64.7502059937
    endloop
  endfacet
  facet normal 0.772870600224 0.208735004067 -0.599250078201
    outer loop
      vertex 19.7663574219 8.72949886322 64.7500762939
      vertex 20.0023918152 8.6426897049 64.1253433228
      vertex 19.6925697327 8.82464790344 64.7501220703
    endloop
  endfacet
  facet normal 0.000614432501607 0.999999821186 2.1496485715e-05
    outer loop
      vertex 19.4813289642 4.67923784256 64.7501602173
      vertex 19.6925697327 8.82464790344 64.7501220703
      vertex 19.629863739 8.92475986481 64.7501602173
    endloop
  endfacet
  facet normal 0.616493701935 0.152088016272 -0.77253139019
    outer loop
      vertex 19.8492069244 8.64193344116 64.7501220703
      vertex 20.1805496216 8.49342632294 64.1613616943
      vertex 20.0023918152 8.6426897049 64.1253433228
    endloop
  endfacet
  facet normal 0.714993953705 0.17612247169 -0.676582992077
    outer loop
      vertex 19.8492069244 8.64193344116 64.7501220703
      vertex 20.0023918152 8.6426897049 64.1253433228
      vertex 19.7663574219 8.72949886322 64.7500762939
    endloop
  endfacet
  facet normal 0.000610896677244 0.999999821186 2.13163057197e-05
    outer loop
      vertex 19.4813289642 4.67923784256 64.7501602173
      vertex 19.7663574219 8.72949886322 64.7500762939
      vertex 19.6925697327 8.82464790344 64.7501220703
    endloop
  endfacet
  facet normal 0.458265215158 0.111354961991 -0.881812393665
    outer loop
      vertex 20.0386924744 8.49279880524 64.7501220703
      vertex 20.3839836121 8.38253116608 64.2023239136
      vertex 20.1805496216 8.49342632294 64.1613616943
    endloop
  endfacet
  facet normal 0.611643433571 0.148198664188 -0.777128994465
    outer loop
      vertex 20.0386924744 8.49279880524 64.7501220703
      vertex 20.1805496216 8.49342632294 64.1613616943
      vertex 19.8492069244 8.64193344116 64.7501220703
    endloop
  endfacet
  facet normal -0.000459759437945 0.999999880791 -5.40285691386e-05
    outer loop
      vertex 19.4813289642 4.67923784256 64.7501602173
      vertex 19.8492069244 8.64193344116 64.7501220703
      vertex 19.7663574219 8.72949886322 64.7500762939
    endloop
  endfacet
  facet normal 0.282674878836 0.0675839707255 -0.956831932068
    outer loop
      vertex 20.2540435791 8.3822183609 64.7502365112
      vertex 20.604637146 8.31419944763 64.2468490601
      vertex 20.3839836121 8.38253116608 64.2023239136
    endloop
  endfacet
  facet normal 0.454059749842 0.10818759352 -0.884378433228
    outer loop
      vertex 20.2540435791 8.3822183609 64.7502365112
      vertex 20.3839836121 8.38253116608 64.2023239136
      vertex 20.0386924744 8.49279880524 64.7501220703
    endloop
  endfacet
  facet normal -2.20788183469e-06 1 -1.15516468213e-05
    outer loop
      vertex 19.4813289642 4.67923784256 64.7501602173
      vertex 20.0386924744 8.49279880524 64.7501220703
      vertex 19.8492069244 8.64193344116 64.7501220703
    endloop
  endfacet
  facet normal 0.0999446213245 0.0235018841922 -0.99471539259
    outer loop
      vertex 20.4868583679 8.31414222717 64.7501602173
      vertex 20.8790588379 8.29121494293 64.0526657104
      vertex 20.604637146 8.31419944763 64.2468490601
    endloop
  endfacet
  facet normal 0.280069857836 0.0656480044127 -0.957732319832
    outer loop
      vertex 20.4868583679 8.31414222717 64.7501602173
      vertex 20.604637146 8.31419944763 64.2468490601
      vertex 20.2540435791 8.3822183609 64.7502365112
    endloop
  endfacet
  facet normal -0.000484799937112 0.999999880791 -8.20838104119e-05
    outer loop
      vertex 19.4813289642 4.67923784256 64.7501602173
      vertex 20.2540435791 8.3822183609 64.7502365112
      vertex 20.0386924744 8.49279880524 64.7501220703
    endloop
  endfacet
  facet normal 0.0946457460523 0.0205031223595 -0.995299875736
    outer loop
      vertex 20.7284393311 8.29117012024 64.7501296997
      vertex 20.8790588379 8.29121494293 64.0526657104
      vertex 20.4868583679 8.31414222717 64.7501602173
    endloop
  endfacet
  facet normal 0.000298113765894 0.999999940395 8.12894868432e-05
    outer loop
      vertex 19.4813289642 4.67923784256 64.7501602173
      vertex 20.4868583679 8.31414222717 64.7501602173
      vertex 20.2540435791 8.3822183609 64.7502365112
    endloop
  endfacet
  facet normal 0.000129645093693 1 3.46857959812e-05
    outer loop
      vertex 19.4813289642 4.67923784256 64.7501602173
      vertex 20.7284393311 8.29117012024 64.7501296997
      vertex 20.4868583679 8.31414222717 64.7501602173
    endloop
  endfacet
  facet normal -2.75287283055e-21 1 -1.00774241218e-05
    outer loop
      vertex 19.4813289642 4.67923784256 64.7501602173
      vertex 22.2000160217 8.29117012024 64.7501296997
      vertex 20.7284393311 8.29117012024 64.7501296997
    endloop
  endfacet
  facet normal 3.9189258132e-06 1 -7.12766495781e-06
    outer loop
      vertex 22.2000160217 8.29117012024 64.7501296997
      vertex 19.4813289642 4.67923784256 64.7501602173
      vertex 22.2000160217 -0.720683991909 64.7501907349
    endloop
  endfacet
  facet normal 0 1 -5.15461260875e-06
    outer loop
      vertex 22.2000160217 -0.720683991909 64.7501907349
      vertex 19.4813289642 4.67923784256 64.7501602173
      vertex 21.9281005859 -0.720683991909 64.7501907349
    endloop
  endfacet
  facet normal 0 1 -5.15461260875e-06
    outer loop
      vertex 16.5281562805 -0.720683991909 64.7501907349
      vertex 21.9281005859 -0.720683991909 64.7501907349
      vertex 19.4813289642 4.67923784256 64.7501602173
    endloop
  endfacet
  facet normal 0 0.996902167797 0.0786517634988
    outer loop
      vertex 19.4813289642 4.67923784256 64.7501602173
      vertex 19.4720916748 5.05562019348 64.7798614502
      vertex -17.3999938965 4.67923784256 64.7501602173
    endloop
  endfacet
  facet normal 0 1 -5.15461260875e-06
    outer loop
      vertex 16.5281562805 -0.720683991909 64.7501907349
      vertex 19.4813289642 4.67923784256 64.7501602173
      vertex 12.839764595 -0.720683991909 64.7501907349
    endloop
  endfacet
  facet normal 0 1 -5.15461260875e-06
    outer loop
      vertex 12.839764595 -0.720683991909 64.7501907349
      vertex 19.4813289642 4.67923784256 64.7501602173
      vertex -17.3999938965 4.67923784256 64.7501602173
    endloop
  endfacet
  facet normal -0.998557329178 -7.34931672923e-05 0.0536961480975
    outer loop
      vertex -17.4220485687 5.00372171402 64.7722549438
      vertex -17.4138221741 4.93619966507 2.33630371094
      vertex -17.3999938965 4.67902183533 2.35018873215
    endloop
  endfacet
  facet normal -0.984599471092 5.9342753957e-05 0.174825400114
    outer loop
      vertex -17.455904007 5.19440317154 64.8061447144
      vertex -17.4138221741 4.93619966507 2.33630371094
      vertex -17.4220485687 5.00372171402 64.7722549438
    endloop
  endfacet
  facet normal -0.000187383251614 -0.998545110226 0.0539219044149
    outer loop
      vertex -17.4138221741 4.93619966507 2.33630371094
      vertex 19.2140617371 5.03028011322 2.3243496418
      vertex -17.3999938965 4.67902183533 2.35018873215
    endloop
  endfacet
  facet normal 4.32569468103e-05 0.984570205212 0.174989923835
    outer loop
      vertex -17.4220485687 5.00372171402 64.7722549438
      vertex 19.4720916748 5.05562019348 64.7798614502
      vertex -17.455904007 5.19440317154 64.8061447144
    endloop
  endfacet
  facet normal -0.987200975418 -5.83067048865e-06 0.159481316805
    outer loop
      vertex -17.455904007 5.19440317154 64.8061447144
      vertex -17.4544124603 5.18745756149 2.29566311836
      vertex -17.4138221741 4.93619966507 2.33630371094
    endloop
  endfacet
  facet normal 8.79202052602e-05 -0.987172186375 0.159659206867
    outer loop
      vertex -17.4138221741 4.93619966507 2.33630371094
      vertex -17.4544124603 5.18745756149 2.29566311836
      vertex 19.2140617371 5.03028011322 2.3243496418
    endloop
  endfacet
  facet normal -0.000188423669897 0.972167432308 0.234287232161
    outer loop
      vertex -17.455904007 5.19440317154 64.8061447144
      vertex 19.4720916748 5.05562019348 64.7798614502
      vertex 19.4438381195 5.42342567444 64.8684921265
    endloop
  endfacet
  facet normal -0.96727591753 5.11664620717e-06 0.253726780415
    outer loop
      vertex -17.5043029785 5.37891387939 64.8544158936
      vertex -17.4544124603 5.18745756149 2.29566311836
      vertex -17.455904007 5.19440317154 64.8061447144
    endloop
  endfacet
  facet normal -0.000370234396541 -0.964935839176 0.26248550415
    outer loop
      vertex 19.2140617371 5.03028011322 2.3243496418
      vertex -17.4544124603 5.18745756149 2.29566311836
      vertex -17.519859314 5.42816829681 2.23020911217
    endloop
  endfacet
  facet normal -0.96497130394 3.33617135766e-05 0.262355357409
    outer loop
      vertex -17.5043029785 5.37891387939 64.8544158936
      vertex -17.519859314 5.42816829681 2.23020911217
      vertex -17.4544124603 5.18745756149 2.29566311836
    endloop
  endfacet
  facet normal -6.37752236798e-05 0.967444121838 0.253084629774
    outer loop
      vertex -17.455904007 5.19440317154 64.8061447144
      vertex 19.4438381195 5.42342567444 64.8684921265
      vertex -17.5043029785 5.37891387939 64.8544158936
    endloop
  endfacet
  facet normal 0.000132305984152 -0.975800991058 0.218660503626
    outer loop
      vertex 19.2140617371 5.03028011322 2.3243496418
      vertex -17.519859314 5.42816829681 2.23020911217
      vertex 19.1804447174 5.37390565872 2.24734449387
    endloop
  endfacet
  facet normal -0.943036317825 -2.74054727925e-05 0.33268982172
    outer loop
      vertex -17.5735034943 5.57506370544 64.9237289429
      vertex -17.519859314 5.42816829681 2.23020911217
      vertex -17.5043029785 5.37891387939 64.8544158936
    endloop
  endfacet
  facet normal 4.20825599576e-05 0.942863464355 0.333179444075
    outer loop
      vertex -17.5043029785 5.37891387939 64.8544158936
      vertex 19.4438381195 5.42342567444 64.8684921265
      vertex -17.5735034943 5.57506370544 64.9237289429
    endloop
  endfacet
  facet normal -7.63577627367e-05 -0.937596321106 0.347725659609
    outer loop
      vertex -17.519859314 5.42816829681 2.23020911217
      vertex -17.5835762024 5.59958362579 2.16664147377
      vertex 19.1804447174 5.37390565872 2.24734449387
    endloop
  endfacet
  facet normal -0.937341749668 1.43037495945e-05 0.348411291838
    outer loop
      vertex -17.5735034943 5.57506370544 64.9237289429
      vertex -17.5835762024 5.59958362579 2.16664147377
      vertex -17.519859314 5.42816829681 2.23020911217
    endloop
  endfacet
  facet normal -0.000195936197997 0.92327183485 0.384147167206
    outer loop
      vertex -17.5735034943 5.57506370544 64.9237289429
      vertex 19.4438381195 5.42342567444 64.8684921265
      vertex 19.3944244385 5.77339076996 65.0140914917
    endloop
  endfacet
  facet normal -0.000570139789488 -0.908549070358 0.417777776718
    outer loop
      vertex 19.1804447174 5.37390565872 2.24734449387
      vertex -17.5835762024 5.59958362579 2.16664147377
      vertex -17.6581420898 5.76178598404 2.09210300446
    endloop
  endfacet
  facet normal -0.911333084106 -1.4586306861e-05 0.411669760942
    outer loop
      vertex -17.6570091248 5.75992107391 65.0072479248
      vertex -17.5835762024 5.59958362579 2.16664147377
      vertex -17.5735034943 5.57506370544 64.9237289429
    endloop
  endfacet
  facet normal -1.86777815543e-05 0.911303699017 0.411734849215
    outer loop
      vertex -17.5735034943 5.57506370544 64.9237289429
      vertex 19.3944244385 5.77339076996 65.0140914917
      vertex -17.6570091248 5.75992107391 65.0072479248
    endloop
  endfacet
  facet normal 0.946943819523 0.321399062872 7.72608836996e-06
    outer loop
      vertex 19.3944244385 5.77339076996 65.0140914917
      vertex 19.4438381195 5.42342567444 64.8684921265
      vertex 19.4239311218 49.0792160034 64.9281997681
    endloop
  endfacet
  facet normal 0.000157969770953 -0.933488368988 0.358607679605
    outer loop
      vertex 19.1804447174 5.37390565872 2.24734449387
      vertex -17.6581420898 5.76178598404 2.09210300446
      vertex 19.1229858398 5.70212173462 2.1212477684
    endloop
  endfacet
  facet normal -0.908590197563 3.97618669012e-06 0.417688697577
    outer loop
      vertex -17.6570091248 5.75992107391 65.0072479248
      vertex -17.6581420898 5.76178598404 2.09210300446
      vertex -17.5835762024 5.59958362579 2.16664147377
    endloop
  endfacet
  facet normal 3.35163531417e-05 0.851237297058 0.524780988693
    outer loop
      vertex -17.6570091248 5.75992107391 65.0072479248
      vertex 19.3944244385 5.77339076996 65.0140914917
      vertex 19.3213500977 6.09651327133 65.2132949829
    endloop
  endfacet
  facet normal 0.762628436089 0.64683675766 -0.000198209032533
    outer loop
      vertex 18.2057304382 7.07921457291 67.1501464844
      vertex 18.3350143433 49.079284668 66.9848480225
      vertex 17.8312950134 49.0792274475 67.578742981
    endloop
  endfacet
  facet normal 0.93884986639 0.344326794147 -4.32649248978e-05
    outer loop
      vertex 19.4239311218 49.0792160034 64.9281997681
      vertex 19.3213500977 6.09651327133 65.2132949829
      vertex 19.3944244385 5.77339076996 65.0140914917
    endloop
  endfacet
  facet normal 0.909972667694 -0.414668232203 6.72231499266e-06
    outer loop
      vertex 19.1804447174 5.37390565872 2.24734449387
      vertex 19.1229858398 5.70212173462 2.1212477684
      vertex 19.1360378265 49.0790100098 2.14918732643
    endloop
  endfacet
  facet normal -0.000152952474309 -0.858112573624 0.513461589813
    outer loop
      vertex 19.1229858398 5.70212173462 2.1212477684
      vertex -17.6581420898 5.76178598404 2.09210300446
      vertex -17.8327236176 6.05381298065 1.9173964262
    endloop
  endfacet
  facet normal -0.85559117794 5.89659983063e-08 0.517652153969
    outer loop
      vertex -17.8480434418 6.07566738129 65.1982269287
      vertex -17.6581420898 5.76178598404 2.09210300446
      vertex -17.6570091248 5.75992107391 65.0072479248
    endloop
  endfacet
  facet normal -5.67243187106e-05 0.85564404726 0.517564713955
    outer loop
      vertex -17.6570091248 5.75992107391 65.0072479248
      vertex 19.3213500977 6.09651327133 65.2132949829
      vertex -17.8480434418 6.07566738129 65.1982269287
    endloop
  endfacet
  facet normal 0 0.0742502734065 0.997239649296
    outer loop
      vertex -19.4441947937 7.05271816254 66.7942810059
      vertex 18.2057304382 7.07921457291 67.1501464844
      vertex -18.9582977295 7.07921457291 67.1501464844
    endloop
  endfacet
  facet normal 0.798581540585 0.601886630058 8.93710021046e-05
    outer loop
      vertex 18.2057304382 7.07921457291 67.1501464844
      vertex 18.4899864197 7.04942512512 66.7729949951
      vertex 18.3350143433 49.079284668 66.9848480225
    endloop
  endfacet
  facet normal 0.92679142952 0.375576347113 -0.000279318512185
    outer loop
      vertex 19.4239311218 49.0792160034 64.9281997681
      vertex 19.2211513519 6.38345479965 65.4603347778
      vertex 19.3213500977 6.09651327133 65.2132949829
    endloop
  endfacet
  facet normal 0.883746504784 -0.467965900898 -3.54986987077e-05
    outer loop
      vertex 19.1360378265 49.0790100098 2.14918732643
      vertex 19.1229858398 5.70212173462 2.1212477684
      vertex 18.7716178894 49.0790328979 1.46098554134
    endloop
  endfacet
  facet normal 4.5224216592e-05 -0.867223918438 0.497918367386
    outer loop
      vertex 19.1229858398 5.70212173462 2.1212477684
      vertex -17.8327236176 6.05381298065 1.9173964262
      vertex 19.0291099548 6.0384888649 1.92811703682
    endloop
  endfacet
  facet normal -0.85830694437 -3.05734756694e-05 0.513136565685
    outer loop
      vertex -17.8480434418 6.07566738129 65.1982269287
      vertex -17.8327236176 6.05381298065 1.9173964262
      vertex -17.6581420898 5.76178598404 2.09210300446
    endloop
  endfacet
  facet normal 5.85787856835e-05 0.75784265995 0.652437329292
    outer loop
      vertex -17.8480434418 6.07566738129 65.1982269287
      vertex 19.3213500977 6.09651327133 65.2132949829
      vertex 19.2211513519 6.38345479965 65.4603347778
    endloop
  endfacet
  facet normal -4.23684250563e-05 0.0787073075771 0.996897757053
    outer loop
      vertex -19.4441947937 7.05271816254 66.7942810059
      vertex 18.4899864197 7.04942512512 66.7729949951
      vertex 18.2057304382 7.07921457291 67.1501464844
    endloop
  endfacet
  facet normal 0.828070044518 0.560624599457 -0.000227345328312
    outer loop
      vertex 18.3350143433 49.079284668 66.9848480225
      vertex 18.4899864197 7.04942512512 66.7729949951
      vertex 18.7716178894 49.0792694092 66.3399658203
    endloop
  endfacet
  facet normal 0.929151892662 0.369698137045 -0.000194844222278
    outer loop
      vertex 19.1360378265 49.0792655945 65.6517486572
      vertex 19.2211513519 6.38345479965 65.4603347778
      vertex 19.4239311218 49.0792160034 64.9281997681
    endloop
  endfacet
  facet normal 0.899821817875 -0.436257123947 -0.000648369896226
    outer loop
      vertex 18.7716178894 49.0790328979 1.46098554134
      vertex 19.1229858398 5.70212173462 2.1212477684
      vertex 19.0291099548 6.0384888649 1.92811703682
    endloop
  endfacet
  facet normal -3.41071208823e-05 -0.77899736166 0.627027213573
    outer loop
      vertex 19.0291099548 6.0384888649 1.92811703682
      vertex -17.8327236176 6.05381298065 1.9173964262
      vertex -18.0364532471 6.30694627762 1.71365427971
    endloop
  endfacet
  facet normal -0.768374323845 3.50115551555e-05 0.640000700951
    outer loop
      vertex -18.0728111267 6.34553337097 65.4229202271
      vertex -17.8327236176 6.05381298065 1.9173964262
      vertex -17.8480434418 6.07566738129 65.1982269287
    endloop
  endfacet
  facet normal -0.000120369375509 0.768445789814 0.639914870262
    outer loop
      vertex -17.8480434418 6.07566738129 65.1982269287
      vertex 19.2211513519 6.38345479965 65.4603347778
      vertex -18.0728111267 6.34553337097 65.4229202271
    endloop
  endfacet
  facet normal 5.0536596973e-05 0.240202099085 0.970722913742
    outer loop
      vertex -19.0086040497 6.94496679306 66.3587341309
      vertex 18.4899864197 7.04942512512 66.7729949951
      vertex -19.4441947937 7.05271816254 66.7942810059
    endloop
  endfacet
  facet normal -0.236102178693 -1.74357373908e-05 0.971728205681
    outer loop
      vertex -19.0421028137 6.95620775223 0.708047091961
      vertex -19.4441947937 7.05271816254 66.7942810059
      vertex -19.4289360046 7.05019187927 0.994766056538
    endloop
  endfacet
  facet normal 0.834551036358 0.55093061924 -8.40420980239e-05
    outer loop
      vertex 18.7716178894 49.0792694092 66.3399658203
      vertex 18.4899864197 7.04942512512 66.7729949951
      vertex 18.7211914062 6.96636295319 66.4227752686
    endloop
  endfacet
  facet normal 0.883750081062 0.467959076166 -0.00023942750704
    outer loop
      vertex 18.7716178894 49.0792694092 66.3399658203
      vertex 18.9227142334 6.82553291321 66.0762329102
      vertex 19.1360378265 49.0792655945 65.6517486572
    endloop
  endfacet
  facet normal 0.910809159279 0.41282761097 3.50774680555e-05
    outer loop
      vertex 19.1360378265 49.0792655945 65.6517486572
      vertex 19.0913963318 6.62603902817 65.746635437
      vertex 19.2211513519 6.38345479965 65.4603347778
    endloop
  endfacet
  facet normal -2.61890490947e-05 -0.247598752379 0.968862652779
    outer loop
      vertex 18.2622356415 6.951649189 0.721938669682
      vertex -19.0421028137 6.95620775223 0.708047091961
      vertex -18.5171642303 7.04072809219 0.37725970149
    endloop
  endfacet
  facet normal 0.884581267834 -0.466386020184 -0.000230195524637
    outer loop
      vertex 18.7716178894 49.0790328979 1.46098554134
      vertex 19.0291099548 6.0384888649 1.92811703682
      vertex 18.9014358521 6.3362903595 1.68611097336
    endloop
  endfacet
  facet normal -7.76483211666e-05 -0.776043593884 0.630679249763
    outer loop
      vertex 19.0291099548 6.0384888649 1.92811703682
      vertex -18.0364532471 6.30694627762 1.71365427971
      vertex 18.9014358521 6.3362903595 1.68611097336
    endloop
  endfacet
  facet normal -0.779002964497 -6.47985143587e-05 0.62702023983
    outer loop
      vertex -18.0728111267 6.34553337097 65.4229202271
      vertex -18.0364532471 6.30694627762 1.71365427971
      vertex -17.8327236176 6.05381298065 1.9173964262
    endloop
  endfacet
  facet normal 0.000127071936731 0.646492302418 0.762920498848
    outer loop
      vertex -18.0728111267 6.34553337097 65.4229202271
      vertex 19.2211513519 6.38345479965 65.4603347778
      vertex 19.0913963318 6.62603902817 65.746635437
    endloop
  endfacet
  facet normal 0.000159896007972 0.230872988701 0.972983896732
    outer loop
      vertex -19.0086040497 6.94496679306 66.3587341309
      vertex 18.7211914062 6.96636295319 66.4227752686
      vertex 18.4899864197 7.04942512512 66.7729949951
    endloop
  endfacet
  facet normal -0.240172252059 -4.36567461293e-05 0.970730304718
    outer loop
      vertex -19.0421028137 6.95620775223 0.708047091961
      vertex -19.0086040497 6.94496679306 66.3587341309
      vertex -19.4441947937 7.05271816254 66.7942810059
    endloop
  endfacet
  facet normal 0.864448845387 0.502720713615 4.65598095616e-05
    outer loop
      vertex 18.7716178894 49.0792694092 66.3399658203
      vertex 18.7211914062 6.96636295319 66.4227752686
      vertex 18.9227142334 6.82553291321 66.0762329102
    endloop
  endfacet
  facet normal 0.890214323997 0.455541968346 -8.20486529847e-05
    outer loop
      vertex 19.1360378265 49.0792655945 65.6517486572
      vertex 18.9227142334 6.82553291321 66.0762329102
      vertex 19.0913963318 6.62603902817 65.746635437
    endloop
  endfacet
  facet normal 3.51228227373e-05 -0.395682275295 0.91838747263
    outer loop
      vertex 18.5194892883 6.80143928528 1.07060229778
      vertex -19.0421028137 6.95620775223 0.708047091961
      vertex 18.2622356415 6.951649189 0.721938669682
    endloop
  endfacet
  facet normal 0.828065752983 -0.560630977154 -7.44308490539e-05
    outer loop
      vertex 18.7379989624 6.58722925186 1.40568685532
      vertex 18.3350143433 49.0791320801 0.816111385822
      vertex 18.7716178894 49.0790328979 1.46098554134
    endloop
  endfacet
  facet normal 0.863959491253 -0.503561317921 2.82386408799e-05
    outer loop
      vertex 18.7379989624 6.58722925186 1.40568685532
      vertex 18.7716178894 49.0790328979 1.46098554134
      vertex 18.9014358521 6.3362903595 1.68611097336
    endloop
  endfacet
  facet normal 6.15224053035e-05 -0.68931633234 0.724460482597
    outer loop
      vertex 18.9014358521 6.3362903595 1.68611097336
      vertex -18.0364532471 6.30694627762 1.71365427971
      vertex -18.2619972229 6.52156972885 1.48806846142
    endloop
  endfacet
  facet normal -0.669599294662 6.77153002471e-05 0.742722570896
    outer loop
      vertex -18.3216609955 6.56990528107 65.6718597412
      vertex -18.0364532471 6.30694627762 1.71365427971
      vertex -18.0728111267 6.34553337097 65.4229202271
    endloop
  endfacet
  facet normal -0.000223199633183 0.669376909733 0.742922961712
    outer loop
      vertex -18.0728111267 6.34553337097 65.4229202271
      vertex 19.0913963318 6.62603902817 65.746635437
      vertex -18.3216609955 6.56990528107 65.6718597412
    endloop
  endfacet
  facet normal -0.000108976244519 0.374052613974 0.927407443523
    outer loop
      vertex -18.7956962585 6.85905885696 66.1457977295
      vertex 18.7211914062 6.96636295319 66.4227752686
      vertex -19.0086040497 6.94496679306 66.3587341309
    endloop
  endfacet
  facet normal -0.40385723114 4.94403211633e-05 0.914822041988
    outer loop
      vertex -18.628326416 6.77356386185 1.12185633183
      vertex -19.0086040497 6.94496679306 66.3587341309
      vertex -19.0421028137 6.95620775223 0.708047091961
    endloop
  endfacet
  facet normal -0.000129201638629 0.376420795918 0.926448822021
    outer loop
      vertex -18.7956962585 6.85905885696 66.1457977295
      vertex 18.9227142334 6.82553291321 66.0762329102
      vertex 18.7211914062 6.96636295319 66.4227752686
    endloop
  endfacet
  facet normal -0.000198267880478 0.517728388309 0.855544984341
    outer loop
      vertex -18.5879154205 6.75061559677 65.9380645752
      vertex 19.0913963318 6.62603902817 65.746635437
      vertex 18.9227142334 6.82553291321 66.0762329102
    endloop
  endfacet
  facet normal 0.000129185267724 -0.403897702694 0.914804160595
    outer loop
      vertex 18.5194892883 6.80143928528 1.07060229778
      vertex -18.628326416 6.77356386185 1.12185633183
      vertex -19.0421028137 6.95620775223 0.708047091961
    endloop
  endfacet
  facet normal 0.837745726109 -0.54606038332 -0.000368400855223
    outer loop
      vertex 18.5194892883 6.80143928528 1.07060229778
      vertex 18.3350143433 49.0791320801 0.816111385822
      vertex 18.7379989624 6.58722925186 1.40568685532
    endloop
  endfacet
  facet normal -0.000162133525009 -0.666791081429 0.745244681835
    outer loop
      vertex 18.9014358521 6.3362903595 1.68611097336
      vertex -18.2619972229 6.52156972885 1.48806846142
      vertex 18.7379989624 6.58722925186 1.40568685532
    endloop
  endfacet
  facet normal -0.689302742481 -9.51777255978e-05 0.724473416805
    outer loop
      vertex -18.3216609955 6.56990528107 65.6718597412
      vertex -18.2619972229 6.52156972885 1.48806846142
      vertex -18.0364532471 6.30694627762 1.71365427971
    endloop
  endfacet
  facet normal 0.000118585827295 0.561727762222 0.827322125435
    outer loop
      vertex -18.3216609955 6.56990528107 65.6718597412
      vertex 19.0913963318 6.62603902817 65.746635437
      vertex -18.5879154205 6.75061559677 65.9380645752
    endloop
  endfacet
  facet normal -0.373964220285 0.000256852217717 0.927443087101
    outer loop
      vertex -18.628326416 6.77356386185 1.12185633183
      vertex -18.7956962585 6.85905885696 66.1457977295
      vertex -19.0086040497 6.94496679306 66.3587341309
    endloop
  endfacet
  facet normal 6.57044220134e-05 0.462821245193 0.886451661587
    outer loop
      vertex -18.5879154205 6.75061559677 65.9380645752
      vertex 18.9227142334 6.82553291321 66.0762329102
      vertex -18.7956962585 6.85905885696 66.1457977295
    endloop
  endfacet
  facet normal -0.000110816050437 -0.538566946983 0.842582762241
    outer loop
      vertex 18.7379989624 6.58722925186 1.40568685532
      vertex -18.628326416 6.77356386185 1.12185633183
      vertex 18.5194892883 6.80143928528 1.07060229778
    endloop
  endfacet
  facet normal 6.88356012688e-05 -0.604182898998 0.796845674515
    outer loop
      vertex -18.2619972229 6.52156972885 1.48806846142
      vertex -18.4418239594 6.65780878067 1.30836462975
      vertex 18.7379989624 6.58722925186 1.40568685532
    endloop
  endfacet
  facet normal -0.561512351036 0.000101178062323 0.827468335629
    outer loop
      vertex -18.5879154205 6.75061559677 65.9380645752
      vertex -18.2619972229 6.52156972885 1.48806846142
      vertex -18.3216609955 6.56990528107 65.6718597412
    endloop
  endfacet
  facet normal -0.462707072496 -2.53861526289e-05 0.886511206627
    outer loop
      vertex -18.5879154205 6.75061559677 65.9380645752
      vertex -18.7956962585 6.85905885696 66.1457977295
      vertex -18.628326416 6.77356386185 1.12185633183
    endloop
  endfacet
  facet normal -0.00023321781191 -0.527166068554 0.849762260914
    outer loop
      vertex 18.7379989624 6.58722925186 1.40568685532
      vertex -18.4418239594 6.65780878067 1.30836462975
      vertex -18.628326416 6.77356386185 1.12185633183
    endloop
  endfacet
  facet normal -0.603734433651 -0.000219956593355 0.797185480595
    outer loop
      vertex -18.5879154205 6.75061559677 65.9380645752
      vertex -18.4418239594 6.65780878067 1.30836462975
      vertex -18.2619972229 6.52156972885 1.48806846142
    endloop
  endfacet
  facet normal -0.527367770672 2.79837458947e-05 0.849637150764
    outer loop
      vertex -18.628326416 6.77356386185 1.12185633183
      vertex -18.4418239594 6.65780878067 1.30836462975
      vertex -18.5879154205 6.75061559677 65.9380645752
    endloop
  endfacet
  facet normal 0.0987302586436 -0.0128622977063 -0.995031118393
    outer loop
      vertex 20.8773880005 8.29103660583 3.73882436752
      vertex 20.6604270935 8.31414222717 3.86083364487
      vertex 20.9692974091 8.29112911224 4.45143890381
    endloop
  endfacet
  facet normal 0.0979099571705 -0.0212756954134 -0.99496781826
    outer loop
      vertex 20.7246818542 8.29104995728 3.03667545319
      vertex 20.5291786194 8.31415081024 3.21728277206
      vertex 20.8773880005 8.29103660583 3.73882436752
    endloop
  endfacet
  facet normal -0.000143708195537 -0.000110662636871 -1
    outer loop
      vertex 22.2000160217 8.29107379913 2.35015869141
      vertex 20.8773880005 8.29103660583 3.73882436752
      vertex 20.9692974091 8.29112911224 4.45143890381
    endloop
  endfacet
  facet normal 0.273891746998 -0.0961604714394 -0.956941187382
    outer loop
      vertex 20.3466110229 8.31412029266 2.58622741699
      vertex 20.2636985779 8.3141336441 2.35019731522
      vertex 20.1330451965 8.38239860535 2.65740251541
    endloop
  endfacet
  facet normal 0.444021731615 -0.158423379064 -0.881899535656
    outer loop
      vertex 20.1330451965 8.38239860535 2.65740251541
      vertex 20.0232543945 8.38248825073 2.35018873215
      vertex 19.9362335205 8.49329948425 2.72314548492
    endloop
  endfacet
  facet normal 0.27216681838 -0.0969849303365 -0.957350075245
    outer loop
      vertex 20.1330451965 8.38239860535 2.65740251541
      vertex 20.2636985779 8.3141336441 2.35019731522
      vertex 20.0232543945 8.38248825073 2.35018873215
    endloop
  endfacet
  facet normal 0.0959456115961 -0.0295714009553 -0.994947195053
    outer loop
      vertex 20.7246818542 8.29104995728 3.03667545319
      vertex 20.512845993 8.29107379913 2.35015869141
      vertex 20.3466110229 8.31412029266 2.58622741699
    endloop
  endfacet
  facet normal -6.76555328027e-06 1.97676563403e-05 -1
    outer loop
      vertex 22.2000160217 8.29107379913 2.35015869141
      vertex 20.7246818542 8.29104995728 3.03667545319
      vertex 20.8773880005 8.29103660583 3.73882436752
    endloop
  endfacet
  facet normal 0.0921074599028 -0.0323012955487 -0.995225012302
    outer loop
      vertex 20.3466110229 8.31412029266 2.58622741699
      vertex 20.512845993 8.29107379913 2.35015869141
      vertex 20.2636985779 8.3141336441 2.35019731522
    endloop
  endfacet
  facet normal 0.596472978592 -0.21608927846 -0.772997677326
    outer loop
      vertex 19.9362335205 8.49329948425 2.72314548492
      vertex 19.8005142212 8.49374675751 2.35012030602
      vertex 19.7636737823 8.64251232147 2.78059363365
    endloop
  endfacet
  facet normal 0.441177606583 -0.159455567598 -0.883139967918
    outer loop
      vertex 19.9362335205 8.49329948425 2.72314548492
      vertex 20.0232543945 8.38248825073 2.35018873215
      vertex 19.8005142212 8.49374675751 2.35012030602
    endloop
  endfacet
  facet normal 3.35631229973e-05 -1 7.23347011444e-06
    outer loop
      vertex 19.2250900269 4.67902183533 2.35018873215
      vertex 20.0232543945 8.38248825073 2.35018873215
      vertex 20.2636985779 8.3141336441 2.35019731522
    endloop
  endfacet
  facet normal 0 3.43069223163e-05 -1
    outer loop
      vertex 22.2000160217 8.29107379913 2.35015869141
      vertex 20.512845993 8.29107379913 2.35015869141
      vertex 20.7246818542 8.29104995728 3.03667545319
    endloop
  endfacet
  facet normal -0.000150489373482 -1 -4.53532047686e-05
    outer loop
      vertex 19.2250900269 4.67902183533 2.35018873215
      vertex 20.2636985779 8.3141336441 2.35019731522
      vertex 20.512845993 8.29107379913 2.35015869141
    endloop
  endfacet
  facet normal 0.725735962391 -0.267201125622 -0.63396435976
    outer loop
      vertex 19.7636737823 8.64251232147 2.78059363365
      vertex 19.6038169861 8.64410495758 2.35018873215
      vertex 19.6222343445 8.82434368134 2.8278503418
    endloop
  endfacet
  facet normal 0.592744529247 -0.217282474041 -0.775527060032
    outer loop
      vertex 19.7636737823 8.64251232147 2.78059363365
      vertex 19.8005142212 8.49374675751 2.35012030602
      vertex 19.6038169861 8.64410495758 2.35018873215
    endloop
  endfacet
  facet normal 0.000277707906207 -0.999999940395 5.98511578573e-05
    outer loop
      vertex 19.2250900269 4.67902183533 2.35018873215
      vertex 19.8005142212 8.49374675751 2.35012030602
      vertex 20.0232543945 8.38248825073 2.35018873215
    endloop
  endfacet
  facet normal 0 -1 8.29877990327e-06
    outer loop
      vertex 19.2250900269 4.67902183533 2.35018873215
      vertex 20.512845993 8.29107379913 2.35015869141
      vertex 22.2000160217 8.29107379913 2.35015869141
    endloop
  endfacet
  facet normal 0.708088099957 -0.273026168346 -0.651205003262
    outer loop
      vertex 19.6222343445 8.82434368134 2.8278503418
      vertex 19.6038169861 8.64410495758 2.35018873215
      vertex 19.4722709656 8.78714847565 2.35020589828
    endloop
  endfacet
  facet normal -0.000324627617374 -0.999999940395 -3.1006977224e-05
    outer loop
      vertex 19.2250900269 4.67902183533 2.35018873215
      vertex 19.6038169861 8.64410495758 2.35018873215
      vertex 19.8005142212 8.49374675751 2.35012030602
    endloop
  endfacet
  facet normal 1.52402128606e-06 -1 9.55398081715e-06
    outer loop
      vertex 19.2250900269 4.67902183533 2.35018873215
      vertex 22.2000160217 8.29107379913 2.35015869141
      vertex 21.9023513794 -0.720696866512 2.35024452209
    endloop
  endfacet
  facet normal 0 -1 9.5036411949e-06
    outer loop
      vertex 21.9023513794 -0.720696866512 2.35024452209
      vertex 22.2000160217 8.29107379913 2.35015869141
      vertex 22.2000160217 -0.720696866512 2.35024452209
    endloop
  endfacet
  facet normal -0.000117960691568 -1 -1.12670768431e-05
    outer loop
      vertex 19.2250900269 4.67902183533 2.35018873215
      vertex 19.4722709656 8.78714847565 2.35020589828
      vertex 19.6038169861 8.64410495758 2.35018873215
    endloop
  endfacet
  facet normal 1.13926148515e-06 -1 3.92975789509e-06
    outer loop
      vertex -13.4729423523 -0.720662593842 2.35021448135
      vertex -17.3999938965 4.67902183533 2.35018873215
      vertex 12.8383903503 -0.720696866512 2.35024452209
    endloop
  endfacet
  facet normal 0 -1 1.03096135717e-05
    outer loop
      vertex 21.9023513794 -0.720696866512 2.35024452209
      vertex 16.5026473999 -0.720696866512 2.35024452209
      vertex 19.2250900269 4.67902183533 2.35018873215
    endloop
  endfacet
  facet normal 0.929156780243 -0.36968588829 -0.000213911116589
    outer loop
      vertex 19.2250900269 9.49110412598 2.35009884834
      vertex 19.1360378265 49.0790100098 2.14918732643
      vertex 19.4239311218 49.0790786743 2.87276649475
    endloop
  endfacet
  facet normal 0.000337761623086 -0.999999940395 1.61531952472e-05
    outer loop
      vertex 19.2250900269 4.67902183533 2.35018873215
      vertex 19.3658752441 8.94832324982 2.35016727448
      vertex 19.4722709656 8.78714847565 2.35020589828
    endloop
  endfacet
  facet normal 0 -1 1.03096135717e-05
    outer loop
      vertex -17.3999938965 4.67902183533 2.35018873215
      vertex 19.2250900269 4.67902183533 2.35018873215
      vertex 12.8383903503 -0.720696866512 2.35024452209
    endloop
  endfacet
  facet normal 0 -1 1.03096135717e-05
    outer loop
      vertex 12.8383903503 -0.720696866512 2.35024452209
      vertex 19.2250900269 4.67902183533 2.35018873215
      vertex 16.5026473999 -0.720696866512 2.35024452209
    endloop
  endfacet
  facet normal 0.91667586565 -0.399631530046 -3.38594290952e-05
    outer loop
      vertex 19.2250900269 9.49110412598 2.35009884834
      vertex 19.1804447174 5.37390565872 2.24734449387
      vertex 19.1360378265 49.0790100098 2.14918732643
    endloop
  endfacet
  facet normal 0.000270156771876 -0.999999940395 1.39238518386e-05
    outer loop
      vertex 19.2250900269 4.67902183533 2.35018873215
      vertex 19.2877349854 9.12372112274 2.35014367104
      vertex 19.3658752441 8.94832324982 2.35016727448
    endloop
  endfacet
  facet normal 0 -0.997305333614 0.073362916708
    outer loop
      vertex -17.3999938965 4.67902183533 2.35018873215
      vertex 19.2140617371 5.03028011322 2.3243496418
      vertex 19.2250900269 4.67902183533 2.35018873215
    endloop
  endfacet
  facet normal 0.916550934315 -0.399917989969 -4.23632191087e-05
    outer loop
      vertex 19.2250900269 9.49110412598 2.35009884834
      vertex 19.2140617371 5.03028011322 2.3243496418
      vertex 19.1804447174 5.37390565872 2.24734449387
    endloop
  endfacet
  facet normal 0.000560057756957 -0.999999821186 1.80097922566e-05
    outer loop
      vertex 19.2250900269 4.67902183533 2.35018873215
      vertex 19.2401695251 9.3089838028 2.35011386871
      vertex 19.2877349854 9.12372112274 2.35014367104
    endloop
  endfacet
  facet normal 0.919687509537 -0.39265114069 7.33775550543e-06
    outer loop
      vertex 19.2250900269 9.49110412598 2.35009884834
      vertex 19.2250900269 4.67902183533 2.35018873215
      vertex 19.2140617371 5.03028011322 2.3243496418
    endloop
  endfacet
  facet normal 0.935851335526 -0.343776136637 -0.0774614587426
    outer loop
      vertex 19.2250900269 9.49110412598 2.35009884834
      vertex 19.4747123718 9.49108791351 3.02963328362
      vertex 19.2401695251 9.3089838028 2.35011386871
    endloop
  endfacet
  facet normal 0.00076820096001 -0.999999701977 1.86877168744e-05
    outer loop
      vertex 19.2250900269 4.67902183533 2.35018873215
      vertex 19.2250900269 9.49110412598 2.35009884834
      vertex 19.2401695251 9.3089838028 2.35011386871
    endloop
  endfacet
  facet normal -1.13921362299e-06 1 1.22502513022e-06
    outer loop
      vertex -13.4728221893 -0.720654010773 64.7501602173
      vertex 12.839764595 -0.720683991909 64.7501907349
      vertex -17.3999938965 4.67923784256 64.7501602173
    endloop
  endfacet
  facet normal -0.000110041211883 0.997689843178 0.0679337829351
    outer loop
      vertex -17.3999938965 4.67923784256 64.7501602173
      vertex 19.4720916748 5.05562019348 64.7798614502
      vertex -17.4220485687 5.00372171402 64.7722549438
    endloop
  endfacet
  facet normal 5.45205580238e-07 1 0
    outer loop
      vertex -13.4728221893 -0.720654010773 64.7501602173
      vertex -17.3999938965 4.67923784256 64.7501602173
      vertex -17.3999938965 -0.720621943474 64.7501602173
    endloop
  endfacet
  facet normal -0.997698128223 2.35007448168e-07 0.0678116753697
    outer loop
      vertex -17.4220485687 5.00372171402 64.7722549438
      vertex -17.3999938965 4.67902183533 2.35018873215
      vertex -17.3999938965 4.67923784256 64.7501602173
    endloop
  endfacet
  facet normal -2.18094078264e-06 -1 6.34445541436e-06
    outer loop
      vertex -13.4729423523 -0.720662593842 2.35021448135
      vertex -17.3999938965 -0.720630466938 2.35022306442
      vertex -17.3999938965 4.67902183533 2.35018873215
    endloop
  endfacet
  facet normal -1 0 0
    outer loop
      vertex -17.3999938965 -0.720641195774 57.4568710327
      vertex -17.3999938965 -0.720621943474 64.7501602173
      vertex -17.3999938965 4.67923784256 64.7501602173
    endloop
  endfacet
  facet normal -1 0 0
    outer loop
      vertex -17.3999938965 4.67923784256 64.7501602173
      vertex -17.3999938965 4.67902183533 2.35018873215
      vertex -17.3999938965 -0.720641195774 57.4568710327
    endloop
  endfacet
  facet normal -1 0 0
    outer loop
      vertex -17.3999938965 -0.720641195774 57.4568710327
      vertex -17.3999938965 4.67902183533 2.35018873215
      vertex -17.3999938965 -0.720630466938 2.35022306442
    endloop
  endfacet
  facet normal 0 4.9469113037e-06 1
    outer loop
      vertex 22.2000160217 -0.720703303814 60.8548240662
      vertex 22.2000160217 -0.720683991909 64.7501907349
      vertex 21.9281005859 -0.720683991909 64.7501907349
    endloop
  endfacet
  facet normal -8.17833370093e-06 -1.94270185716e-07 1
    outer loop
      vertex -17.3999938965 -0.720641195774 57.4568710327
      vertex -17.3999938965 -0.720630466938 2.35022306442
      vertex -13.4729423523 -0.720662593842 2.35021448135
    endloop
  endfacet
  facet normal 0 -1.09792217984e-07 1
    outer loop
      vertex 22.2000160217 -0.720696866512 2.35024452209
      vertex 22.2000160217 -0.720703303814 60.8548240662
      vertex 21.9023513794 -0.720696866512 2.35024452209
    endloop
  endfacet
  facet normal -6.75193587085e-05 2.33738262523e-07 1
    outer loop
      vertex 21.9023513794 -0.720696866512 2.35024452209
      vertex 22.2000160217 -0.720703303814 60.8548240662
      vertex 21.9281005859 -0.720683991909 64.7501907349
    endloop
  endfacet
  facet normal 0 2.05876702353e-07 1
    outer loop
      vertex 21.9023513794 -0.720696866512 2.35024452209
      vertex 21.9281005859 -0.720683991909 64.7501907349
      vertex 16.5026473999 -0.720696866512 2.35024452209
    endloop
  endfacet
  facet normal 3.0702991497e-22 2.05876702353e-07 1
    outer loop
      vertex 16.5026473999 -0.720696866512 2.35024452209
      vertex 21.9281005859 -0.720683991909 64.7501907349
      vertex 16.5281562805 -0.720683991909 64.7501907349
    endloop
  endfacet
  facet normal 0 2.05876702353e-07 1
    outer loop
      vertex 16.5026473999 -0.720696866512 2.35024452209
      vertex 16.5281562805 -0.720683991909 64.7501907349
      vertex 12.8383903503 -0.720696866512 2.35024452209
    endloop
  endfacet
  facet normal 0 2.05876702353e-07 1
    outer loop
      vertex 12.8383903503 -0.720696866512 2.35024452209
      vertex 16.5281562805 -0.720683991909 64.7501907349
      vertex 12.839764595 -0.720683991909 64.7501907349
    endloop
  endfacet
  facet normal -1.30201920001e-06 2.05905351436e-07 1
    outer loop
      vertex 12.8383903503 -0.720696866512 2.35024452209
      vertex 12.839764595 -0.720683991909 64.7501907349
      vertex -13.4729423523 -0.720662593842 2.35021448135
    endloop
  endfacet
  facet normal -1.13921237244e-06 1.37253323373e-07 1
    outer loop
      vertex -13.4729423523 -0.720662593842 2.35021448135
      vertex 12.839764595 -0.720683991909 64.7501907349
      vertex -13.4728221893 -0.720654010773 64.7501602173
    endloop
  endfacet
  facet normal -3.5261400626e-06 1.37257899269e-07 1
    outer loop
      vertex -13.4729423523 -0.720662593842 2.35021448135
      vertex -13.4728221893 -0.720654010773 64.7501602173
      vertex -17.3999938965 -0.720641195774 57.4568710327
    endloop
  endfacet
  facet normal -8.17808268039e-06 2.64215987045e-06 1
    outer loop
      vertex -17.3999938965 -0.720641195774 57.4568710327
      vertex -13.4728221893 -0.720654010773 64.7501602173
      vertex -17.3999938965 -0.720621943474 64.7501602173
    endloop
  endfacet
endsolid "90reorientadoBH_Faca_Zona_de_Trabalho_Escala_1.2"
